Timestamp,Cur_CF1_X,Cur_CF1_Y,Cur_CF1_Z,Cur_CF2_X,Cur_CF2_Y,Cur_CF2_Z,Cur_Cluster_X,Cur_Cluster_Y,Cur_Cluster_Z,Cur_Alpha,Cur_Beta,Cur_Phi1,Cur_Phi2,Cur_P,Des_Cluster_X,Des_Cluster_Y,Des_Cluster_Z,Des_Alpha,Des_Beta,Des_Phi1,Des_Phi2,Des_P,Des_CF1_X,Des_CF1_Y,Des_CF1_Z,Safe_CF1_X,Safe_CF1_Y,Safe_CF1_Z,Des_CF2_X,Des_CF2_Y,Des_CF2_Z,Safe_CF2_X,Safe_CF2_Y,Safe_CF2_Z
2025-05-07 17:16:06.212583,0.983148455619812,0.7459632158279419,0.9943041205406189,1.0391528606414795,0.7351930737495422,2.0251317024230957,1.0111989974975586,0.7405366897583008,1.5097088515758514,-0.05437066062800693,0.010512723770722833,0,0,1.0323920124803758,1.0,1.0,1.5,0.0,0.0,0.0,0.0,1.0,0.8454090857551834,0.43489660897563764,1.5534332127744714,0.0,3.0,0.0,2.11187196731107,1.5158278020351046,1.5882053522890054,3.0,0.0,3.0
2025-05-07 17:16:06.315361,0.983324408531189,0.7462295889854431,0.9941800236701965,1.039152979850769,0.735191285610199,2.0251359939575195,1.011238694190979,0.740710437297821,1.509658008813858,-0.054099396068064826,0.010690790453648466,0,0,1.032525489364822,1.0,1.0,1.5,0.0,0.0,0.0,0.0,1.0,0.8459076424888561,0.4327648217252348,1.552732112010625,0.0,3.0,0.0,2.1115971187301685,1.5177849238344576,1.5881419638789624,3.0,0.0,3.0
2025-05-07 17:16:06.416276,0.9831289052963257,0.7458449006080627,0.9943122267723083,1.03919517993927,0.7351788878440857,2.0251448154449463,1.0111721456050873,0.7405610382556915,1.509709745645523,-0.05431425646124372,0.010426180068325342,0,0,1.0324486799361685,1.0,1.0,1.5,0.0,0.0,0.0,0.0,1.0,0.8454443055933036,0.4340630187390163,1.5535126545996485,0.4327574487433391,1.55266586530627,0.845930800993766,2.111832813566395,1.5167795405985998,1.588018777075309,1.5177018169655843,1.5880875707822923,2.1116026777431114
2025-05-07 17:16:06.520715,0.9832712411880493,0.7460947036743164,0.9942341446876526,1.0391753911972046,0.7351723909378052,2.025123119354248,1.011223316192627,0.7406335473060608,1.5096786320209503,-0.05417600444669695,0.010579103418676128,0,0,1.0324614515772028,1.0,1.0,1.5,0.0,0.0,0.0,0.0,1.0,0.8457906484084886,0.4337949115288994,1.5530977975026747,0.4327599701931404,1.5526432378312631,0.8458901790277968,2.11162337069933,1.516822497223542,1.588114594350658,1.5176484169910027,1.588210512874456,2.111651692043065
2025-05-07 17:16:06.623665,0.9832298755645752,0.7460553050041199,0.9942312240600586,1.039197564125061,0.7351683378219604,2.0251288414001465,1.011220097541809,0.7406072020530701,1.509680986404419,-0.05424924097114126,0.010553668875733968,0,0,1.0324758435003845,1.0,1.0,1.5,0.0,0.0,0.0,0.0,1.0,0.8456079730039179,0.43354813623639965,1.5531952492763001,0.4324519574816206,1.5526980509344197,0.845924302438815,2.1117956868166385,1.5170834345796405,1.5881330616901916,1.5179168283765336,1.588202775519743,2.1116605793437166
2025-05-07 17:16:06.724427,0.9832417964935303,0.7461071610450745,0.9942471385002136,1.0391497611999512,0.7351939678192139,2.0251200199127197,1.0112377405166626,0.7406057715415955,1.5096732079982758,-0.05426279871772407,0.010657365919713552,0,0,1.0324302810096893,1.0,1.0,1.5,0.0,0.0,0.0,0.0,1.0,0.8456632616957496,0.4342382653508743,1.5530350749420947,0.432502766548434,1.5526999975240154,0.84598712908515,2.1117746231118373,1.5163156763758103,1.5882995302748855,1.5179334202420323,1.5881926988566,2.111595130093012
2025-05-07 17:16:06.826462,0.9831737875938416,0.7459325790405273,0.9942638874053955,1.0391921997070312,0.7351550459861755,2.025139093399048,1.0111829936504364,0.7405438125133514,1.5097014904022217,-0.054287240848873757,0.010438959754521403,0,0,1.0324523756798063,1.0,1.0,1.5,0.0,0.0,0.0,0.0,1.0,0.8455148721986909,0.43398886355988375,1.5535287462320502,0.4332935608112928,1.553167097778577,0.8458105406453712,2.111798570031534,1.5168059643781961,1.5880784787092035,1.5173368298327807,1.588099581985217,2.1116649785349266
2025-05-07 17:16:06.927150,0.9832941889762878,0.7461151480674744,0.9942135214805603,1.0391645431518555,0.7352146506309509,2.02512526512146,1.0112220644950867,0.7406505942344666,1.5096653997898102,-0.05415582884995823,0.010529963403684941,0,0,1.0324905895243155,1.0,1.0,1.5,0.0,0.0,0.0,0.0,1.0,0.845820112452994,0.43333575420167936,1.5531363653423742,0.43310246674071107,1.5531375250086916,0.8457387556370747,2.111652128471841,1.5172871620199393,1.588001020025973,1.5174749472950861,1.588251236988531,2.1117189298335064
2025-05-07 17:16:07.027321,0.9831976890563965,0.7459626793861389,0.9942694902420044,1.0391979217529297,0.7351474165916443,2.025118350982666,1.0112172067165375,0.7405965328216553,1.5097040235996246,-0.054234572296347115,0.010556365637530912,0,0,1.032404072354132,1.0,1.0,1.5,0.0,0.0,0.0,0.0,1.0,0.8456929295453232,0.43470730804428137,1.5532272136814593,0.4344681579713974,1.5534513346104242,0.8455007659474626,2.1116093666163285,1.5159369824029538,1.5881480419032576,1.5163751881475296,1.5881822475047493,2.1117695344408736
2025-05-07 17:16:07.133892,0.9832772016525269,0.7462083697319031,0.9941992163658142,1.039149522781372,0.7351982593536377,2.0251357555389404,1.0112287402153015,0.7406986653804779,1.5096682012081146,-0.05417239714715861,0.010672636138540885,0,0,1.0325113455733417,1.0,1.0,1.5,0.0,0.0,0.0,0.0,1.0,0.8457496558176443,0.4329897137857941,1.552790653224827,0.434126421459605,1.5534978371717525,0.8455160120747982,2.111710258866651,1.5176038292668792,1.58813521910107,1.5168011102596028,1.5879147905252387,2.1116934438921513
2025-05-07 17:16:07.234185,0.9831283688545227,0.745869517326355,0.9942945241928101,1.039229154586792,0.7350633144378662,2.025087833404541,1.0111458003520966,0.7405312955379486,1.5097045302391052,-0.05430605389879947,0.010341596074191956,0,0,1.0323971085047177,1.0,1.0,1.5,0.0,0.0,0.0,0.0,1.0,0.8455475817688523,0.43494516170736686,1.5537271614517734,0.4346008781691252,1.5536116111388054,0.8455053298379593,2.1117524851790845,1.5160133167434084,1.5879351381812528,1.5163451429108918,1.587889791716114,2.1116393478010482
2025-05-07 17:16:07.334197,0.9832524657249451,0.746050238609314,0.9941979050636292,1.039182424545288,0.7351778745651245,2.0251283645629883,1.0112174451351166,0.7406140565872192,1.5096631348133087,-0.054198789707052775,0.010530291097081245,0,0,1.03250374377874,1.0,1.0,1.5,0.0,0.0,0.0,0.0,1.0,0.8457142465142025,0.4331222368717542,1.553213837122787,0.4350065782666911,1.5536039434426638,0.8455267547976142,2.111767960307239,1.5175210045337328,1.5880843138934484,1.5158893510698568,1.5879503048903136,2.11168138986715
2025-05-07 17:16:07.435513,0.9832947254180908,0.7461459040641785,0.9942041039466858,1.039210557937622,0.7351575493812561,2.0251312255859375,1.0112493932247162,0.7406385540962219,1.5096795856952667,-0.054192836886371075,0.010617392834114156,0,0,1.0324771401067812,1.0,1.0,1.5,0.0,0.0,0.0,0.0,1.0,0.845730155846808,0.43348292568558056,1.553020572462417,0.43459506374535495,1.5533217429227424,0.8455574593836963,2.1116796670940183,1.5170197441256683,1.5881697895142066,1.5162624444371708,1.588006043522875,2.1117057599728404
2025-05-07 17:16:07.537402,0.9831869602203369,0.7460274696350098,0.9942551255226135,1.0391703844070435,0.7351744174957275,2.0251173973083496,1.0112077593803406,0.7406021952629089,1.5096852481365204,-0.05419770701156183,0.010514687987561158,0,0,1.0324372514971836,1.0,1.0,1.5,0.0,0.0,0.0,0.0,1.0,0.8457643565481494,0.4342069812128386,1.5532777187276068,0.4347562478031285,1.553321511283357,0.8455384699001256,2.111620551651161,1.5164788775136628,1.588072622115594,1.5160477592502466,1.5880159787984303,2.1117546471462307
2025-05-07 17:16:07.644763,0.9831930994987488,0.7460295557975769,0.9942371845245361,1.0391680002212524,0.7351463437080383,2.025141954421997,1.0111847221851349,0.7406136393547058,1.5096827745437622,-0.05425238871813049,0.010491407224748053,0,0,1.032466986129438,1.0,1.0,1.5,0.0,0.0,0.0,0.0,1.0,0.8456096596438533,0.43376417393855937,1.55328572313342,0.433567065633064,1.5531605772283714,0.8457457505026198,2.111786132363593,1.5170230484468472,1.5880142637058743,1.5170054965846482,1.5880550928804238,2.111711279316869
2025-05-07 17:16:07.746370,0.9831684827804565,0.7458899021148682,0.9942803382873535,1.039183259010315,0.7351870536804199,2.0251400470733643,1.0111960172653198,0.7405844628810883,1.5097011029720306,-0.054244612411337316,0.010455697874254743,0,0,1.032452851849168,1.0,1.0,1.5,0.0,0.0,0.0,0.0,1.0,0.8456061780644355,0.43396640298878886,1.5534115343083221,0.43366329661826375,1.5531506201621488,0.8458271538432136,2.11170896885863,1.516771121043804,1.5880168290148897,1.5169905663349224,1.588110552132468,2.111631974059771
2025-05-07 17:16:07.847436,0.9833390116691589,0.7461746335029602,0.9941630363464355,1.0392018556594849,0.7351544499397278,2.025114059448242,1.0112577378749847,0.7406875789165497,1.5096471905708313,-0.054158265055549944,0.010718059816087656,0,0,1.0325068176923775,1.0,1.0,1.5,0.0,0.0,0.0,0.0,1.0,0.8458330321231428,0.43300458176666434,1.5527406671105186,0.4330129085382435,1.552894012089836,0.8459085883016633,2.1117193293651995,1.5174613715834027,1.588233985656663,1.517546934048274,1.5881635149754412,2.1116389213685944
2025-05-07 17:16:07.954274,0.9831352233886719,0.7459346055984497,0.9943303465843201,1.0391747951507568,0.7351877689361572,2.025115728378296,1.0111564993858337,0.7405688762664795,1.5097285211086273,-0.054314735402914836,0.01039511558578456,0,0,1.0323744693913375,1.0,1.0,1.5,0.0,0.0,0.0,0.0,1.0,0.8455096579753898,0.43528325594196726,1.5535600015070528,0.4326432701639875,1.55291516691475,0.8458489274934402,2.11168484914665,1.5156281467603643,1.5879369429204375,1.5179134252972857,1.5880335220691673,2.111647179131163
2025-05-07 17:16:08.057214,0.983319103717804,0.7461836934089661,0.9941785335540771,1.0392189025878906,0.7350780963897705,2.025106906890869,1.0112977623939514,0.7406889796257019,1.5096166133880615,-0.05411136508473507,0.010868197272789914,0,0,1.0325527875629945,1.0,1.0,1.5,0.0,0.0,0.0,0.0,1.0,0.8459350869791423,0.4322018117349732,1.5524804782017743,0.4326971454712819,1.5528638887530306,0.845826120428522,2.111751814113387,1.5180880337316407,1.5884880114451376,1.5178836779501963,1.5880427074307464,2.111662118382971
2025-05-07 17:16:08.164167,0.9831579923629761,0.7458673715591431,0.9942923784255981,1.0392186641693115,0.7351014018058777,2.0251026153564453,1.0111612677574158,0.7405503690242767,1.5097212195396423,-0.05427668948023977,0.010300131544707386,0,0,1.0324327468672023,1.0,1.0,1.5,0.0,0.0,0.0,0.0,1.0,0.8455213618035566,0.4343484014535879,1.553747493840436,0.43269189971895006,1.5528511640582168,0.8457939135908642,2.111705272222017,1.5165420204137827,1.5878308824527463,1.5178501091578505,1.5881118181195177,2.111699570429369
2025-05-07 17:16:08.264416,0.9832625985145569,0.746049702167511,0.9941768646240234,1.0391777753829956,0.7351859211921692,2.025137186050415,1.011250227689743,0.7405703663825989,1.5096321105957031,-0.05424364964353472,0.010614056632141338,0,0,1.0324871739778976,1.0,1.0,1.5,0.0,0.0,0.0,0.0,1.0,0.845711491003073,0.4333047657029506,1.5531742860017048,0.43363641143875653,1.5532069339703045,0.8456985346621848,2.1119072223758333,1.5171942324621799,1.5883161019148602,1.517018631686396,1.5880379781772174,2.1116665728741313
2025-05-07 17:16:08.367164,0.9832825660705566,0.7461141347885132,0.9942113161087036,1.0392005443572998,0.7351689338684082,2.0251221656799316,1.0112033486366272,0.7406111061573029,1.5096991658210754,-0.05426554259183162,0.01054271929130872,0,0,1.0324230314961909,1.0,1.0,1.5,0.0,0.0,0.0,0.0,1.0,0.8456098493707809,0.43442439137638067,1.5532143032426413,0.43387431363281115,1.553167924946568,0.8456104074093949,2.111713821016487,1.5162808746224596,1.5880968296652265,1.5166270448762527,1.5882625364601397,2.111810823860442
2025-05-07 17:16:08.469130,0.9832849502563477,0.746141254901886,0.9942116141319275,1.0391629934310913,0.7351945638656616,2.0251221656799316,1.0112393200397491,0.7407229840755463,1.5096570551395416,-0.054118903542149065,0.010708998669485412,0,0,1.0325009930263505,1.0,1.0,1.5,0.0,0.0,0.0,0.0,1.0,0.8459037738548814,0.4331500588750997,1.5526788438426187,0.43489660897563764,1.5534332127744714,0.8454090857551834,2.1116051835311356,1.517396932950004,1.5881400262249779,1.5158278020351046,1.5882053522890054,2.11187196731107
2025-05-07 17:16:08.574322,0.9831739068031311,0.7459383010864258,0.9942587614059448,1.0391560792922974,0.7352380156517029,2.025153398513794,1.0111638605594635,0.7405625581741333,1.5096812844276428,-0.05425158348144729,0.010414057446004594,0,0,1.032419901708977,1.0,1.0,1.5,0.0,0.0,0.0,0.0,1.0,0.8456824352844179,0.43456046071401466,1.5535344936368025,0.43483724626588505,1.553472883935688,0.845572619267942,2.1117199132339537,1.516318552824346,1.5879902503970111,1.5160998579592735,1.587983278993847,2.111668570211886
2025-05-07 17:16:08.677002,0.9830912947654724,0.7458479404449463,0.9943174123764038,1.039178729057312,0.7351323366165161,2.0251355171203613,1.0112327337265015,0.7405968010425568,1.5096746981143951,-0.05416253124662388,0.010585183528999854,0,0,1.032493476893282,1.0,1.0,1.5,0.0,0.0,0.0,0.0,1.0,0.8457816239259345,0.43326626141224034,1.5531627811694515,0.43476756312968445,1.5535560070075118,0.8455893475657588,2.111649704370727,1.5173097101911532,1.5882112942432989,1.5161514451253204,1.5879683436356462,2.1116620700711124
2025-05-07 17:16:08.778844,0.9831828474998474,0.7459681034088135,0.9942492246627808,1.0391826629638672,0.7351562976837158,2.025137424468994,1.0111827552318573,0.7405622005462646,1.5096933245658875,-0.054268571579622824,0.010472031970295616,0,0,1.0324646991421724,1.0,1.0,1.5,0.0,0.0,0.0,0.0,1.0,0.8455550578492541,0.4337993204714503,1.5534313623993234,0.43452131752144185,1.5535649978137616,0.8455439211756302,2.111794314060841,1.5169965565083776,1.5880949551971122,1.5163885116182678,1.5879093922161456,2.1116744516461776
2025-05-07 17:16:08.879406,0.9833223819732666,0.7462706565856934,0.9942436218261719,1.0392369031906128,0.7350651025772095,2.0251266956329346,1.0113561153411865,0.7407518923282623,1.509630799293518,-0.0540327280576459,0.011015142414729236,0,0,1.0325612757634404,1.0,1.0,1.5,0.0,0.0,0.0,0.0,1.0,0.8460609016417449,0.4319681094444018,1.5520970780408234,0.4341789351715102,1.5533325768081956,0.8456142109501776,2.1115635814667755,1.5180649830543775,1.5885945957148224,1.5166530026184069,1.5879552149207778,2.111650188578326
2025-05-07 17:16:08.980556,0.9831043481826782,0.7458676695823669,0.9942888617515564,1.0391645431518555,0.7352116107940674,2.0250964164733887,1.011133074760437,0.7405374348163605,1.5097170770168304,-0.05432598851406602,0.010325748157944216,0,0,1.0324345325642246,1.0,1.0,1.5,0.0,0.0,0.0,0.0,1.0,0.8454228663228487,0.4343676862175123,1.5537332553103875,0.43429582032359904,1.5533082115852888,0.8455286327745761,2.111821994803097,1.5166467848365648,1.5879020314976264,1.5164086588939303,1.58809497473597,2.111770909652487
2025-05-07 17:16:09.084129,0.9833225607872009,0.7461946606636047,0.994199812412262,1.0391699075698853,0.7352109551429749,2.0251622200012207,1.011246234178543,0.7407028079032898,1.5096810162067413,-0.05411721725418202,0.010637838787999416,0,0,1.0325323499974477,1.0,1.0,1.5,0.0,0.0,0.0,0.0,1.0,0.8458085428226219,0.4326308065889187,1.5528353315741583,0.4329145231353745,1.5530602836569023,0.8456806860642802,2.1115949858677165,1.5178857630254918,1.5880723136513666,1.5176121435058607,1.58815210819643,2.111808470658742
2025-05-07 17:16:09.186613,0.9831684827804565,0.7459589838981628,0.9942829012870789,1.039147973060608,0.7351807355880737,2.0250961780548096,1.0111660361289978,0.7405807673931122,1.5096989572048187,-0.05426696407090038,0.01041897103712017,0,0,1.0324078630155398,1.0,1.0,1.5,0.0,0.0,0.0,0.0,1.0,0.8456282716959593,0.4347437230463165,1.5534884505488682,0.4332354821929024,1.5530696830888744,0.8457625794388415,2.1116963166028384,1.5161257179860932,1.5879561729214382,1.5173315725556327,1.588114909158135,2.1117648673079845
2025-05-07 17:16:09.287816,0.9832819104194641,0.7461673617362976,0.994249165058136,1.0391700267791748,0.7351828813552856,2.025141477584839,1.0112259685993195,0.7406751215457916,1.5096953213214874,-0.05416032179204531,0.01063928765309378,0,0,1.0324645758504893,1.0,1.0,1.5,0.0,0.0,0.0,0.0,1.0,0.8457833973681241,0.4337463858857543,1.5529061722051636,0.43262948619540675,1.552875412450467,0.845893725551043,2.111557188817331,1.51685935227724,1.5881232929933535,1.517793325312772,1.5881557574408907,2.1117165954938786
2025-05-07 17:16:09.390778,0.9831289052963257,0.7459049224853516,0.9942827820777893,1.0391583442687988,0.7351994514465332,2.025118589401245,1.0111650824546814,0.7405394017696381,1.5097041428089142,-0.05434112225609363,0.010394228973058185,0,0,1.032422384763387,1.0,1.0,1.5,0.0,0.0,0.0,0.0,1.0,0.8454372713121446,0.43448967133811733,1.5536177949092989,0.43245805917550084,1.5528629978890813,0.8458939738824494,2.111864500328633,1.5163839658612845,1.5880088373042938,1.5179967481059933,1.588213674188098,2.1116885475561493
2025-05-07 17:16:09.495454,0.9833347797393799,0.7462513446807861,0.9941608309745789,1.0391443967819214,0.735205888748169,2.02514386177063,1.0112404823303223,0.7407296001911163,1.5096538960933685,-0.05408121501105297,0.010695510080808535,0,0,1.0325547309171907,1.0,1.0,1.5,0.0,0.0,0.0,0.0,1.0,0.8459131565119676,0.4322988941371426,1.5526767904432788,0.4330596309931666,1.5527882173723846,0.8457939135444408,2.111609700677211,1.5182429836094395,1.5881129687158095,1.5175068992344944,1.5882228895955413,2.111704684554314
2025-05-07 17:16:09.597581,0.9832169413566589,0.7459611892700195,0.9942412972450256,1.0391647815704346,0.7352017760276794,2.0251383781433105,1.0111461281776428,0.7405264377593994,1.5097409188747406,-0.05430973711830382,0.010315577432445757,0,0,1.032371905818828,1.0,1.0,1.5,0.0,0.0,0.0,0.0,1.0,0.8454961057498996,0.4353454619201559,1.5537853218408093,0.4330596309931666,1.5527882173723846,0.8457939135444408,2.111643851201242,1.515611574098216,1.5878983520178334,1.5175068992344944,1.5882228895955413,2.111704684554314
2025-05-07 17:16:09.704737,0.983276903629303,0.7461347579956055,0.9942048788070679,1.039180874824524,0.735144317150116,2.025132656097412,1.0112203657627106,0.7406623959541321,1.509659469127655,-0.054158284370359334,0.010600611336248386,0,0,1.0324809315524979,1.0,1.0,1.5,0.0,0.0,0.0,0.0,1.0,0.8458425434816902,0.4334961074637086,1.5529952078349325,0.43276040937030713,1.5528128143523814,0.8458122351450862,2.1116557923566277,1.517134283180365,1.5880902499668865,1.5178853235093315,1.5880751613403676,2.111632861824518
2025-05-07 17:16:09.807334,0.9833727478981018,0.7462599277496338,0.9941608905792236,1.039198398590088,0.7351632118225098,2.025129795074463,1.0111975967884064,0.740599513053894,1.5097123682498932,-0.054273104038130786,0.010531456103586226,0,0,1.0324121699148574,1.0,1.0,1.5,0.0,0.0,0.0,0.0,1.0,0.8455803601945189,0.4346080206590418,1.5532603951652875,0.433744610552644,1.5532303363851,0.8457059251821111,2.1116852195059512,1.5161225534719702,1.588101747397579,1.5170260894252308,1.5879895298906874,2.1116056812250545
2025-05-07 17:16:09.914689,0.9831494688987732,0.7459204792976379,0.9942935109138489,1.039176344871521,0.7351519465446472,2.0251216888427734,1.0111529529094696,0.7405640184879303,1.5097236931324005,-0.054276952085049554,0.010376537757158558,0,0,1.0324362634680992,1.0,1.0,1.5,0.0,0.0,0.0,0.0,1.0,0.8455108882919726,0.43431338859279034,1.5535904395811553,0.434129399239608,1.5532100880378992,0.8456862866723194,2.1117048619254652,1.5166136186055434,1.5879278790719513,1.5165445266370094,1.5881182229285926,2.111692982927595
2025-05-07 17:16:10.014863,0.9832454323768616,0.745973527431488,0.994240939617157,1.0391759872436523,0.7351661920547485,2.0251259803771973,1.0112201273441315,0.7405706942081451,1.509688824415207,-0.054219403370253064,0.010466037153324191,0,0,1.0324694593219401,1.0,1.0,1.5,0.0,0.0,0.0,0.0,1.0,0.8456629673077157,0.43365586498128295,1.5534217451062708,0.43500526139190876,1.5535134574854093,0.8454852373125328,2.111706205265374,1.5169755747045386,1.5880672003778906,1.5158892255122356,1.5880552151716039,2.111774310397886
2025-05-07 17:16:10.116435,0.9832605123519897,0.746065080165863,0.9941970705986023,1.0391696691513062,0.7351735234260559,2.0251243114471436,1.0112425088882446,0.740683376789093,1.509654313325882,-0.054125136055629686,0.010672931120728283,0,0,1.0325107335569434,1.0,1.0,1.5,0.0,0.0,0.0,0.0,1.0,0.8458820459848935,0.4329838106795547,1.5528239114300506,0.4349014102388342,1.5535129815444086,0.8454532839482773,2.111638975381226,1.517549150212169,1.5881692306979402,1.5159734071325341,1.5880537241593269,2.111794724302913
2025-05-07 17:16:10.216630,0.983248233795166,0.7460970878601074,0.9942463636398315,1.0392521619796753,0.7350971698760986,2.0251104831695557,1.0112349390983582,0.740591436624527,1.5097114443778992,-0.05430680364096196,0.010644101387885956,0,0,1.0323784595436845,1.0,1.0,1.5,0.0,0.0,0.0,0.0,1.0,0.845560473030065,0.435059353714885,1.5530979869917678,0.434924885531642,1.5537371678392655,0.8454710333751991,2.1117091717071785,1.5155069142523392,1.5882996918603136,1.5159324915206651,1.5880118088681932,2.1117752701831503
2025-05-07 17:16:10.324552,0.9832168817520142,0.74604731798172,0.9942606091499329,1.0391619205474854,0.7352215051651001,2.0251166820526123,1.0111894011497498,0.74063441157341,1.5096886456012726,-0.05421727868440883,0.010485953842449706,0,0,1.0324297984024393,1.0,1.0,1.5,0.0,0.0,0.0,0.0,1.0,0.845725687920464,0.43435940774699655,1.553255717103045,0.4350860740641652,1.553754600060322,0.8455744986370968,2.1116442714339367,1.5164072271941045,1.5879528719739509,1.5158683393498362,1.5879223861571767,2.111679672734363
2025-05-07 17:16:10.427259,0.9831952452659607,0.746022641658783,0.9942565560340881,1.0392035245895386,0.7351745963096619,2.0251216888427734,1.0112357437610626,0.7405829727649689,1.5096784234046936,-0.05420651374761706,0.010476875589808235,0,0,1.03245960150666,1.0,1.0,1.5,0.0,0.0,0.0,0.0,1.0,0.8457277829983689,0.43378362338836185,1.553378561181498,0.4342652402639525,1.5533283445081456,0.845742205574268,2.1116871540209794,1.5167791040629626,1.588056358652639,1.5165034927606447,1.5880078342714565,2.1116231642224847
2025-05-07 17:16:10.533746,0.9832021594047546,0.7460078597068787,0.994236171245575,1.0391764640808105,0.7351884245872498,2.0251317024230957,1.0111893117427826,0.7405981421470642,1.5096839368343353,-0.054243512931911396,0.010479360801245199,0,0,1.032470715885956,1.0,1.0,1.5,0.0,0.0,0.0,0.0,1.0,0.8456205300023779,0.4336966597565205,1.5533390844244652,0.43403312231683266,1.5533237995243128,0.8457102187975116,2.1117701479265465,1.517070368575236,1.5880290901284524,1.5167398068747568,1.5880218206310217,2.111622630705052
2025-05-07 17:16:10.636773,0.9831927418708801,0.7459378242492676,0.9942513704299927,1.0391569137573242,0.7352154850959778,2.0251195430755615,1.0112116038799286,0.7406536340713501,1.5096716582775116,-0.05416256177467114,0.010534476096138409,0,0,1.032467017877483,1.0,1.0,1.5,0.0,0.0,0.0,0.0,1.0,0.8458262271697314,0.4337339681484217,1.5531264538706073,0.4327648217252348,1.552732112010625,0.8459076424888561,2.1116184764092174,1.5169349747798926,1.5879975562154522,1.5177849238344576,1.5881419638789624,2.1115971187301685
2025-05-07 17:16:10.736779,0.9832707643508911,0.7461575865745544,0.9942262172698975,1.039177656173706,0.7351899743080139,2.0251047611236572,1.011217713356018,0.7406674921512604,1.5096729695796967,-0.054192556001986435,0.010611047561377249,0,0,1.0324372975407432,1.0,1.0,1.5,0.0,0.0,0.0,0.0,1.0,0.8458031241978473,0.4341898434258624,1.5529746399029403,0.4327648217252348,1.552732112010625,0.8459076424888561,2.1116358096514873,1.516452217807658,1.588088394631514,1.5177849238344576,1.5881419638789624,2.1115971187301685
2025-05-07 17:16:10.844416,0.9832022190093994,0.7460170984268188,0.9942631721496582,1.0391608476638794,0.7352110743522644,2.025157928466797,1.0112207531929016,0.7405507266521454,1.5096782445907593,-0.05430765424350945,0.010589734306200407,0,0,1.0324100278041404,1.0,1.0,1.5,0.0,0.0,0.0,0.0,1.0,0.8455853150287358,0.43458306330491325,1.5532717226492698,0.43292335559740713,1.5527253789489177,0.8458754742588703,2.1118304087719233,1.5160456226463197,1.5883050800812906,1.5175571532069143,1.5881872492249105,2.1116612827334698
2025-05-07 17:16:10.944657,0.9832011461257935,0.7459903955459595,0.9942263960838318,1.0391530990600586,0.735192060470581,2.0251126289367676,1.0111886262893677,0.7406001687049866,1.509681075811386,-0.05424342087723,0.01044146737160043,0,0,1.0324841508601266,1.0,1.0,1.5,0.0,0.0,0.0,0.0,1.0,0.8456071737101797,0.43348174335789214,1.5533949400360727,0.43268996603639476,1.55263805940322,0.8459674090423139,2.1117960927197212,1.51728830096889,1.5879643176619864,1.517692457364484,1.5882052008850183,2.1116013437233416
2025-05-07 17:16:11.046289,0.9832819104194641,0.746040940284729,0.9942238330841064,1.0391695499420166,0.735170841217041,2.0251457691192627,1.0112273395061493,0.7406438291072845,1.5096779763698578,-0.054154478790777304,0.010601554256217593,0,0,1.0325071739846314,1.0,1.0,1.5,0.0,0.0,0.0,0.0,1.0,0.845771864759544,0.4330621557745765,1.553029736933558,0.4329788587808939,1.552598009334747,0.8459037479113374,2.111645039213082,1.5175375503983668,1.58813741499439,1.5172703363179831,1.5884370944631658,2.111725324754831
2025-05-07 17:16:11.146554,0.9832290410995483,0.7460404634475708,0.9942476749420166,1.0392216444015503,0.7350986003875732,2.02508282661438,1.011213630437851,0.7405550479888916,1.5096885561943054,-0.054289490007815425,0.010570947168672814,0,0,1.032367135564587,1.0,1.0,1.5,0.0,0.0,0.0,0.0,1.0,0.8456636011963743,0.4352897465298021,1.5533010415604025,0.4335898714834798,1.5529848222812883,0.8456567338801623,2.111706751548682,1.5153702795436537,1.5882567472884745,1.5169230264848124,1.5883606667438277,2.1118895956181287
2025-05-07 17:16:11.254362,0.9832507371902466,0.7461239695549011,0.994230329990387,1.0392340421676636,0.7351038455963135,2.0251007080078125,1.0112407803535461,0.7405945658683777,1.5096527636051178,-0.05425176582709289,0.010711713206211804,0,0,1.0324229790056856,1.0,1.0,1.5,0.0,0.0,0.0,0.0,1.0,0.8457428728417447,0.43435402393750455,1.552971159557143,0.43305652870578637,1.5529838732714203,0.8455735870369697,2.111784967295737,1.5161865425068923,1.5884127506219954,1.5174545334394467,1.588341683960483,2.111899309538958
2025-05-07 17:16:11.354712,0.983148455619812,0.7459000945091248,0.9942712783813477,1.0391541719436646,0.7351858615875244,2.0251383781433105,1.01116943359375,0.7405368983745575,1.5096944570541382,-0.054311529164751966,0.010389706132754315,0,0,1.0324243162431948,1.0,1.0,1.5,0.0,0.0,0.0,0.0,1.0,0.8455188910573844,0.4344581327192515,1.5536304407105965,0.4340915221498034,1.5535565586239144,0.8454282496133528,2.1118254979044075,1.5163963594682484,1.5880072064413504,1.5165858131124952,1.5882269053310112,2.1119049932798664
2025-05-07 17:16:11.456651,0.9831793308258057,0.7458954453468323,0.9942376613616943,1.0391790866851807,0.7351565957069397,2.0251083374023438,1.011216253042221,0.7406103312969208,1.5096599757671356,-0.05419640920037985,0.01056463820131566,0,0,1.0324701967798384,1.0,1.0,1.5,0.0,0.0,0.0,0.0,1.0,0.8457753011322022,0.4336636643222649,1.5531712301303275,0.4342537250947419,1.553606155182755,0.8455555070888905,2.1117208054924013,1.5169848222919624,1.5881433121632211,1.5165505442190703,1.5879639599066615,2.1117803584086987
2025-05-07 17:16:11.564636,0.9833261370658875,0.7461395859718323,0.9942049384117126,1.039192795753479,0.735117495059967,2.025125503540039,1.0112881362438202,0.7406226694583893,1.5096529424190521,-0.05419483256754645,0.010687027428988251,0,0,1.0324707348898432,1.0,1.0,1.5,0.0,0.0,0.0,0.0,1.0,0.8457944152471782,0.4335023939128613,1.552941438513289,0.4347710532143647,1.5536267708161864,0.845505600859866,2.1117326381089923,1.51682980661433,1.588318815869798,1.5160924869582122,1.5879560639044255,2.1117587986686375
2025-05-07 17:16:11.666724,0.9832387566566467,0.7460968494415283,0.9942236542701721,1.0391484498977661,0.7352078557014465,2.025125026702881,1.011169970035553,0.7406212389469147,1.509704738855362,-0.05422962247855548,0.010487028127974305,0,0,1.0324149808645395,1.0,1.0,1.5,0.0,0.0,0.0,0.0,1.0,0.8456854756103311,0.4346354414462501,1.5532855768598717,0.4347744158019521,1.5536315049157068,0.8455558862672194,2.1116136734260764,1.5162166903973169,1.5879809717737037,1.5161502310524484,1.5879290376677586,2.1117001209272996
2025-05-07 17:16:11.766998,0.9832300543785095,0.7460790276527405,0.9942659139633179,1.0391652584075928,0.7351918816566467,2.0251221656799316,1.0112100839614868,0.7406671941280365,1.509669154882431,-0.05418110576229904,0.010606345614043682,0,0,1.0324791080989093,1.0,1.0,1.5,0.0,0.0,0.0,0.0,1.0,0.8457751999382114,0.4335410909571107,1.5529754915000524,0.43478223325532694,1.5534122835629598,0.8456216010070979,2.111680518579092,1.5171345396123472,1.588088854336587,1.516074619276106,1.5879695285326825,2.1116321769737065
2025-05-07 17:16:11.874300,0.9832236766815186,0.745951771736145,0.9942193627357483,1.039182424545288,0.7351961731910706,2.0251193046569824,1.0112078189849854,0.7405512928962708,1.5096693336963654,-0.054237458842393504,0.010461424129317937,0,0,1.0324746000855645,1.0,1.0,1.5,0.0,0.0,0.0,0.0,1.0,0.8456597862218884,0.43359495008139837,1.5534711427323014,0.43480214245385074,1.5533860170044949,0.8455681430606952,2.1117951455141037,1.5170906463846663,1.5881031685241074,1.5159846865409004,1.588113681157584,2.111699272462834
2025-05-07 17:16:11.974335,0.9833056926727295,0.7460971474647522,0.9942033290863037,1.0391799211502075,0.7351662516593933,2.0251235961914062,1.0112349390983582,0.7406480014324188,1.5096724033355713,-0.054129268143819104,0.010555362555144034,0,0,1.0325078256474032,1.0,1.0,1.5,0.0,0.0,0.0,0.0,1.0,0.8458366294882684,0.43304091518422483,1.5530969149547653,0.433978890112353,1.5532353945019082,0.8457311055036403,2.111604795835218,1.5175253527829993,1.5880518787425917,1.5166276348319525,1.588147991156356,2.111649606528678
2025-05-07 17:16:12.074565,0.9832386374473572,0.7461132407188416,0.9942649602890015,1.0391854047775269,0.7352057695388794,2.0251247882843018,1.0112408697605133,0.7406015992164612,1.509688675403595,-0.054275210434393144,0.010677266292159579,0,0,1.032426480305693,1.0,1.0,1.5,0.0,0.0,0.0,0.0,1.0,0.8456084399101391,0.43428917382385934,1.5530120272764567,0.4339819764588103,1.5531895849519688,0.8456421357467742,2.111761388314043,1.5162509992298823,1.5883409361711143,1.5165136123206393,1.5883974459356351,2.1117564099952606
2025-05-07 17:16:12.175139,0.9832009077072144,0.7460176944732666,0.9942361116409302,1.039157509803772,0.7351849675178528,2.025146722793579,1.0111838579177856,0.7406085431575775,1.509680688381195,-0.05423571938426175,0.010478333242907562,0,0,1.0324638804556683,1.0,1.0,1.5,0.0,0.0,0.0,0.0,1.0,0.8456542412864693,0.43382037137117324,1.5533191275290872,0.43295333456535523,1.5527794712759322,0.8457185780764932,2.1117507298362725,1.5169706537905698,1.5880032825775718,1.5174471848056776,1.5884822255395585,2.111819490218032
2025-05-07 17:16:12.277675,0.9831933975219727,0.7459362149238586,0.9942408204078674,1.03919517993927,0.7351579070091248,2.0251293182373047,1.0111697614192963,0.7405237853527069,1.5097045302391052,-0.05431994984108307,0.01039486458251098,0,0,1.0324280678412547,1.0,1.0,1.5,0.0,0.0,0.0,0.0,1.0,0.8454733442847142,0.4343950064207447,1.5536500894721312,0.4330744772225942,1.5528275148065496,0.8458342567548555,2.111826722663223,1.5164580433343517,1.5880452549759585,1.517446419689027,1.588226471742828,2.1117017134561737
2025-05-07 17:16:12.383514,0.9832479357719421,0.7460084557533264,0.99424147605896,1.0391745567321777,0.7351663708686829,2.025160789489746,1.0111967623233795,0.740593820810318,1.5096770524978638,-0.05417065534692573,0.0104891752339333,0,0,1.0324423250449846,1.0,1.0,1.5,0.0,0.0,0.0,0.0,1.0,0.8458325471152338,0.43415732560525644,1.5533374409173737,0.43268029247186257,1.5527113307537315,0.8459339629509834,2.1115884218941656,1.5165769201718737,1.5880497475172273,1.5177320286188358,1.588251126903129,2.11165603291007
2025-05-07 17:16:12.484213,0.9832428693771362,0.7460877895355225,0.9942554235458374,1.0391979217529297,0.7351477742195129,2.0251083374023438,1.0112276077270508,0.7406190931797028,1.5096914172172546,-0.0542400797330573,0.010593846173573285,0,0,1.032448189096938,1.0,1.0,1.5,0.0,0.0,0.0,0.0,1.0,0.8456451202612285,0.43397847900517295,1.5531076025872657,0.43268029247186257,1.5527113307537315,0.8459339629509834,2.111712643982851,1.5166200469958038,1.5881683874220425,1.5177320286188358,1.588251126903129,2.11165603291007
2025-05-07 17:16:12.586187,0.9832873344421387,0.746163547039032,0.9942338466644287,1.0391725301742554,0.7351706624031067,2.0251314640045166,1.0112176537513733,0.7406615912914276,1.5096724927425385,-0.05417990399419575,0.010636471940113908,0,0,1.0324913103175872,1.0,1.0,1.5,0.0,0.0,0.0,0.0,1.0,0.8457529626863219,0.4333308283302384,1.5529357359316955,0.43212661424350274,1.5527454371718004,0.8458295193530164,2.111688069246509,1.5173114951637192,1.588153262386023,1.5182626279287386,1.5880439285966323,2.111685994543926
2025-05-07 17:16:12.693764,0.9831578731536865,0.7458919882774353,0.9942737817764282,1.0391695499420166,0.7352007031440735,2.025144577026367,1.01117604970932,0.74053755402565,1.5097048878669739,-0.05430527640269089,0.01037257763419638,0,0,1.0324396608216533,1.0,1.0,1.5,0.0,0.0,0.0,0.0,1.0,0.8454868269178228,0.4341993410047279,1.5536546104195015,0.43281212599443186,1.552920842029628,0.8456861971034952,2.111811666467492,1.5166260402742637,1.5879801518676384,1.5177349969608904,1.5880059482077988,2.111735296426778
2025-05-07 17:16:12.794396,0.9833062291145325,0.7460934519767761,0.9941995143890381,1.0391839742660522,0.7351669073104858,2.0251498222351074,1.0112607777118683,0.7406297922134399,1.509669542312622,-0.054178110016977137,0.010583426934983955,0,0,1.0325127758102188,1.0,1.0,1.5,0.0,0.0,0.0,0.0,1.0,0.845731656509999,0.43289094590249755,1.5530896158151446,0.43325072028164724,1.5529098666685859,0.8458118962975858,2.1117223573144637,1.517561632165282,1.5881392984457197,1.5173677375125423,1.588082488678094,2.1116604757574677
2025-05-07 17:16:12.896536,0.9831880331039429,0.7459768652915955,0.9942291378974915,1.0391740798950195,0.7351831793785095,2.025120735168457,1.0111760199069977,0.740570068359375,1.5097046792507172,-0.054267944150794285,0.010435770050602101,0,0,1.0324080988325959,1.0,1.0,1.5,0.0,0.0,0.0,0.0,1.0,0.8456133911452578,0.4347183566963835,1.5534841623708948,0.43440962334812017,1.5535262946760262,0.8455495207791548,2.111686020151587,1.5161071557128267,1.5880075368478552,1.5164971897965636,1.587958979162017,2.1117658884043475
2025-05-07 17:16:12.997810,0.9833329916000366,0.7462195158004761,0.9942288994789124,1.0392528772354126,0.7350670695304871,2.025127410888672,1.0113013982772827,0.740678459405899,1.5096574425697327,-0.05417217869987711,0.010869571269939484,0,0,1.0325154935612517,1.0,1.0,1.5,0.0,0.0,0.0,0.0,1.0,0.845769490542125,0.4327717236545142,1.5525082785136068,0.4340630187390163,1.5535126545996485,0.8454443055933036,2.1117377621510514,1.5175021239254418,1.5885065001004375,1.5167795405985998,1.588018777075309,2.111832813566395
2025-05-07 17:16:13.103687,0.9831382632255554,0.7459287047386169,0.9942845702171326,1.039177656173706,0.7351849675178528,2.0251262187957764,1.0111579596996307,0.7405568361282349,1.5097053945064545,-0.05430929777496257,0.010406554233773414,0,0,1.032419655903452,1.0,1.0,1.5,0.0,0.0,0.0,0.0,1.0,0.8455065117127121,0.4345592904943758,1.5535595370292565,0.43467342034783074,1.5537842872474243,0.8454107026786684,2.1117897524588884,1.516345686827249,1.5879903840065102,1.5162135921338589,1.5879633781578493,2.1117838044433714
2025-05-07 17:16:13.204170,0.9832957983016968,0.746086597442627,0.9941878914833069,1.0391594171524048,0.7351540327072144,2.0251376628875732,1.0112314224243164,0.7406346499919891,1.5096477568149567,-0.05414256990232739,0.010560969734801607,0,0,1.0324901851230304,1.0,1.0,1.5,0.0,0.0,0.0,0.0,1.0,0.8458880947915317,0.4333269841718539,1.5531201905132945,0.4345113544724073,1.5537838099338552,0.8454079439608658,2.1116617752226587,1.5172547571611539,1.5880873495219534,1.5164026708342944,1.587958085741804,2.111760337117473
2025-05-07 17:16:13.304439,0.9832078814506531,0.7459554672241211,0.9942653179168701,1.0391881465911865,0.7352073192596436,2.0251266956329346,1.0112245976924896,0.7405323088169098,1.5096899271011353,-0.05430313469557896,0.010505833555857672,0,0,1.032427963179684,1.0,1.0,1.5,0.0,0.0,0.0,0.0,1.0,0.8455424549640447,0.43428567355390824,1.5534477863158804,0.434202792830255,1.553399667047286,0.8454802332155558,2.11182186579096,1.5163260965991374,1.5882100548897167,1.5166315053035953,1.5880318434011698,2.1117284359700825
2025-05-07 17:16:13.404439,0.9833247065544128,0.7462641000747681,0.994188666343689,1.039229154586792,0.7350751161575317,2.0251052379608154,1.0112380683422089,0.7407423257827759,1.509646475315094,-0.05409972241786469,0.010696288582326657,0,0,1.0324851545416613,1.0,1.0,1.5,0.0,0.0,0.0,0.0,1.0,0.8459908837789301,0.4334115941330937,1.552660230315726,0.43475883060523446,1.5534174614391867,0.8455809995962505,2.1115646248346565,1.5171409051611873,1.5880735362400604,1.5160951370613915,1.5879602856196817,2.111701102511751
2025-05-07 17:16:13.507054,0.9831820726394653,0.7460347414016724,0.9942883849143982,1.0392385721206665,0.7351024746894836,2.025120258331299,1.0112075805664062,0.7405147850513458,1.5097193121910095,-0.05433323880358399,0.010485284263546881,0,0,1.0323820317562167,1.0,1.0,1.5,0.0,0.0,0.0,0.0,1.0,0.8454802050839608,0.4350478111916656,1.5535285674156258,0.43380133113618446,1.553085236262352,0.845833198754602,2.111754821275597,1.5156388343161469,1.5882063783584526,1.5167783121133271,1.5880292013177568,2.111579902441687
2025-05-07 17:16:13.614007,0.9832659959793091,0.7461351156234741,0.9941490292549133,1.0391929149627686,0.73515784740448,2.025097370147705,1.0112131834030151,0.7406619489192963,1.509627252817154,-0.0541630119010917,0.010601681185578143,0,0,1.0325285464442149,1.0,1.0,1.5,0.0,0.0,0.0,0.0,1.0,0.8458342017124553,0.4327487582529256,1.5529857887033687,0.4335375144184469,1.553045000847831,0.8457552834156588,2.111805885892067,1.517913234773808,1.588101636051728,1.5169949219524028,1.5882347919378137,2.111629493653433
2025-05-07 17:16:13.714115,0.9831593632698059,0.7458920478820801,0.9943261742591858,1.0391829013824463,0.7351565957069397,2.025115966796875,1.0111416280269623,0.7404037714004517,1.5096583664417267,-0.05424619780847315,0.010633911363544777,0,0,1.0322410505678248,1.0,1.0,1.5,0.0,0.0,0.0,0.0,1.0,0.8460061620950801,0.43748113868728766,1.5535526844536227,0.4328701940956623,1.5527417444079692,0.8457931870209123,2.1114970255613223,1.5134956979940783,1.58867072138439,1.5176125439223735,1.5882967687756246,2.1116818076385115
2025-05-07 17:16:13.816011,0.9833431243896484,0.7461873292922974,0.9941244125366211,1.0391727685928345,0.7351762056350708,2.0251033306121826,1.0112265944480896,0.7406898438930511,1.5096319019794464,-0.05416176450928438,0.010680211304881157,0,0,1.0325157288735942,1.0,1.0,1.5,0.0,0.0,0.0,0.0,1.0,0.8458459261428873,0.4329279024395224,1.5527967180760616,0.43325531269048356,1.552772885348626,0.845930831080937,2.1117737051475483,1.5176750819888833,1.5881679687945134,1.5173247239496837,1.58814433238285,2.1115824536022907
2025-05-07 17:16:13.917056,0.9832305312156677,0.7460492253303528,0.9943150281906128,1.039232611656189,0.7350811958312988,2.0251264572143555,1.0112324357032776,0.7405774891376495,1.5096994042396545,-0.05427088175864958,0.01064746925500426,0,0,1.0324325954398932,1.0,1.0,1.5,0.0,0.0,0.0,0.0,1.0,0.8455849271452185,0.43421001425118555,1.5531132466676745,0.4331554715149245,1.5529921802911664,0.8458924660167707,2.1117376942003014,1.516367268654393,1.5883458011266676,1.5174628551490463,1.5881044235792257,2.111635898641585
2025-05-07 17:16:14.024666,0.9832283854484558,0.7460309863090515,0.9941955208778381,1.0392248630523682,0.7350632548332214,2.025083541870117,1.0112017095088959,0.7406240999698639,1.5096518099308014,-0.05421586929331902,0.010473719276474487,0,0,1.0324861785091892,1.0,1.0,1.5,0.0,0.0,0.0,0.0,1.0,0.8457277202354441,0.4334303121612758,1.5532885445035831,0.432518351922357,1.5529962800592325,0.84573399855153,2.11180431606903,1.5172821659995823,1.587965415629016,1.5180254927775025,1.5880560017973044,2.11171673701747
2025-05-07 17:16:14.126168,0.9831300377845764,0.7458922863006592,0.9943395256996155,1.0391693115234375,0.7352164387702942,2.025163173675537,1.011208564043045,0.7406241297721863,1.509711503982544,-0.054192026683761295,0.010475385300956245,0,0,1.0324756080623478,1.0,1.0,1.5,0.0,0.0,0.0,0.0,1.0,0.8456626747380143,0.43359175677334616,1.5532876146988621,0.4329982916874463,1.5532027220853126,0.8456287187146532,2.1116067077387926,1.5170905614372556,1.5879662143035183,1.517661340995354,1.5880138659350123,2.1117567140055313
2025-05-07 17:16:14.226893,0.9832760095596313,0.7461106777191162,0.994138240814209,1.0392018556594849,0.735156238079071,2.025092840194702,1.0111987888813019,0.7405834197998047,1.5096660554409027,-0.05427650204540507,0.0105135978537136,0,0,1.0324309109902758,1.0,1.0,1.5,0.0,0.0,0.0,0.0,1.0,0.8456475966892922,0.4343038135360542,1.5533219681544708,0.43334104657380945,1.5532132568877741,0.845697847457123,2.1118217593707356,1.5164215153862175,1.5881109847263888,1.5173393046835149,1.587971991010328,2.111731645016479
2025-05-07 17:16:14.327330,0.9832214117050171,0.7460846304893494,0.994312047958374,1.0391994714736938,0.735112726688385,2.0251526832580566,1.0112872421741486,0.7407171130180359,1.509674996137619,-0.05409544971554239,0.010855888668513796,0,0,1.0325265083466635,1.0,1.0,1.5,0.0,0.0,0.0,0.0,1.0,0.845878665786999,0.4326497666030297,1.552443850465576,0.43412150693128515,1.5534560147369851,0.8455166073272306,2.1115513512074773,1.5176863678307166,1.588400852255066,1.5167573754768569,1.5879209455405725,2.1118060140182893
2025-05-07 17:16:14.428370,0.9832311868667603,0.7460826635360718,0.994206428527832,1.0391690731048584,0.7351710796356201,2.025099515914917,1.0111188888549805,0.7404588162899017,1.509705662727356,-0.05437111406600369,0.01024408420942397,0,0,1.0323673704624694,1.0,1.0,1.5,0.0,0.0,0.0,0.0,1.0,0.8454487353204264,0.43545622210640733,1.554053083111975,0.4344929558554329,1.5534459678434245,0.8456326389549407,2.111846348679207,1.5156206669316785,1.5879281252124575,1.5164580481728875,1.5879893453813678,2.1117314195396273
2025-05-07 17:16:14.533965,0.983176589012146,0.7459051609039307,0.9942793250083923,1.0391745567321777,0.7351428866386414,2.0251235961914062,1.011185348033905,0.7405214905738831,1.5097037255764008,-0.0542877639079511,0.01042935508967414,0,0,1.0324258562997197,1.0,1.0,1.5,0.0,0.0,0.0,0.0,1.0,0.8455473182056785,0.4344073896742273,1.5535984764250519,0.43479309555284984,1.5535317660109373,0.8457133854852967,2.111756289258158,1.5163770789765905,1.5881069650498627,1.516079754865241,1.5879706858857303,2.111610153771753
2025-05-07 17:16:14.636218,0.9834693670272827,0.7464057207107544,0.9940700531005859,1.0391709804534912,0.7352001667022705,2.0251173973083496,1.0112405121326447,0.7406906485557556,1.5096556842327118,-0.054132403188303924,0.010635576871018236,0,0,1.0324941338302633,1.0,1.0,1.5,0.0,0.0,0.0,0.0,1.0,0.845887276986395,0.433249991291065,1.5528727780806015,0.43413433388531464,1.5535216170602615,0.8456040109384229,2.111627712389673,1.5172917553252985,1.5880883682740738,1.5167277638548586,1.5879964393324082,2.1116303597700425
2025-05-07 17:16:14.736417,0.9830788373947144,0.7457852959632874,0.9943645000457764,1.0392324924468994,0.7350696325302124,2.0250895023345947,1.0112140774726868,0.7405551970005035,1.5096795856952667,-0.05430796582314583,0.010627018697328742,0,0,1.0324001262405655,1.0,1.0,1.5,0.0,0.0,0.0,0.0,1.0,0.8455964222283336,0.4347575753441911,1.5532020213084672,0.4342309573094262,1.5533051908010607,0.8455875568726394,2.1118134007124927,1.515900483775987,1.5883551118893173,1.5166491052706825,1.5880359709268448,2.111631996121135
2025-05-07 17:16:14.844319,0.9834409952163696,0.7464052438735962,0.9941204190254211,1.0392472743988037,0.7351094484329224,2.0250937938690186,1.0113146305084229,0.740788608789444,1.5096212923526764,-0.05401837289591949,0.010879169120363737,0,0,1.0325689062435026,1.0,1.0,1.5,0.0,0.0,0.0,0.0,1.0,0.8461002254992762,0.4319360215573723,1.5522401221696867,0.434687681984987,1.5533030442224294,0.8456078569106653,2.1115660881489475,1.518279604205567,1.58828999915676,1.5161315361737349,1.5880695887579175,2.11168355544285
2025-05-07 17:16:14.946798,0.9831221699714661,0.7458491325378418,0.9943108558654785,1.0391862392425537,0.7351563572883606,2.0251340866088867,1.0111311078071594,0.7404603362083435,1.5097310543060303,-0.05437971796798481,0.010275360804056126,0,0,1.032386571588802,1.0,1.0,1.5,0.0,0.0,0.0,0.0,1.0,0.8453468294003754,0.4351207484294515,1.5539946584299629,0.4337949115288994,1.5530977975026747,0.8457906484084886,2.1118365316530916,1.5159023772190472,1.5879798622533259,1.516822497223542,1.588114594350658,2.11162337069933
2025-05-07 17:16:15.054698,0.9832879900932312,0.7460870146751404,0.9941883683204651,1.0391701459884644,0.7351842522621155,2.025120258331299,1.011234313249588,0.7406233847141266,1.5096466839313507,-0.05416342790488078,0.010583618094432956,0,0,1.0324884955537699,1.0,1.0,1.5,0.0,0.0,0.0,0.0,1.0,0.8458485591837035,0.4333421368071937,1.5531077899529704,0.4337949115288994,1.5530977975026747,0.8457906484084886,2.111706031518353,1.517226884894619,1.5881493173048726,1.516822497223542,1.588114594350658,2.11162337069933
2025-05-07 17:16:15.156581,0.9832888245582581,0.7460764050483704,0.9941873550415039,1.0391935110092163,0.7351372838020325,2.0251147747039795,1.0112198293209076,0.7405915856361389,1.5096728801727295,-0.05421807218119049,0.010565855149470326,0,0,1.0324584696996981,1.0,1.0,1.5,0.0,0.0,0.0,0.0,1.0,0.8457177057395722,0.43383677262686604,1.5532125753357375,0.43352502706633744,1.553115198531947,0.8457148339023077,2.111721621500418,1.5167959783611407,1.5881844478652516,1.517050682276619,1.5880102539865164,2.1116671894321954
2025-05-07 17:16:15.257141,0.983241617679596,0.7460091710090637,0.9942367076873779,1.0391963720321655,0.7351629137992859,2.0251171588897705,1.011213332414627,0.7406291663646698,1.509676069021225,-0.05423625850811593,0.010589009976189247,0,0,1.0324581299950508,1.0,1.0,1.5,0.0,0.0,0.0,0.0,1.0,0.8456725561426915,0.43385183356464174,1.5530916435053093,0.4330844511631232,1.5530391470595848,0.8457525779882368,2.1117527401639187,1.5168095038109992,1.5881400244901438,1.5174456248637933,1.5880279525116434,2.1116898963769977
2025-05-07 17:16:15.363989,0.983199417591095,0.7460237145423889,0.9942798018455505,1.0391466617584229,0.7351511120796204,2.02512264251709,1.0111808478832245,0.7405953705310822,1.5097080171108246,-0.054234497458977564,0.010515844093965535,0,0,1.0324314455719452,1.0,1.0,1.5,0.0,0.0,0.0,0.0,1.0,0.84564417944949,0.4343477696715836,1.5532918644759248,0.4333090513882467,1.5530210569403793,0.8458369147324287,2.111640545262882,1.5164564996422287,1.5880885051873137,1.5172816067996195,1.5881333753563736,2.1116286385512626
2025-05-07 17:16:15.464124,0.9832326173782349,0.7460334300994873,0.9942091107368469,1.0391916036605835,0.7351626753807068,2.0251283645629883,1.011195719242096,0.7406120300292969,1.5096717178821564,-0.05419543316303393,0.010501714798162929,0,0,1.0324979922684776,1.0,1.0,1.5,0.0,0.0,0.0,0.0,1.0,0.845710642376732,0.43326192640998384,1.5532666375795716,0.4332446214501229,1.5531230186602936,0.8457431534984509,2.11173379894178,1.517476908924794,1.5880404302915223,1.5174414995368155,1.5881152058460848,2.1117315789005358
2025-05-07 17:16:15.565766,0.9832671284675598,0.7460241913795471,0.9942379593849182,1.039242148399353,0.7350868582725525,2.0251293182373047,1.0112473964691162,0.7405479550361633,1.5096837878227234,-0.05425844807581831,0.010578919228015168,0,0,1.0324681584201347,1.0,1.0,1.5,0.0,0.0,0.0,0.0,1.0,0.8455935381812872,0.4336092098375339,1.5532851920598167,0.4331214420997034,1.5531326207613345,0.8457478482637351,2.1117977953987297,1.5169022456983547,1.5883038057810648,1.5175937897957434,1.5880573478246336,2.111705378779417
2025-05-07 17:16:15.666619,0.9831869006156921,0.7459929585456848,0.9942272305488586,1.039203405380249,0.7351629137992859,2.0250935554504395,1.011208027601242,0.740624874830246,1.5096790194511414,-0.054262915194180014,0.010581226960163495,0,0,1.0324063504544416,1.0,1.0,1.5,0.0,0.0,0.0,0.0,1.0,0.8456843577053939,0.4346833289089106,1.5531233326049767,0.4334645807471853,1.5533292349726373,0.84572382144401,2.111727956709584,1.5160013496456242,1.588127218141941,1.5172809422287363,1.5880179587453194,2.111683247762228
2025-05-07 17:16:15.774700,0.9833488464355469,0.7462688088417053,0.9942291378974915,1.0391782522201538,0.7351589798927307,2.0251545906066895,1.0112636089324951,0.7407091856002808,1.5096764862537384,-0.054103527706608194,0.010769816865925853,0,0,1.0324652290577805,1.0,1.0,1.5,0.0,0.0,0.0,0.0,1.0,0.8459462827648391,0.4336760256216051,1.5526151034011786,0.4334002028798889,1.5533270561248442,0.8456904509661434,2.111477177718712,1.5167640950754162,1.5882644799575862,1.5173164714479614,1.588027612015567,2.111711897552228
2025-05-07 17:16:15.876614,0.9831634759902954,0.7460004091262817,0.9942358136177063,1.0391747951507568,0.7351655960083008,2.025111675262451,1.011155515909195,0.7405330538749695,1.50968736410141,-0.05430812398371602,0.010397940542744242,0,0,1.032426481932735,1.0,1.0,1.5,0.0,0.0,0.0,0.0,1.0,0.8455386828410748,0.4344554829177939,1.5536248922858582,0.43369982910546523,1.553251864072163,0.8456297698687631,2.1118369151127214,1.5164602470817483,1.5880296706642762,1.5170835905036046,1.5880393370424915,2.111730485849468
2025-05-07 17:16:15.977037,0.983233630657196,0.7459803223609924,0.994263768196106,1.0392404794692993,0.7350850701332092,2.025130271911621,1.0112880766391754,0.7406054437160492,1.5096522569656372,-0.05417312173212732,0.010693113791713551,0,0,1.0325296997977804,1.0,1.0,1.5,0.0,0.0,0.0,0.0,1.0,0.8457567115119659,0.43256616308858475,1.5529584807998582,0.4339275660684607,1.5532759637902456,0.8456863065241358,2.1117733578392306,1.5177662996990435,1.5883775668495255,1.5168831286260582,1.5879192500044628,2.1117006997586705
2025-05-07 17:16:16.077546,0.9832025170326233,0.7459739446640015,0.9942143559455872,1.0391649007797241,0.7352357506752014,2.0251307487487793,1.0111789107322693,0.7406204342842102,1.5097203254699707,-0.054245186807573516,0.010431624879911665,0,0,1.032395495691348,1.0,1.0,1.5,0.0,0.0,0.0,0.0,1.0,0.8456458160190341,0.43492046851639865,1.5533824611796723,0.43377330443199347,1.5532114694700738,0.8457458248718552,2.111584751913095,1.5158923242616165,1.5878876279698029,1.5169737921065503,1.5879323412789803,2.1116622933761304
2025-05-07 17:16:16.183581,0.9833248257637024,0.7462619543075562,0.9942196607589722,1.0391708612442017,0.7351894974708557,2.0251505374908447,1.0112530887126923,0.7406891584396362,1.5096680521965027,-0.054129533470140205,0.010795295171428887,0,0,1.0324690565061427,1.0,1.0,1.5,0.0,0.0,0.0,0.0,1.0,0.8459039800385422,0.43363096508642307,1.5526162934150045,0.433697508112205,1.5531882096133907,0.8457215274838962,2.111556590296846,1.516855444577731,1.5883514094505962,1.517033328279244,1.588054342190198,2.1116792474718533
2025-05-07 17:16:16.283987,0.9830896854400635,0.7458754181861877,0.994350790977478,1.0391697883605957,0.7351832389831543,2.0251212120056152,1.0111246705055237,0.7405557632446289,1.509752094745636,-0.054340926675154305,0.010305784014863146,0,0,1.0323812533017729,1.0,1.0,1.5,0.0,0.0,0.0,0.0,1.0,0.8453912976143136,0.4352331355837976,1.5537353499302746,0.43429580290004277,1.5532251878911578,0.8457137963130483,2.111699485504888,1.5158183141918982,1.5878192917933582,1.5164522115500305,1.5880425409143843,2.1116046288654795
2025-05-07 17:16:16.384474,0.983370840549469,0.746247410774231,0.9941141605377197,1.039223313331604,0.7350987195968628,2.0251214504241943,1.0112825334072113,0.7407043874263763,1.5096133947372437,-0.05409215543293901,0.010736588810167308,0,0,1.0325681540049847,1.0,1.0,1.5,0.0,0.0,0.0,0.0,1.0,0.845959767784499,0.4319899541108909,1.5526617513100427,0.43406322332378044,1.553214066111935,0.8456587691982027,2.111741295371629,1.5183668988973793,1.5882389440139013,1.5166606631660877,1.5880926083685034,2.1116313318531277
2025-05-07 17:16:16.486583,0.9831308722496033,0.7458337545394897,0.9942983388900757,1.0391560792922974,0.7352022528648376,2.025139331817627,1.0111274123191833,0.7405241429805756,1.5097612738609314,-0.0543311498855915,0.010310584398672442,0,0,1.0323341926138236,1.0,1.0,1.5,0.0,0.0,0.0,0.0,1.0,0.8454604688020146,0.4359831719533701,1.553805274429627,0.4341835904881878,1.5534687852812825,0.8455934930233375,2.1115899262098874,1.5150562138422232,1.5878884964558406,1.51660966388727,1.5880444192933025,2.1116813969226462
2025-05-07 17:16:16.594680,0.9834235906600952,0.7463663816452026,0.9941410422325134,1.0391643047332764,0.7351745367050171,2.0251448154449463,1.011288583278656,0.7407799959182739,1.5096320807933807,-0.054002684436049886,0.010820797664807251,0,0,1.0325476770700404,1.0,1.0,1.5,0.0,0.0,0.0,0.0,1.0,0.8461402667356231,0.43233536283588925,1.5523596988200836,0.43443998323756094,1.5534672546971557,0.8456167253287311,2.1114785777735015,1.5179948707380242,1.588208319139511,1.516333601605121,1.588064570368457,2.1116964546410566
2025-05-07 17:16:16.696507,0.9832659363746643,0.7461676001548767,0.9942483901977539,1.0391781330108643,0.7351906299591064,2.0251410007476807,1.0111555755138397,0.7405369579792023,1.5097633004188538,-0.05431936809683197,0.010357940629656016,0,0,1.0323333201019962,1.0,1.0,1.5,0.0,0.0,0.0,0.0,1.0,0.8454828041042722,0.4359406786339842,1.5536989726926151,0.43384733572222023,1.553314205419781,0.8457102454523805,2.1115586740527714,1.5149747891051208,1.5879384121988949,1.5168208204247828,1.5880976354958989,2.1116841041226624
2025-05-07 17:16:16.796766,0.9831580519676208,0.7459297180175781,0.9942564368247986,1.0391489267349243,0.73516845703125,2.025132894515991,1.0112271904945374,0.740636020898819,1.5096441209316254,-0.054112677212759704,0.01059064129135647,0,0,1.0325467414133604,1.0,1.0,1.5,0.0,0.0,0.0,0.0,1.0,0.8458781227228115,0.4324419476901089,1.553057816932939,0.4332393086347759,1.5533260289802797,0.845631879306873,2.111687745178037,1.5181584141339268,1.5881436911122577,1.517447205742818,1.5880066092834229,2.1116753998030817
2025-05-07 17:16:16.904298,0.9832793474197388,0.7460973858833313,0.9942185282707214,1.0391716957092285,0.7351933121681213,2.0251104831695557,1.0112189650535583,0.7406601309776306,1.5096909701824188,-0.05414897609623565,0.01053225029586889,0,0,1.0325154223445612,1.0,1.0,1.5,0.0,0.0,0.0,0.0,1.0,0.8457424631095767,0.43294750835542684,1.5531071266530903,0.4327818565405006,1.5529764549487566,0.8456687344063923,2.1116172680877807,1.5176890454089165,1.5879882970453352,1.517859155651272,1.5880754335171248,2.1116995202551676
2025-05-07 17:16:17.007094,0.9831882119178772,0.7458997368812561,0.9942509531974792,1.039232611656189,0.735079288482666,2.0251107215881348,1.0111936330795288,0.7405351400375366,1.5096795856952667,-0.05434551276556659,0.010569004391270316,0,0,1.0324441030557023,1.0,1.0,1.5,0.0,0.0,0.0,0.0,1.0,0.8454518132695417,0.4340850988779915,1.5533341408298247,0.43364193129468587,1.5529652761702717,0.8457597254348878,2.1119580096712847,1.5166629155720819,1.5883112430050144,1.5169489891536174,1.5881755185837567,2.111734938757312
2025-05-07 17:16:17.114039,0.983314037322998,0.7462188005447388,0.994255781173706,1.0391650199890137,0.7352074384689331,2.025153636932373,1.0112395286560059,0.7407131195068359,1.5097047090530396,-0.054124115892598676,0.010665286186934821,0,0,1.0324683875874077,1.0,1.0,1.5,0.0,0.0,0.0,0.0,1.0,0.845834741091406,0.43366781293874235,1.5527788575266297,0.43339001283718315,1.5530659240438007,0.8457848973165275,2.11146453907522,1.516878260974832,1.588083416643292,1.517171403311956,1.5881587940500714,2.1117453031648874
2025-05-07 17:16:17.216770,0.9833186864852905,0.7462668418884277,0.9942045211791992,1.0391682386398315,0.7352169752120972,2.0251307487487793,1.0111980140209198,0.7406378090381622,1.5096668004989624,-0.054209070024115194,0.010500582929149965,0,0,1.0325014302167181,1.0,1.0,1.5,0.0,0.0,0.0,0.0,1.0,0.8456873330029434,0.43319762684283913,1.5532111801993969,0.432992394853837,1.5530621334508907,0.8456984176134091,2.111778744801622,1.5175311114651138,1.5879824600326895,1.517537550042861,1.5881621912523258,2.1117814288640995
2025-05-07 17:16:17.317022,0.9830966591835022,0.7458537817001343,0.9943211674690247,1.039178729057312,0.735160768032074,2.0251517295837402,1.0111742615699768,0.7405376732349396,1.5097239911556244,-0.054279111385184965,0.01041618794401936,0,0,1.0324319151400387,1.0,1.0,1.5,0.0,0.0,0.0,0.0,1.0,0.845512280625327,0.4343369908605681,1.5535835766738288,0.43354813623639965,1.5531952492763001,0.8456079730039179,2.111702158289926,1.516496258231534,1.5880506610924372,1.5170834345796405,1.5881330616901916,2.1117956868166385
2025-05-07 17:16:17.425051,0.9833310842514038,0.7462096214294434,0.9941402673721313,1.0391594171524048,0.735226571559906,2.025123119354248,1.0112478137016296,0.7407004535198212,1.5096272826194763,-0.054103177102462,0.010671263885803478,0,0,1.0325435731297155,1.0,1.0,1.5,0.0,0.0,0.0,0.0,1.0,0.8459407570716745,0.43245348862181343,1.5527831105971193,0.4336086664176124,1.553200337319427,0.845640036563585,2.1116991994026297,1.5180561310910161,1.5881348939156674,1.5170509662651879,1.5881076484631964,2.1117678194239637
2025-05-07 17:16:17.527284,0.9831922650337219,0.7459477782249451,0.9942659735679626,1.0391439199447632,0.7352334260940552,2.02512788772583,1.0111427009105682,0.740582287311554,1.509718805551529,-0.05427478814873825,0.010362242263377055,0,0,1.0323937244510557,1.0,1.0,1.5,0.0,0.0,0.0,0.0,1.0,0.8455879852290127,0.4350165722153292,1.5535814360546614,0.4339623824297325,1.5533184055022666,0.8456183468881692,2.11164927034426,1.5159555437781707,1.5878564997745013,1.5167251809896096,1.5880828138657144,2.111741384309188
2025-05-07 17:16:17.633646,0.9833490252494812,0.7462716102600098,0.9941937923431396,1.0391539335250854,0.7352136373519897,2.0251402854919434,1.0112641155719757,0.7407279312610626,1.5096498727798462,-0.0541032470850593,0.0107387511298857,0,0,1.0324823591785555,1.0,1.0,1.5,0.0,0.0,0.0,0.0,1.0,0.8459803073605889,0.4333996696252602,1.552622127082615,0.43345024319228465,1.5533368357964616,0.8456202535371418,2.1115602524080876,1.5170382218580467,1.5881749753687098,1.5173361924118107,1.587958299224748,2.1116539807577497
2025-05-07 17:16:17.733786,0.9831880927085876,0.746035635471344,0.9942747950553894,1.0391554832458496,0.7351676225662231,2.025143623352051,1.0111682713031769,0.7406277358531952,1.5097084939479828,-0.054231500296359016,0.010476132164843681,0,0,1.0324418312458397,1.0,1.0,1.5,0.0,0.0,0.0,0.0,1.0,0.8456340978504517,0.43420861347156214,1.5532844959258556,0.4338392384834645,1.5533396970096738,0.845595412576839,2.111648528778424,1.5166509927944596,1.5879534663200854,1.5169786683730724,1.5879546512302247,2.111625058328465
2025-05-07 17:16:17.834135,0.98322594165802,0.7459689378738403,0.9942225217819214,1.0392202138900757,0.7351043820381165,2.025110960006714,1.0112230777740479,0.7405366599559784,1.5096667408943176,-0.05426319773179086,0.010523121221785645,0,0,1.0324651902906252,1.0,1.0,1.5,0.0,0.0,0.0,0.0,1.0,0.8456247369127312,0.4337064695125691,1.5534029170910666,0.4343213715093802,1.5533077499606895,0.8455832832745236,2.1118416031522713,1.5169119882816202,1.5882357791026285,1.516390319870167,1.5881507733127787,2.111720061928876
2025-05-07 17:16:17.935261,0.9832906126976013,0.7461127638816833,0.9941726326942444,1.0391684770584106,0.7352060079574585,2.0251381397247314,1.011217325925827,0.7406549453735352,1.509683758020401,-0.054173179458562856,0.010555234196796824,0,0,1.0324808519034034,1.0,1.0,1.5,0.0,0.0,0.0,0.0,1.0,0.8457570271976176,0.4334976297027605,1.553086719300598,0.4343441428482233,1.5533783546166833,0.845534213509495,2.111634437512618,1.5171461362236005,1.5880315210558476,1.516418427056104,1.5881376036924904,2.1117662468290974
2025-05-07 17:16:18.038449,0.983192503452301,0.7460488080978394,0.9942986965179443,1.039175033569336,0.735162079334259,2.0251102447509766,1.0112192034721375,0.740637868642807,1.5096760392189026,-0.05418434696195982,0.010607654341666549,0,0,1.032441636001678,1.0,1.0,1.5,0.0,0.0,0.0,0.0,1.0,0.8458075641447067,0.4341195534156912,1.5530446384201624,0.43480129795915357,1.5533580130948734,0.8455591416203945,2.111617863292122,1.516515951306904,1.588148739551487,1.5159054104720904,1.5882690125093748,2.1118131780779392
2025-05-07 17:16:18.144429,0.9832775592803955,0.7461928129196167,0.9942044615745544,1.039164423942566,0.7351592183113098,2.025113821029663,1.011222004890442,0.7406981289386749,1.5096642673015594,-0.054159639838385,0.010643739841112483,0,0,1.0324919271599657,1.0,1.0,1.5,0.0,0.0,0.0,0.0,1.0,0.8458135011520143,0.43331793690530207,1.552843210133303,0.4341234697966857,1.5532443433364498,0.8456961016112898,2.1116637227211243,1.5173052415767536,1.5880850225365273,1.5164319143624025,1.5882953495422734,2.11176958280262
2025-05-07 17:16:18.245869,0.9831564426422119,0.7459653615951538,0.9943010210990906,1.03913414478302,0.7352200150489807,2.0251519680023193,1.011165201663971,0.740596354007721,1.5097036361694336,-0.05420823028180128,0.010414715091699386,0,0,1.0324691754993958,1.0,1.0,1.5,0.0,0.0,0.0,0.0,1.0,0.8456542148486403,0.4337826295700863,1.5534502799224037,0.4334516044627056,1.5532648566567566,0.8456064237713025,2.111649786005852,1.5170904831084415,1.5879257624436243,1.5171205643643515,1.5881545898115967,2.1117632733226612
2025-05-07 17:16:18.347868,0.9833108186721802,0.7461400628089905,0.9941800236701965,1.0391483306884766,0.7352086901664734,2.0251312255859375,1.0111838281154633,0.7406449019908905,1.509690761566162,-0.05420046634610567,0.010530853785959728,0,0,1.032454236762245,1.0,1.0,1.5,0.0,0.0,0.0,0.0,1.0,0.8457218030871995,0.43398770475984483,1.5531539605904037,0.4328542322348037,1.5528837256671002,0.8456891419829327,2.111638846021687,1.516803451532117,1.5880084706496782,1.5176231294442735,1.5882303185223532,2.1117608068047566
2025-05-07 17:16:18.454574,0.9831908941268921,0.7459948062896729,0.9942929744720459,1.0391616821289062,0.7352484464645386,2.0251731872558594,1.011169970035553,0.7406022250652313,1.5097253322601318,-0.05422950806876566,0.010446487987212096,0,0,1.0324387130981678,1.0,1.0,1.5,0.0,0.0,0.0,0.0,1.0,0.8456055852878878,0.4342541831865664,1.553390222474709,0.4331598422768336,1.5529109820501474,0.8457975877421106,2.111602952767532,1.5165979486570005,1.5879599872382733,1.517393837189414,1.5880956664903494,2.111682783256272
2025-05-07 17:16:18.556866,0.9833152890205383,0.7462440133094788,0.9941946268081665,1.0391672849655151,0.7351586818695068,2.0251200199127197,1.0112361013889313,0.7407305240631104,1.5096604228019714,-0.05411329759098701,0.010680067425467515,0,0,1.03250173300873,1.0,1.0,1.5,0.0,0.0,0.0,0.0,1.0,0.8459070131673627,0.43314584398940537,1.552710015923528,0.43296770688738884,1.5529626684745335,0.8458355800707089,2.111587126503963,1.517415309899297,1.5880756781987864,1.5175441420391553,1.5880875152985072,2.1116718037526856
2025-05-07 17:16:18.658080,0.9831350445747375,0.7459516525268555,0.9943158626556396,1.0391583442687988,0.7352217435836792,2.025158405303955,1.0111549198627472,0.740546315908432,1.50973179936409,-0.054277212644508376,0.01031483918534524,0,0,1.032428455554371,1.0,1.0,1.5,0.0,0.0,0.0,0.0,1.0,0.8455033318142131,0.4344314394556613,1.5537328362093668,0.4326868373203585,1.5529692108340931,0.8458121622481557,2.111676750983791,1.5164869131482512,1.5878633737935326,1.5178491395663907,1.5880391423992444,2.111652735384443
2025-05-07 17:16:18.763247,0.9832218289375305,0.7460363507270813,0.9941839575767517,1.0391465425491333,0.7352076172828674,2.025115489959717,1.0111938416957855,0.7406288385391235,1.5096571147441864,-0.05421156222022973,0.01047459122018465,0,0,1.0325197343314534,1.0,1.0,1.5,0.0,0.0,0.0,0.0,1.0,0.8456765064262597,0.4329121641113861,1.5532706661359605,0.4335039373189409,1.5532556605482215,0.8456366940390813,2.11183218869932,1.5178349324271574,1.5879624442918963,1.5172251943796675,1.5879795479631311,2.111716611777569
2025-05-07 17:16:18.863928,0.9832122325897217,0.7459990382194519,0.9943098425865173,1.0391596555709839,0.7352139949798584,2.025170087814331,1.0111819505691528,0.7405795753002167,1.509733408689499,-0.0542123287811027,0.01049874813909499,0,0,1.032420705326073,1.0,1.0,1.5,0.0,0.0,0.0,0.0,1.0,0.8456510935168178,0.4345233105197992,1.5533568240297746,0.4335039373189409,1.5532556605482215,0.8456366940390813,2.111521908249387,1.5162761069759283,1.588093044649272,1.5172251943796675,1.5879795479631311,2.111716611777569
2025-05-07 17:16:18.964041,0.9832585453987122,0.7461950182914734,0.9941957592964172,1.0391765832901,0.7351866364479065,2.025132656097412,1.0112124979496002,0.740704745054245,1.5096618235111237,-0.054177372873705235,0.010635057102425939,0,0,1.0325053606067847,1.0,1.0,1.5,0.0,0.0,0.0,0.0,1.0,0.8457614250554097,0.43311812014154805,1.5528405845428332,0.4344352737188091,1.553459152421301,0.8454795847225103,2.111726551495646,1.517546888880211,1.5880585372184888,1.516265796113039,1.588264516153986,2.1119004716587155
2025-05-07 17:16:19.066347,0.9831514954566956,0.7459550499916077,0.9943496584892273,1.039146900177002,0.7351824641227722,2.025158643722534,1.0111621916294098,0.7405775487422943,1.50971719622612,-0.05423944930103421,0.010451147267864964,0,0,1.0324575277419292,1.0,1.0,1.5,0.0,0.0,0.0,0.0,1.0,0.8455749614763172,0.4339674242594588,1.5534334395461236,0.43403438083924817,1.553490479557357,0.8454964112666854,2.1116693751287547,1.516918932571138,1.5880253459877816,1.5167634630938573,1.588075570495286,2.111813359317421
2025-05-07 17:16:19.175147,0.9832889437675476,0.7460727691650391,0.9941465258598328,1.0391710996627808,0.7351362109184265,2.025113821029663,1.011225312948227,0.7406518459320068,1.5096355378627777,-0.05414095567305572,0.010500284363823009,0,0,1.0325478170573408,1.0,1.0,1.5,0.0,0.0,0.0,0.0,1.0,0.8458342518093147,0.4324164804850862,1.5531724645070435,0.4343653573088109,1.5535292559435652,0.8455389943192069,2.1117693815944634,1.5181921425427154,1.5879594133921264,1.5163939343400539,1.5880655116269304,2.111725536339515
2025-05-07 17:16:19.276437,0.9831386208534241,0.7459064722061157,0.9943208694458008,1.0391597747802734,0.7352045178413391,2.0251595973968506,1.0111800730228424,0.7405708134174347,1.5097185969352722,-0.05422981118875147,0.010395396739413754,0,0,1.0324554921070015,1.0,1.0,1.5,0.0,0.0,0.0,0.0,1.0,0.8455949425276397,0.43396139065551376,1.553540872539605,0.4348942308187773,1.5535078349331761,0.8455537309702198,2.1116432309571627,1.5168462880439797,1.5879475484236827,1.5157832355737397,1.5882065233965967,2.111796296590968
2025-05-07 17:16:19.377510,0.9832910895347595,0.746184766292572,0.9941681027412415,1.0391521453857422,0.7352057695388794,2.025113344192505,1.0112222135066986,0.7407059669494629,1.5096610486507416,-0.054132352605594014,0.010654590065681108,0,0,1.032475476213545,1.0,1.0,1.5,0.0,0.0,0.0,0.0,1.0,0.8459028263962284,0.43358952291525066,1.5528110029873448,0.4342382653508743,1.5530350749420947,0.8456632616957496,2.111588559540509,1.5170327376552755,1.5880827424350188,1.5163156763758103,1.5882995302748855,2.1117746231118373
2025-05-07 17:16:19.485025,0.9831916093826294,0.7460565567016602,0.9943087100982666,1.039156198501587,0.7352374792098999,2.025181531906128,1.0111879706382751,0.740603119134903,1.509731411933899,-0.05426395967832492,0.010564548078146798,0,0,1.0324225836204752,1.0,1.0,1.5,0.0,0.0,0.0,0.0,1.0,0.8455431245005914,0.434466760466086,1.5531958473442329,0.4341090461005419,1.5530775913994288,0.8457931856974832,2.1116386629902535,1.5163061687255033,1.5881504284621941,1.5166295269737988,1.588059925099137,2.1115990657940635
2025-05-07 17:16:19.587708,0.9832965731620789,0.7461421489715576,0.9941872954368591,1.0391920804977417,0.7351559996604919,2.0251128673553467,1.011219561100006,0.740626335144043,1.5096687078475952,-0.05421558609314232,0.010596867439411293,0,0,1.0324632060900023,1.0,1.0,1.5,0.0,0.0,0.0,0.0,1.0,0.845725577896492,0.4337636177828834,1.5530839502071667,0.43347347455740803,1.5529275927728763,0.8459768116949371,2.111732107574089,1.5168703133770898,1.5881601751590444,1.5170665673661148,1.5880925621801267,2.111502903652353
2025-05-07 17:16:19.687860,0.9832046031951904,0.7460159063339233,0.9942925572395325,1.0391590595245361,0.7352054715156555,2.025148391723633,1.011190414428711,0.7406017780303955,1.5096967816352844,-0.05420730971265013,0.010453326251461649,0,0,1.0324761064066674,1.0,1.0,1.5,0.0,0.0,0.0,0.0,1.0,0.8456615191762938,0.43361811317400467,1.5533732085335514,0.43347347455740803,1.5529275927728763,0.8459768116949371,2.111672641628455,1.5171440633396671,1.5879789681327083,1.5170665673661148,1.5880925621801267,2.111502903652353
2025-05-07 17:16:19.794679,0.9832133650779724,0.7459599375724792,0.9942141175270081,1.0391911268234253,0.7351406812667847,2.025109052658081,1.0111858546733856,0.7405941784381866,1.5096688568592072,-0.054214417837498335,0.010394089291673661,0,0,1.0324821351389633,1.0,1.0,1.5,0.0,0.0,0.0,0.0,1.0,0.8456985159625305,0.433527134208477,1.5534868975525176,0.43347096825614884,1.5529051397616846,0.845874032068517,2.111758513856958,1.5172551052286263,1.5878987173194612,1.517144473543015,1.5880581046764868,2.1115500840661268
2025-05-07 17:16:19.896267,0.9832186102867126,0.7460259795188904,0.9943020939826965,1.0391578674316406,0.7351956367492676,2.025153398513794,1.0112298727035522,0.7406848073005676,1.5097041428089142,-0.0541219504738422,0.010675821518095947,0,0,1.0324656962418304,1.0,1.0,1.5,0.0,0.0,0.0,0.0,1.0,0.8458446072526091,0.43373321204355375,1.5528242004869646,0.4334840264861529,1.552896026914604,0.8457980458800896,2.1114571643881686,1.5168553480608165,1.5881626473905381,1.5170356902535018,1.588110359365456,2.1116418058807747
2025-05-07 17:16:19.998041,0.9832714200019836,0.7462061643600464,0.9942136406898499,1.0391547679901123,0.7352098822593689,2.0251245498657227,1.0111591815948486,0.7405939996242523,1.5097014904022217,-0.05426242317492828,0.010430262527261957,0,0,1.0324217583994038,1.0,1.0,1.5,0.0,0.0,0.0,0.0,1.0,0.8456122857811752,0.4345383587619994,1.5534381862951494,0.4334840264861529,1.552896026914604,0.8457980458800896,2.1117011564490493,1.5163612422206665,1.5879482153581406,1.5170356902535018,1.588110359365456,2.1116418058807747
2025-05-07 17:16:20.104007,0.9831633567810059,0.7459953427314758,0.9943252801895142,1.0391560792922974,0.7352087497711182,2.025132656097412,1.011158525943756,0.7405870258808136,1.5097439885139465,-0.054262073236034124,0.01047722766416161,0,0,1.032413530090408,1.0,1.0,1.5,0.0,0.0,0.0,0.0,1.0,0.8455318965301095,0.43467342917746254,1.5533773157215554,0.4333419060487784,1.5532526999257859,0.8456859838482357,2.1115945540085255,1.5162290566700105,1.5880397704028648,1.5172913694601022,1.5880454510904496,2.1117753732684634
2025-05-07 17:16:20.204636,0.9832541942596436,0.7460543513298035,0.9941664934158325,1.0391649007797241,0.7351986765861511,2.025102376937866,1.0112003684043884,0.7406396269798279,1.5096461176872253,-0.05416090507147253,0.010488457712693732,0,0,1.03253000136188,1.0,1.0,1.5,0.0,0.0,0.0,0.0,1.0,0.8457941179768633,0.432749738683456,1.5532221298413984,0.4335583841503545,1.55326096403304,0.8457686236969588,2.111762964199345,1.517968640337235,1.587963511447359,1.5171357357799127,1.5880089939862168,2.111713714254701
2025-05-07 17:16:20.306579,0.983182966709137,0.7459455132484436,0.9943174719810486,1.0391534566879272,0.7352244257926941,2.0251502990722656,1.0112023055553436,0.7406708896160126,1.509710669517517,-0.05417472689124481,0.01055074396310734,0,0,1.032451340322345,1.0,1.0,1.5,0.0,0.0,0.0,0.0,1.0,0.8457373328527056,0.4340021366074731,1.5530643982563184,0.43425286102034144,1.5534780783095075,0.8456427542739882,2.111535721270219,1.516707718949015,1.5879836874332265,1.5165815682437271,1.5879632669053363,2.1117446453994737
2025-05-07 17:16:20.407089,0.9832901954650879,0.7462142705917358,0.9941944479942322,1.0391533374786377,0.7351963520050049,2.0251028537750244,1.0111746788024902,0.7406323254108429,1.5096771717071533,-0.05422940195254495,0.010530677408414528,0,0,1.0324262470187697,1.0,1.0,1.5,0.0,0.0,0.0,0.0,1.0,0.8457305960816985,0.43444667762983313,1.5531869610479236,0.43425286102034144,1.5534780783095075,0.8456427542739882,2.1116898484068267,1.51638473563921,1.5880308071443676,1.5165815682437271,1.5879632669053363,2.1117446453994737
2025-05-07 17:16:20.513249,0.9832273721694946,0.7460321187973022,0.9942782521247864,1.0391595363616943,0.7351961135864258,2.025135040283203,1.0111919045448303,0.7406122982501984,1.5097158253192902,-0.05420082738352833,0.01049916214452573,0,0,1.032448122447561,1.0,1.0,1.5,0.0,0.0,0.0,0.0,1.0,0.8456745028782164,0.4340663612595077,1.553279226480827,0.43417530655174674,1.5535015524790703,0.8455449686208056,2.111575865716907,1.5166892587432388,1.5880266612183003,1.5167337358066515,1.5879460869862618,2.1117815866312695
2025-05-07 17:16:20.614809,0.9832009077072144,0.7460370063781738,0.9941946864128113,1.0391732454299927,0.7351954579353333,2.025113582611084,1.011156976222992,0.7405410408973694,1.5096781551837921,-0.05430113244998449,0.010355347716190883,0,0,1.0324478997889206,1.0,1.0,1.5,0.0,0.0,0.0,0.0,1.0,0.8455423571416112,0.43411008803798345,1.5536739864762477,0.4342279884745226,1.5534932879012902,0.8455967234515971,2.1118737600497037,1.5167992165808521,1.5879454335753271,1.5167342927525893,1.5879913302856605,2.1117298318004782
2025-05-07 17:16:20.714890,0.983376145362854,0.7462496757507324,0.994186520576477,1.0391632318496704,0.7351905703544617,2.0251553058624268,1.0112816095352173,0.7407116293907166,1.509661853313446,-0.05408261061220794,0.010727452236775995,0,0,1.032519643490524,1.0,1.0,1.5,0.0,0.0,0.0,0.0,1.0,0.8459438398956582,0.4327706214141547,1.5526698534463224,0.4342490453408928,1.5534071909539746,0.8457363227919223,2.1115440055251793,1.5175902966308892,1.588198977234525,1.5165700416876104,1.5880067480452016,2.1115873475953455
2025-05-07 17:16:20.817334,0.9832035899162292,0.7460945844650269,0.9942173361778259,1.0391740798950195,0.7351965308189392,2.0251240730285645,1.011132925748825,0.7405573725700378,1.5097233951091766,-0.05435292669819219,0.010385575464288187,0,0,1.0323815258902989,1.0,1.0,1.5,0.0,0.0,0.0,0.0,1.0,0.8454291089269497,0.43521008744550305,1.5535998295035587,0.43445094615473223,1.5533609266875605,0.8456037058838631,2.1117879525926733,1.5158050392596665,1.5879477311882748,1.5161664625977092,1.5882701639534613,2.1117781863204215
2025-05-07 17:16:20.924686,0.9832950234413147,0.7462198138237,0.9942610859870911,1.0391623973846436,0.7352135181427002,2.025167226791382,1.0111983120441437,0.7405679821968079,1.5096326172351837,-0.0540892731873742,0.010950043023914344,0,0,1.0323145875877087,1.0,1.0,1.5,0.0,0.0,0.0,0.0,1.0,0.8462933378705345,0.4362415306187022,1.5526557075947798,0.4338329860094222,1.5528957975769413,0.8457372273212753,2.1113231462946573,1.5144858963870655,1.5888451707392657,1.5166369012472,1.5883614408111204,2.1117274080508865
2025-05-07 17:16:21.024855,0.9831345677375793,0.7458519339561462,0.9942591786384583,1.0391876697540283,0.7351945042610168,2.0251030921936035,1.0111540257930756,0.7405422925949097,1.509688526391983,-0.05430794024695345,0.010285844860786783,0,0,1.0324353632973498,1.0,1.0,1.5,0.0,0.0,0.0,0.0,1.0,0.8455226586069298,0.4343122836882535,1.553788436790477,0.43356417545499115,1.5529319378535638,0.8457604978885039,2.111847825268345,1.516610002822214,1.5878254757919206,1.5169857012349197,1.5881528642971627,2.1116543080006256
2025-05-07 17:16:21.127947,0.9831982851028442,0.7459554076194763,0.9943063855171204,1.039157748222351,0.7351959347724915,2.0251519680023193,1.0112689435482025,0.7407287061214447,1.5096440315246582,-0.05404697447341648,0.010716577975796848,0,0,1.0325828384326536,1.0,1.0,1.5,0.0,0.0,0.0,0.0,1.0,0.8459674532455914,0.4317980627261023,1.552638709818559,0.43314884349616467,1.5527624052690414,0.8459057435879551,2.1115988080459127,1.5186185856618066,1.5881549832470845,1.5172452504941611,1.5881874638868423,2.1115658416857874
2025-05-07 17:16:21.234288,0.9832390546798706,0.7460917234420776,0.9942432641983032,1.0391652584075928,0.7351765036582947,2.0250818729400635,1.0112106204032898,0.740656703710556,1.5096920132637024,-0.054213259552803456,0.01052836814733337,0,0,1.032471521818566,1.0,1.0,1.5,0.0,0.0,0.0,0.0,1.0,0.8456666047763602,0.43364819237638674,1.553128997926353,0.4332115942944553,1.5527759051880514,0.8459711517617321,2.1116885368633493,1.517025077849138,1.5879815057472007,1.5172512119303676,1.5881158732810343,2.1114988599493887
2025-05-07 17:16:21.334829,0.9833058714866638,0.7462529540061951,0.9942187666893005,1.0391099452972412,0.7349435091018677,2.0250062942504883,1.0112302005290985,0.7407192289829254,1.5096692740917206,-0.054121702057255326,0.010719575774421201,0,0,1.0324720157883518,1.0,1.0,1.5,0.0,0.0,0.0,0.0,1.0,0.8459130579840519,0.4336332661860294,1.5526749063808118,0.4332115942944553,1.5527759051880514,0.8459711517617321,2.1115421360123774,1.516953851485937,1.5881604860943166,1.5172512119303676,1.5881158732810343,2.1114988599493887
2025-05-07 17:16:21.438457,0.983194887638092,0.7459881901741028,0.99420565366745,1.039201259613037,0.7351486682891846,2.0251080989837646,1.011127531528473,0.7405324578285217,1.5097320079803467,-0.05430680938145619,0.010280009874915619,0,0,1.0324183439678516,1.0,1.0,1.5,0.0,0.0,0.0,0.0,1.0,0.8454541174552039,0.4346429611992719,1.5538227183096474,0.43380778130946807,1.5530843118085291,0.845803562983836,2.1117250474312708,1.5163959000754472,1.5878344672448572,1.516836771398204,1.5880539914713476,2.1115855413824667
2025-05-07 17:16:21.545146,0.9832831025123596,0.746101438999176,0.9942225217819214,1.0391499996185303,0.7352389097213745,2.025165557861328,1.0112208425998688,0.7406445741653442,1.509678065776825,-0.05414711593724048,0.010570580497878377,0,0,1.0324818885192977,1.0,1.0,1.5,0.0,0.0,0.0,0.0,1.0,0.8458238326400638,0.43348197461397453,1.5530839482199208,0.4339576507304821,1.5530741611452896,0.8457579882570567,2.1115926779419065,1.517146317946603,1.5880799254525648,1.5166027163769094,1.5881176432637378,2.111664160924309
2025-05-07 17:16:21.645405,0.9832175970077515,0.7459701895713806,0.9942564368247986,1.039157509803772,0.7352027297019958,2.0251219272613525,1.0111919045448303,0.7406033575534821,1.509692519903183,-0.054219892929515054,0.010396540614341681,0,0,1.032445098796589,1.0,1.0,1.5,0.0,0.0,0.0,0.0,1.0,0.8456885965181627,0.43410473576464603,1.5534692303384778,0.43436621546906196,1.5535413547513475,0.845556069187732,2.111664315907832,1.5166508842381003,1.5878759964262015,1.516408680675805,1.5880279735567582,2.111811923213391
2025-05-07 17:16:21.746922,0.9831339120864868,0.7458977103233337,0.9943301677703857,1.0391396284103394,0.735227644443512,2.0251216888427734,1.0112781822681427,0.740651547908783,1.5096337795257568,-0.054200490368428826,0.010761941704651496,0,0,1.0324453167207703,1.0,1.0,1.5,0.0,0.0,0.0,0.0,1.0,0.8458620667292551,0.4339322676656877,1.5527586030426745,0.43398886355988375,1.5535287462320502,0.8455148721986909,2.111749303357415,1.5164437303544844,1.5883745861586804,1.5168059643781961,1.5880784787092035,2.111798570031534
2025-05-07 17:16:21.847891,0.9833754301071167,0.7463590502738953,0.9941777586936951,1.0391470193862915,0.735220730304718,2.0251264572143555,1.01118004322052,0.7406273484230042,1.509703278541565,-0.05420706552957057,0.010473877486062521,0,0,1.0324193651583589,1.0,1.0,1.5,0.0,0.0,0.0,0.0,1.0,0.8457303482331575,0.4345495683183308,1.5532931022637975,0.43398886355988375,1.5535287462320502,0.8455148721986909,2.1115752261839567,1.5162582415113812,1.5879465646749842,1.5168059643781961,1.5880784787092035,2.111798570031534
2025-05-07 17:16:21.953936,0.9830630421638489,0.7457674145698547,0.9943141341209412,1.0391572713851929,0.7352252006530762,2.0251541137695312,1.0111078917980194,0.7404748201370239,1.5097227990627289,-0.05435923492875145,0.010253206648751956,0,0,1.032396468502115,1.0,1.0,1.5,0.0,0.0,0.0,0.0,1.0,0.8453941049097282,0.4350189269759831,1.553997691585253,0.43408575165372987,1.5535971757951372,0.8455011286186838,2.1118255792142646,1.5161063491127313,1.5879130998118418,1.5167248119105707,1.5880649927076704,2.111799331719909
2025-05-07 17:16:22.055089,0.9834209084510803,0.746327817440033,0.9941508769989014,1.0391969680786133,0.7351646423339844,2.0251433849334717,1.0112972557544708,0.7407691180706024,1.5096522569656372,-0.05402356549121504,0.010766945364871829,0,0,1.0325689567777407,1.0,1.0,1.5,0.0,0.0,0.0,0.0,1.0,0.8460199481203767,0.43196716542318636,1.5524689065545725,0.4342016599916152,1.5536263288074168,0.8455470655449853,2.1115101212308196,1.518324909257142,1.5881469739347769,1.5166443087316819,1.587912446159777,2.1117633606902135
2025-05-07 17:16:22.155481,0.9831017255783081,0.7459094524383545,0.9943314790725708,1.039189338684082,0.7351617217063904,2.0251007080078125,1.0111400485038757,0.7405394911766052,1.5097418427467346,-0.0543464303623286,0.01040304963663315,0,0,1.0324007497462697,1.0,1.0,1.5,0.0,0.0,0.0,0.0,1.0,0.8453745587477508,0.43488957599956934,1.553606856088998,0.43383749421842155,1.5532228713018168,0.8455734214061004,2.111761333166617,1.5160942105833772,1.588019382733939,1.5169750362991565,1.5879904384630454,2.1117847362286346
2025-05-07 17:16:22.255525,0.9833670854568481,0.7463718056678772,0.9941836595535278,1.0391417741775513,0.7351955771446228,2.0251271724700928,1.0112680792808533,0.7407881319522858,1.5096638798713684,-0.05407345195625385,0.010815730491054738,0,0,1.0325299035039301,1.0,1.0,1.5,0.0,0.0,0.0,0.0,1.0,0.8459448367399238,0.4326427318553656,1.5523534793054787,0.4341808422639817,1.553222183191946,0.8456547151975403,2.111534091826055,1.51777771930888,1.588178740104464,1.516666831152156,1.588008435761759,2.1117459286279905
2025-05-07 17:16:22.356588,0.9831377863883972,0.7458842396736145,0.9942761063575745,1.0391401052474976,0.7352394461631775,2.0251264572143555,1.0111032128334045,0.7404962778091431,1.5097185969352722,-0.05434392650473355,0.010183953510300317,0,0,1.0323932662559485,1.0,1.0,1.5,0.0,0.0,0.0,0.0,1.0,0.8454400986304902,0.4350824458987975,1.5540655677061646,0.4341808422639817,1.553222183191946,0.8456547151975403,2.111798074854312,1.5160634176342227,1.587750809933606,1.516666831152156,1.588008435761759,2.1117459286279905
