time_s,x1dot,y1dot,z1dot,x2dot,y2dot,z2dot
1759432993.0939646,3.611787148981863,0.8641847663763558,-0.6752286057587378,-2.6034355249698695,1.039359450971743,4.138616333496165
1759432993.095745,3.611787148981863,0.8641847663763558,-0.6752286057587378,-2.6034355249698695,1.039359450971743,4.138616333496165
1759432993.0966408,3.6117528891772643,0.8642149887809961,-0.6752588054846909,-2.6034255838603393,1.0393507160415443,4.138647248477855
1759432993.107561,3.6117528891772643,0.8642149887809961,-0.6752588054846909,-2.6034255838603393,1.0393507160415443,4.138647248477855
1759432993.108374,3.6117528891772643,0.8642149887809961,-0.6752588054846909,-2.6034255838603393,1.0393507160415443,4.138647248477855
1759432993.1089191,3.6117528891772643,0.8642149887809961,-0.6752588054846909,-2.6034255838603393,1.0393507160415443,4.138647248477855
1759432993.1100237,0.005858435261547141,0.9063262588145602,0.21332298024017854,0.02062629259794993,0.8899045639870298,-0.2851818631442313
1759432993.110732,0.005858435261547141,0.9063262588145602,0.21332298024017854,0.02062629259794993,0.8899045639870298,-0.2851818631442313
1759432993.1112533,0.005858435261547141,0.9063262588145602,0.21332298024017854,0.02062629259794993,0.8899045639870298,-0.2851818631442313
1759432993.111757,0.005858435261547141,0.9063262588145602,0.21332298024017854,0.02062629259794993,0.8899045639870298,-0.2851818631442313
1759432993.1127884,0.005883901298990411,0.9063019711250913,0.21331551128359044,0.020636648952016667,0.8898967173223842,-0.2851515060040494
1759432993.1176353,0.005883901298990411,0.9063019711250913,0.21331551128359044,0.020636648952016667,0.8898967173223842,-0.2851515060040494
1759432993.1183062,0.005883901298990411,0.9063019711250913,0.21331551128359044,0.020636648952016667,0.8898967173223842,-0.2851515060040494
1759432993.1192563,0.005883901298990411,0.9063019711250913,0.21331551128359044,0.020636648952016667,0.8898967173223842,-0.2851515060040494
1759432993.1198194,0.005883901298990411,0.9063019711250913,0.21331551128359044,0.020636648952016667,0.8898967173223842,-0.2851515060040494
1759432993.131072,0.0060086799287635785,0.906336290543083,0.21340516176436092,0.02056438201429062,0.8898837140154803,-0.2852094468137994
1759432993.1376524,0.0060086799287635785,0.906336290543083,0.21340516176436092,0.02056438201429062,0.8898837140154803,-0.2852094468137994
1759432993.138162,0.0060086799287635785,0.906336290543083,0.21340516176436092,0.02056438201429062,0.8898837140154803,-0.2852094468137994
1759432993.1386416,0.0060086799287635785,0.906336290543083,0.21340516176436092,0.02056438201429062,0.8898837140154803,-0.2852094468137994
1759432993.1390815,0.0060086799287635785,0.906336290543083,0.21340516176436092,0.02056438201429062,0.8898837140154803,-0.2852094468137994
1759432993.1402874,0.006062760219555154,0.9061383270835021,0.21345906304631768,0.020537779464740502,0.8899221307421586,-0.28523020791326104
1759432993.1407862,0.006062760219555154,0.9061383270835021,0.21345906304631768,0.020537779464740502,0.8899221307421586,-0.28523020791326104
1759432993.1414516,0.006062760219555154,0.9061383270835021,0.21345906304631768,0.020537779464740502,0.8899221307421586,-0.28523020791326104
1759432993.1420085,0.006062760219555154,0.9061383270835021,0.21345906304631768,0.020537779464740502,0.8899221307421586,-0.28523020791326104
1759432993.1531887,0.005919098923939178,0.9060844173419735,0.21338171268197748,0.02056121819184451,0.890001700283263,-0.2852103164264843
1759432993.1576166,0.005919098923939178,0.9060844173419735,0.21338171268197748,0.02056121819184451,0.890001700283263,-0.2852103164264843
1759432993.1581538,0.005919098923939178,0.9060844173419735,0.21338171268197748,0.02056121819184451,0.890001700283263,-0.2852103164264843
1759432993.1586773,0.005919098923939178,0.9060844173419735,0.21338171268197748,0.02056121819184451,0.890001700283263,-0.2852103164264843
1759432993.159165,0.005919098923939178,0.9060844173419735,0.21338171268197748,0.02056121819184451,0.890001700283263,-0.2852103164264843
1759432993.1677582,0.005887772026167512,0.9060946338502033,0.21338322243259636,0.020599459228410125,0.8899568534764187,-0.2852175482230016
1759432993.1683822,0.005887772026167512,0.9060946338502033,0.21338322243259636,0.020599459228410125,0.8899568534764187,-0.2852175482230016
1759432993.1689253,0.005887772026167512,0.9060946338502033,0.21338322243259636,0.020599459228410125,0.8899568534764187,-0.2852175482230016
1759432993.1694021,0.005887772026167512,0.9060946338502033,0.21338322243259636,0.020599459228410125,0.8899568534764187,-0.2852175482230016
1759432993.1706064,0.005946548970890852,0.9061134458874683,0.21347433588358927,0.020587471929835465,0.8899165167118092,-0.2852214004740434
1759432993.1711268,0.005946548970890852,0.9061134458874683,0.21347433588358927,0.020587471929835465,0.8899165167118092,-0.2852214004740434
1759432993.1716554,0.005946548970890852,0.9061134458874683,0.21347433588358927,0.020587471929835465,0.8899165167118092,-0.2852214004740434
1759432993.1721349,0.005946548970890852,0.9061134458874683,0.21347433588358927,0.020587471929835465,0.8899165167118092,-0.2852214004740434
1759432993.1777837,0.005976714483816575,0.9061623434057214,0.21347582821845423,0.020605168946664382,0.8898777817854903,-0.28521144871711146
1759432993.1783462,0.005976714483816575,0.9061623434057214,0.21347582821845423,0.020605168946664382,0.8898777817854903,-0.28521144871711146
1759432993.17886,0.005976714483816575,0.9061623434057214,0.21347582821845423,0.020605168946664382,0.8898777817854903,-0.28521144871711146
1759432993.1793509,0.005976714483816575,0.9061623434057214,0.21347582821845423,0.020605168946664382,0.8898777817854903,-0.28521144871711146
1759432993.1878774,0.005918094211167886,0.9061519571010112,0.21339221505450068,0.020597210831098958,0.8898838095005513,-0.2852198651246911
1759432993.1884081,0.005918094211167886,0.9061519571010112,0.21339221505450068,0.020597210831098958,0.8898838095005513,-0.2852198651246911
1759432993.188937,0.005918094211167886,0.9061519571010112,0.21339221505450068,0.020597210831098958,0.8898838095005513,-0.2852198651246911
1759432993.1893811,0.005918094211167886,0.9061519571010112,0.21339221505450068,0.020597210831098958,0.8898838095005513,-0.2852198651246911
1759432993.1977358,0.005913444461637752,0.9061352766760632,0.213388655776806,0.02059476762790082,0.8899163522115902,-0.2852172595213128
1759432993.198341,0.005913444461637752,0.9061352766760632,0.213388655776806,0.02059476762790082,0.8899163522115902,-0.2852172595213128
1759432993.198965,0.005913444461637752,0.9061352766760632,0.213388655776806,0.02059476762790082,0.8899163522115902,-0.2852172595213128
1759432993.1994865,0.005913444461637752,0.9061352766760632,0.213388655776806,0.02059476762790082,0.8899163522115902,-0.2852172595213128
1759432993.2107043,0.0058949529681108425,0.9061584862877242,0.2133988192789204,0.020579463287840084,0.8899258655499108,-0.2852193167917378
1759432993.2179646,0.0058949529681108425,0.9061584862877242,0.2133988192789204,0.020579463287840084,0.8899258655499108,-0.2852193167917378
1759432993.2186995,0.0058949529681108425,0.9061584862877242,0.2133988192789204,0.020579463287840084,0.8899258655499108,-0.2852193167917378
1759432993.2194498,0.0058949529681108425,0.9061584862877242,0.2133988192789204,0.020579463287840084,0.8899258655499108,-0.2852193167917378
1759432993.2201555,0.0058949529681108425,0.9061584862877242,0.2133988192789204,0.020579463287840084,0.8899258655499108,-0.2852193167917378
1759432993.2217138,0.005880883679801969,0.9061123262611918,0.21338592638916784,0.02057916785675809,0.889977427247376,-0.285215245389412
1759432993.2224383,0.005880883679801969,0.9061123262611918,0.21338592638916784,0.02057916785675809,0.889977427247376,-0.285215245389412
1759432993.2230005,0.005880883679801969,0.9061123262611918,0.21338592638916784,0.02057916785675809,0.889977427247376,-0.285215245389412
1759432993.2237604,0.005880883679801969,0.9061123262611918,0.21338592638916784,0.02057916785675809,0.889977427247376,-0.285215245389412
1759432993.224289,0.005880883679801969,0.9061123262611918,0.21338592638916784,0.02057916785675809,0.889977427247376,-0.285215245389412
1759432993.2277253,0.0059073748919378,0.9060978961534126,0.2133933115481435,0.020591717686950138,0.8899488675051109,-0.28522620682707417
1759432993.228544,0.0059073748919378,0.9060978961534126,0.2133933115481435,0.020591717686950138,0.8899488675051109,-0.28522620682707417
1759432993.2293723,0.0059073748919378,0.9060978961534126,0.2133933115481435,0.020591717686950138,0.8899488675051109,-0.28522620682707417
1759432993.2301188,0.0059073748919378,0.9060978961534126,0.2133933115481435,0.020591717686950138,0.8899488675051109,-0.28522620682707417
1759432993.2377617,0.005901608396727645,0.9061075548746822,0.21339689768349698,0.02060475594882289,0.8899330993077519,-0.2852305082181649
1759432993.2389102,0.005901608396727645,0.9061075548746822,0.21339689768349698,0.02060475594882289,0.8899330993077519,-0.2852305082181649
1759432993.2401364,0.005901608396727645,0.9061075548746822,0.21339689768349698,0.02060475594882289,0.8899330993077519,-0.2852305082181649
1759432993.2412589,0.005901608396727645,0.9061075548746822,0.21339689768349698,0.02060475594882289,0.8899330993077519,-0.2852305082181649
1759432993.2478707,0.0058830804044057135,0.9063140106799751,0.21334130373958654,0.02062590654551494,0.8898624675867409,-0.2852163991070182
1759432993.2488706,0.0058830804044057135,0.9063140106799751,0.21334130373958654,0.02062590654551494,0.8898624675867409,-0.2852163991070182
1759432993.2496712,0.0058830804044057135,0.9063140106799751,0.21334130373958654,0.02062590654551494,0.8898624675867409,-0.2852163991070182
1759432993.2503953,0.0058830804044057135,0.9063140106799751,0.21334130373958654,0.02062590654551494,0.8898624675867409,-0.2852163991070182
1759432993.262139,0.005911678808404146,0.9061078307689034,0.21339752786025507,0.020613878232764067,0.8898729132949508,-0.28521945588454706
1759432993.2677145,0.005911678808404146,0.9061078307689034,0.21339752786025507,0.020613878232764067,0.8898729132949508,-0.28521945588454706
1759432993.2683237,0.005911678808404146,0.9061078307689034,0.21339752786025507,0.020613878232764067,0.8898729132949508,-0.28521945588454706
1759432993.268894,0.005911678808404146,0.9061078307689034,0.21339752786025507,0.020613878232764067,0.8898729132949508,-0.28521945588454706
1759432993.269404,0.005911678808404146,0.9061078307689034,0.21339752786025507,0.020613878232764067,0.8898729132949508,-0.28521945588454706
1759432993.2713964,0.005919281057573855,0.9061127136824368,0.21339158692268922,0.020595249124310912,0.8899018709184886,-0.28521566071419313
1759432993.2722242,0.005919281057573855,0.9061127136824368,0.21339158692268922,0.020595249124310912,0.8899018709184886,-0.28521566071419313
1759432993.2730389,0.005919281057573855,0.9061127136824368,0.21339158692268922,0.020595249124310912,0.8899018709184886,-0.28521566071419313
1759432993.2738163,0.005919281057573855,0.9061127136824368,0.21339158692268922,0.020595249124310912,0.8899018709184886,-0.28521566071419313
1759432993.2778964,0.005902137999405036,0.9061396600641897,0.2133906473787571,0.02058938478959643,0.8899415774307559,-0.28522020479758037
1759432993.2788424,0.005902137999405036,0.9061396600641897,0.2133906473787571,0.02058938478959643,0.8899415774307559,-0.28522020479758037
1759432993.2797918,0.005902137999405036,0.9061396600641897,0.2133906473787571,0.02058938478959643,0.8899415774307559,-0.28522020479758037
1759432993.2806504,0.005902137999405036,0.9061396600641897,0.2133906473787571,0.02058938478959643,0.8899415774307559,-0.28522020479758037
1759432993.288092,0.005872836152619691,0.9061151632222467,0.21339723860564827,0.020581970175200134,0.889965165301866,-0.28522965704742076
1759432993.2889502,0.005872836152619691,0.9061151632222467,0.21339723860564827,0.020581970175200134,0.889965165301866,-0.28522965704742076
1759432993.2899914,0.005872836152619691,0.9061151632222467,0.21339723860564827,0.020581970175200134,0.889965165301866,-0.28522965704742076
1759432993.2909591,0.005872836152619691,0.9061151632222467,0.21339723860564827,0.020581970175200134,0.889965165301866,-0.28522965704742076
1759432993.2979503,0.005901284788047984,0.9061347060859816,0.21339181708676386,0.020592085744941518,0.8899354300438745,-0.2852330570159631
1759432993.299055,0.005901284788047984,0.9061347060859816,0.21339181708676386,0.020592085744941518,0.8899354300438745,-0.2852330570159631
1759432993.3001542,0.005901284788047984,0.9061347060859816,0.21339181708676386,0.020592085744941518,0.8899354300438745,-0.2852330570159631
1759432993.3010435,0.005901284788047984,0.9061347060859816,0.21339181708676386,0.020592085744941518,0.8899354300438745,-0.2852330570159631
1759432993.3133461,0.005879596026052182,0.9061556743345861,0.21338672891858648,0.02060602590311652,0.8898861272372599,-0.2852148558259351
1759432993.3179612,0.005879596026052182,0.9061556743345861,0.21338672891858648,0.02060602590311652,0.8898861272372599,-0.2852148558259351
1759432993.3190615,0.005879596026052182,0.9061556743345861,0.21338672891858648,0.02060602590311652,0.8898861272372599,-0.2852148558259351
1759432993.3201594,0.005879596026052182,0.9061556743345861,0.21338672891858648,0.02060602590311652,0.8898861272372599,-0.2852148558259351
1759432993.3212316,0.005879596026052182,0.9061556743345861,0.21338672891858648,0.02060602590311652,0.8898861272372599,-0.2852148558259351
1759432993.3238978,0.005867033309558741,0.9061173987969945,0.213395303638325,0.020631940060039648,0.8898810329451968,-0.2852158011511424
1759432993.3250246,0.005867033309558741,0.9061173987969945,0.213395303638325,0.020631940060039648,0.8898810329451968,-0.2852158011511424
1759432993.3261333,0.005867033309558741,0.9061173987969945,0.213395303638325,0.020631940060039648,0.8898810329451968,-0.2852158011511424
1759432993.327129,0.005867033309558741,0.9061173987969945,0.213395303638325,0.020631940060039648,0.8898810329451968,-0.2852158011511424
1759432993.3296692,0.005857352494007224,0.9061330652845534,0.2133928453003658,0.02064865422367466,0.8898633100973932,-0.2852069055115474
1759432993.3307667,0.005857352494007224,0.9061330652845534,0.2133928453003658,0.02064865422367466,0.8898633100973932,-0.2852069055115474
1759432993.3318627,0.005857352494007224,0.9061330652845534,0.2133928453003658,0.02064865422367466,0.8898633100973932,-0.2852069055115474
1759432993.3328743,0.005857352494007224,0.9061330652845534,0.2133928453003658,0.02064865422367466,0.8898633100973932,-0.2852069055115474
1759432993.337975,0.005920510289533465,0.9061708935003666,0.2133955765811491,0.020584304335252913,0.8899818248648258,-0.285189132794528
1759432993.3391023,0.005920510289533465,0.9061708935003666,0.2133955765811491,0.020584304335252913,0.8899818248648258,-0.285189132794528
1759432993.3402302,0.005920510289533465,0.9061708935003666,0.2133955765811491,0.020584304335252913,0.8899818248648258,-0.285189132794528
1759432993.3415446,0.005920510289533465,0.9061708935003666,0.2133955765811491,0.020584304335252913,0.8899818248648258,-0.285189132794528
1759432993.3481545,0.005952280605968889,0.9061422194827026,0.21340273491260842,0.02056552783137852,0.8899966780554825,-0.2851886617314561
1759432993.3491032,0.005952280605968889,0.9061422194827026,0.21340273491260842,0.02056552783137852,0.8899966780554825,-0.2851886617314561
1759432993.3501205,0.005952280605968889,0.9061422194827026,0.21340273491260842,0.02056552783137852,0.8899966780554825,-0.2851886617314561
1759432993.3510027,0.005952280605968889,0.9061422194827026,0.21340273491260842,0.02056552783137852,0.8899966780554825,-0.2851886617314561
1759432993.3579237,0.005871033657384993,0.906110148534293,0.21339507993964082,0.020573699485467792,0.8900417502670338,-0.2851695626666916
1759432993.358941,0.005871033657384993,0.906110148534293,0.21339507993964082,0.020573699485467792,0.8900417502670338,-0.2851695626666916
1759432993.359852,0.005871033657384993,0.906110148534293,0.21339507993964082,0.020573699485467792,0.8900417502670338,-0.2851695626666916
1759432993.3607066,0.005871033657384993,0.906110148534293,0.21339507993964082,0.020573699485467792,0.8900417502670338,-0.2851695626666916
1759432993.361998,0.005871033657384993,0.906110148534293,0.21339507993964082,0.020573699485467792,0.8900417502670338,-0.2851695626666916
1759432993.3633616,0.005880394157691826,0.9060946867820301,0.21339115246559606,0.02064200383730329,0.8899260445478878,-0.2851849470975541
1759432993.3680809,0.005880394157691826,0.9060946867820301,0.21339115246559606,0.02064200383730329,0.8899260445478878,-0.2851849470975541
1759432993.3690376,0.005880394157691826,0.9060946867820301,0.21339115246559606,0.02064200383730329,0.8899260445478878,-0.2851849470975541
1759432993.3699217,0.005880394157691826,0.9060946867820301,0.21339115246559606,0.02064200383730329,0.8899260445478878,-0.2851849470975541
1759432993.370727,0.005880394157691826,0.9060946867820301,0.21339115246559606,0.02064200383730329,0.8899260445478878,-0.2851849470975541
1759432993.3779523,0.005862395222924446,0.9061171206341632,0.21339609762996647,0.020627279822088982,0.8899401781453244,-0.2851736797985456
1759432993.3790355,0.005862395222924446,0.9061171206341632,0.21339609762996647,0.020627279822088982,0.8899401781453244,-0.2851736797985456
1759432993.3797371,0.005862395222924446,0.9061171206341632,0.21339609762996647,0.020627279822088982,0.8899401781453244,-0.2851736797985456
1759432993.380626,0.005862395222924446,0.9061171206341632,0.21339609762996647,0.020627279822088982,0.8899401781453244,-0.2851736797985456
1759432993.3880508,0.005901713802629844,0.9060770579465832,0.2133936449620053,0.020630638168042763,0.8899431592932735,-0.2851686045262143
1759432993.389295,0.005901713802629844,0.9060770579465832,0.2133936449620053,0.020630638168042763,0.8899431592932735,-0.2851686045262143
1759432993.3909333,0.005901713802629844,0.9060770579465832,0.2133936449620053,0.020630638168042763,0.8899431592932735,-0.2851686045262143
1759432993.3921428,0.005901713802629844,0.9060770579465832,0.2133936449620053,0.020630638168042763,0.8899431592932735,-0.2851686045262143
1759432993.3977516,0.0059063484267707885,0.9061623702256247,0.2133946246941264,0.02064048747258224,0.8899059405119851,-0.2851571864922221
1759432993.3987734,0.0059063484267707885,0.9061623702256247,0.2133946246941264,0.02064048747258224,0.8899059405119851,-0.2851571864922221
1759432993.400067,0.0059063484267707885,0.9061623702256247,0.2133946246941264,0.02064048747258224,0.8899059405119851,-0.2851571864922221
1759432993.4006486,0.0059063484267707885,0.9061623702256247,0.2133946246941264,0.02064048747258224,0.8899059405119851,-0.2851571864922221
1759432993.4086034,0.005919506361069657,0.9061617482662134,0.2133943659171653,0.02059216279786589,0.8899779315829344,-0.285156927715261
1759432993.4096544,0.005919506361069657,0.9061617482662134,0.2133943659171653,0.02059216279786589,0.8899779315829344,-0.285156927715261
1759432993.41077,0.005919506361069657,0.9061617482662134,0.2133943659171653,0.02059216279786589,0.8899779315829344,-0.285156927715261
1759432993.4119081,0.005919506361069657,0.9061617482662134,0.2133943659171653,0.02059216279786589,0.8899779315829344,-0.285156927715261
1759432993.4180768,0.005923258582009207,0.9060960683581729,0.21339343642086162,0.020586026391135326,0.8899957787635426,-0.2851815090069212
1759432993.4192543,0.005923258582009207,0.9060960683581729,0.21339343642086162,0.020586026391135326,0.8899957787635426,-0.2851815090069212
1759432993.4204247,0.005923258582009207,0.9060960683581729,0.21339343642086162,0.020586026391135326,0.8899957787635426,-0.2851815090069212
1759432993.4215908,0.005923258582009207,0.9060960683581729,0.21339343642086162,0.020586026391135326,0.8899957787635426,-0.2851815090069212
1759432993.4280686,0.005872946753616257,0.9060991736572076,0.2133875010874799,0.020573395714645462,0.8899936867434691,-0.2851810573008588
1759432993.4287503,0.005872946753616257,0.9060991736572076,0.2133875010874799,0.020573395714645462,0.8899936867434691,-0.2851810573008588
1759432993.4293802,0.005872946753616257,0.9060991736572076,0.2133875010874799,0.020573395714645462,0.8899936867434691,-0.2851810573008588
1759432993.4298723,0.005872946753616257,0.9060991736572076,0.2133875010874799,0.020573395714645462,0.8899936867434691,-0.2851810573008588
1759432993.4380662,0.0058500983026464354,0.906092435846503,0.21338998721995273,0.02060792667599126,0.8899696760080502,-0.2851799671546451
1759432993.439198,0.0058500983026464354,0.906092435846503,0.21338998721995273,0.02060792667599126,0.8899696760080502,-0.2851799671546451
1759432993.4404888,0.0058500983026464354,0.906092435846503,0.21338998721995273,0.02060792667599126,0.8899696760080502,-0.2851799671546451
1759432993.441722,0.0058500983026464354,0.906092435846503,0.21338998721995273,0.02060792667599126,0.8899696760080502,-0.2851799671546451
1759432993.4480555,0.005953134153542604,0.9061268124929657,0.21347752788485586,0.020590304281058226,0.8899443369158516,-0.2851816771310717
1759432993.4491186,0.005953134153542604,0.9061268124929657,0.21347752788485586,0.020590304281058226,0.8899443369158516,-0.2851816771310717
1759432993.450398,0.005953134153542604,0.9061268124929657,0.21347752788485586,0.020590304281058226,0.8899443369158516,-0.2851816771310717
1759432993.451383,0.005953134153542604,0.9061268124929657,0.21347752788485586,0.020590304281058226,0.8899443369158516,-0.2851816771310717
1759432993.4580538,0.005966080178753596,0.9061943314018089,0.21329019923180745,0.020594583998187324,0.8899321683702629,-0.2851877059456746
1759432993.4590616,0.005966080178753596,0.9061943314018089,0.21329019923180745,0.020594583998187324,0.8899321683702629,-0.2851877059456746
1759432993.4600568,0.005966080178753596,0.9061943314018089,0.21329019923180745,0.020594583998187324,0.8899321683702629,-0.2851877059456746
1759432993.4611633,0.005966080178753596,0.9061943314018089,0.21329019923180745,0.020594583998187324,0.8899321683702629,-0.2851877059456746
1759432993.462637,0.005966080178753596,0.9061943314018089,0.21329019923180745,0.020594583998187324,0.8899321683702629,-0.2851877059456746
1759432993.4635427,0.005966080178753596,0.9061943314018089,0.21329019923180745,0.020594583998187324,0.8899321683702629,-0.2851877059456746
1759432993.4680192,0.005941203989806377,0.9061889716803389,0.21339778772308785,0.02060277088659743,0.88992188932306,-0.2851891981692548
1759432993.4691763,0.005941203989806377,0.9061889716803389,0.21339778772308785,0.02060277088659743,0.88992188932306,-0.2851891981692548
1759432993.470317,0.005941203989806377,0.9061889716803389,0.21339778772308785,0.02060277088659743,0.88992188932306,-0.2851891981692548
1759432993.4713619,0.005941203989806377,0.9061889716803389,0.21339778772308785,0.02060277088659743,0.88992188932306,-0.2851891981692548
1759432993.478076,0.005924338386986548,0.9061774285423081,0.21338925130862602,0.02058590026047439,0.8899636743677337,-0.28515968091983207
1759432993.479282,0.005924338386986548,0.9061774285423081,0.21338925130862602,0.02058590026047439,0.8899636743677337,-0.28515968091983207
1759432993.4804947,0.005924338386986548,0.9061774285423081,0.21338925130862602,0.02058590026047439,0.8899636743677337,-0.28515968091983207
1759432993.4816077,0.005924338386986548,0.9061774285423081,0.21338925130862602,0.02058590026047439,0.8899636743677337,-0.28515968091983207
1759432993.4880753,0.005866365252528155,0.9061238430137603,0.21339415401782744,0.020590050400700603,0.8899913691287072,-0.2851567158159231
1759432993.4891925,0.005866365252528155,0.9061238430137603,0.21339415401782744,0.020590050400700603,0.8899913691287072,-0.2851567158159231
1759432993.4906912,0.005866365252528155,0.9061238430137603,0.21339415401782744,0.020590050400700603,0.8899913691287072,-0.2851567158159231
1759432993.4919965,0.005866365252528155,0.9061238430137603,0.21339415401782744,0.020590050400700603,0.8899913691287072,-0.2851567158159231
1759432993.498095,0.005850644512052054,0.9060913722254812,0.21339077196932899,0.020583359794741157,0.890002903785509,-0.28517860613680945
1759432993.4993286,0.005850644512052054,0.9060913722254812,0.21339077196932899,0.020583359794741157,0.890002903785509,-0.28517860613680945
1759432993.5006216,0.005850644512052054,0.9060913722254812,0.21339077196932899,0.020583359794741157,0.890002903785509,-0.28517860613680945
1759432993.501812,0.005850644512052054,0.9060913722254812,0.21339077196932899,0.020583359794741157,0.890002903785509,-0.28517860613680945
1759432993.5144768,0.005874434493273967,0.9061024108785187,0.2133906568485903,0.020579716183453327,0.8899670994025672,-0.28519780292097796
1759432993.5177426,0.005874434493273967,0.9061024108785187,0.2133906568485903,0.020579716183453327,0.8899670994025672,-0.28519780292097796
1759432993.5184064,0.005874434493273967,0.9061024108785187,0.2133906568485903,0.020579716183453327,0.8899670994025672,-0.28519780292097796
1759432993.5197241,0.005944037634454015,0.9061089707561472,0.21340723711932147,0.02056584338513827,0.8899657549313567,-0.28519817072833026
1759432993.5204213,0.005944037634454015,0.9061089707561472,0.21340723711932147,0.02056584338513827,0.8899657549313567,-0.28519817072833026
1759432993.5216415,0.0059394320690571625,0.9061098522258749,0.2134070689767245,0.020589105204349818,0.889961118369008,-0.28517702175077236
1759432993.5227702,0.0059394320690571625,0.9061098522258749,0.2134070689767245,0.020589105204349818,0.889961118369008,-0.28517702175077236
1759432993.525099,0.005903952584204426,0.9061567473347476,0.21338771990884406,0.020596153273644696,0.889951789087505,-0.28517650775064096
1759432993.5262895,0.005903952584204426,0.9061567473347476,0.21338771990884406,0.020596153273644696,0.889951789087505,-0.28517650775064096
1759432993.5279565,0.005903599563570805,0.9061584846864988,0.21338765272305538,0.020597936805752927,0.8899430779923151,-0.28517501005337764
1759432993.5289028,0.005903599563570805,0.9061584846864988,0.21338765272305538,0.020597936805752927,0.8899430779923151,-0.28517501005337764
1759432993.5309193,0.0059200457413390575,0.9061580256375804,0.21339371342242502,0.020594663254480033,0.8899431570616231,-0.28517511028826975
1759432993.5317998,0.0059200457413390575,0.9061580256375804,0.21339371342242502,0.020594663254480033,0.8899431570616231,-0.28517511028826975
1759432993.5380352,0.005916417896556963,0.9061629055611555,0.21339345026929216,0.020612715423297772,0.8899188609250124,-0.2851865296455129
1759432993.5391831,0.005916417896556963,0.9061629055611555,0.21339345026929216,0.020612715423297772,0.8899188609250124,-0.2851865296455129
1759432993.5401113,0.005916417896556963,0.9061629055611555,0.21339345026929216,0.020612715423297772,0.8899188609250124,-0.2851865296455129
1759432993.5409658,0.005916417896556963,0.9061629055611555,0.21339345026929216,0.020612715423297772,0.8899188609250124,-0.2851865296455129
1759432993.5478232,0.005912249471361161,0.9061140702954565,0.21340595156936035,0.020592088316267014,0.8899625180371965,-0.2851699438789307
1759432993.5483842,0.005912249471361161,0.9061140702954565,0.21340595156936035,0.020592088316267014,0.8899625180371965,-0.2851699438789307
1759432993.5488977,0.005912249471361161,0.9061140702954565,0.21340595156936035,0.020592088316267014,0.8899625180371965,-0.2851699438789307
1759432993.5493867,0.005912249471361161,0.9061140702954565,0.21340595156936035,0.020592088316267014,0.8899625180371965,-0.2851699438789307
1759432993.5580304,0.005881136193220022,0.9061010250560229,0.21348644943521464,0.020579332575853464,0.8899922674783285,-0.2851874992399021
1759432993.5593524,0.005881136193220022,0.9061010250560229,0.21348644943521464,0.020579332575853464,0.8899922674783285,-0.2851874992399021
1759432993.5603397,0.005881136193220022,0.9061010250560229,0.21348644943521464,0.020579332575853464,0.8899922674783285,-0.2851874992399021
1759432993.5611076,0.005881136193220022,0.9061010250560229,0.21348644943521464,0.020579332575853464,0.8899922674783285,-0.2851874992399021
1759432993.568004,0.005739521827135701,0.9063418637358552,0.21346797607302834,0.020614373837079387,0.8899336103952521,-0.2851854767596739
1759432993.569047,0.005739521827135701,0.9063418637358552,0.21346797607302834,0.020614373837079387,0.8899336103952521,-0.2851854767596739
1759432993.5700414,0.005739521827135701,0.9063418637358552,0.21346797607302834,0.020614373837079387,0.8899336103952521,-0.2851854767596739
1759432993.5709188,0.005739521827135701,0.9063418637358552,0.21346797607302834,0.020614373837079387,0.8899336103952521,-0.2851854767596739
1759432993.5780778,0.005836617001365248,0.9063719345226515,0.2135588933529759,0.020602036467720446,0.8899210112199556,-0.28519461646698957
1759432993.5791993,0.005836617001365248,0.9063719345226515,0.2135588933529759,0.020602036467720446,0.8899210112199556,-0.28519461646698957
1759432993.580192,0.005836617001365248,0.9063719345226515,0.2135588933529759,0.020602036467720446,0.8899210112199556,-0.28519461646698957
1759432993.5810814,0.005836617001365248,0.9063719345226515,0.2135588933529759,0.020602036467720446,0.8899210112199556,-0.28519461646698957
1759432993.5880668,0.005829441850862026,0.9063670936192804,0.21346726367493532,0.020616542989531042,0.8898805376921363,-0.2851709360839929
1759432993.5891788,0.005829441850862026,0.9063670936192804,0.21346726367493532,0.020616542989531042,0.8898805376921363,-0.2851709360839929
1759432993.5906696,0.005829441850862026,0.9063670936192804,0.21346726367493532,0.020616542989531042,0.8898805376921363,-0.2851709360839929
1759432993.5918047,0.005829441850862026,0.9063670936192804,0.21346726367493532,0.020616542989531042,0.8898805376921363,-0.2851709360839929
1759432993.5976956,0.005796083329226628,0.9063798758559447,0.21334091335415062,0.020614913584683283,0.8898834389276284,-0.28515378147243675
1759432993.5983477,0.005796083329226628,0.9063798758559447,0.21334091335415062,0.020614913584683283,0.8898834389276284,-0.28515378147243675
1759432993.5989404,0.005796083329226628,0.9063798758559447,0.21334091335415062,0.020614913584683283,0.8898834389276284,-0.28515378147243675
1759432993.599474,0.005796083329226628,0.9063798758559447,0.21334091335415062,0.020614913584683283,0.8898834389276284,-0.28515378147243675
1759432993.6082084,0.005788392793742716,0.9063766001876546,0.21332826788481973,0.020630114305408894,0.889899015504484,-0.28516903097686075
1759432993.6098242,0.005788392793742716,0.9063766001876546,0.21332826788481973,0.020630114305408894,0.889899015504484,-0.28516903097686075
1759432993.6114244,0.005788392793742716,0.9063766001876546,0.21332826788481973,0.020630114305408894,0.889899015504484,-0.28516903097686075
1759432993.6128545,0.005788392793742716,0.9063766001876546,0.21332826788481973,0.020630114305408894,0.889899015504484,-0.28516903097686075
1759432993.6182373,0.0057565156836862875,0.9063952870368034,0.21333398881061943,0.02062515574499413,0.8898979939819306,-0.28518548073872
1759432993.6198554,0.0057565156836862875,0.9063952870368034,0.21333398881061943,0.02062515574499413,0.8898979939819306,-0.28518548073872
1759432993.6215289,0.0057565156836862875,0.9063952870368034,0.21333398881061943,0.02062515574499413,0.8898979939819306,-0.28518548073872
1759432993.623061,0.0057565156836862875,0.9063952870368034,0.21333398881061943,0.02062515574499413,0.8898979939819306,-0.28518548073872
1759432993.6281497,0.005751585585631596,0.9063196838013128,0.21332777691005497,0.020621145146332516,0.8899511560686633,-0.2851954813015345
1759432993.6297755,0.005751585585631596,0.9063196838013128,0.21332777691005497,0.020621145146332516,0.8899511560686633,-0.2851954813015345
1759432993.6314569,0.005751585585631596,0.9063196838013128,0.21332777691005497,0.020621145146332516,0.8899511560686633,-0.2851954813015345
1759432993.6329966,0.005751585585631596,0.9063196838013128,0.21332777691005497,0.020621145146332516,0.8899511560686633,-0.2851954813015345
1759432993.6381705,0.005775405631301001,0.9063643620355749,0.21333596991227538,0.02061490847087185,0.8898972093121386,-0.28520033644364745
1759432993.639798,0.005775405631301001,0.9063643620355749,0.21333596991227538,0.02061490847087185,0.8898972093121386,-0.28520033644364745
1759432993.641533,0.005775405631301001,0.9063643620355749,0.21333596991227538,0.02061490847087185,0.8898972093121386,-0.28520033644364745
1759432993.6430597,0.005775405631301001,0.9063643620355749,0.21333596991227538,0.02061490847087185,0.8898972093121386,-0.28520033644364745
1759432993.6453435,0.005775405631301001,0.9063643620355749,0.21333596991227538,0.02061490847087185,0.8898972093121386,-0.28520033644364745
1759432993.646705,0.005775405631301001,0.9063643620355749,0.21333596991227538,0.02061490847087185,0.8898972093121386,-0.28520033644364745
1759432993.6499407,0.005788280285408765,0.9063847593384966,0.2133036660881944,0.020613299094626635,0.889884351996781,-0.28517756936273053
1759432993.6518698,0.005788280285408765,0.9063847593384966,0.2133036660881944,0.020613299094626635,0.889884351996781,-0.28517756936273053
1759432993.653272,0.005788280285408765,0.9063847593384966,0.2133036660881944,0.020613299094626635,0.889884351996781,-0.28517756936273053
1759432993.6546988,0.005788280285408765,0.9063847593384966,0.2133036660881944,0.020613299094626635,0.889884351996781,-0.28517756936273053
1759432993.6560113,0.005788280285408765,0.9063847593384966,0.2133036660881944,0.020613299094626635,0.889884351996781,-0.28517756936273053
1759432993.6593187,0.005788873992215895,0.9064010464553293,0.21333273241546005,0.020630884804476,0.8898684821124617,-0.2851694423916563
1759432993.6606205,0.005788873992215895,0.9064010464553293,0.21333273241546005,0.020630884804476,0.8898684821124617,-0.2851694423916563
1759432993.6620743,0.005788873992215895,0.9064010464553293,0.21333273241546005,0.020630884804476,0.8898684821124617,-0.2851694423916563
1759432993.663379,0.005788873992215895,0.9064010464553293,0.21333273241546005,0.020630884804476,0.8898684821124617,-0.2851694423916563
1759432993.6681497,0.0057993974073335735,0.9063972451270464,0.21331673195101325,0.020598844112594404,0.8899086646257993,-0.285161548158899
1759432993.669077,0.0057993974073335735,0.9063972451270464,0.21331673195101325,0.020598844112594404,0.8899086646257993,-0.285161548158899
1759432993.66996,0.0057993974073335735,0.9063972451270464,0.21331673195101325,0.020598844112594404,0.8899086646257993,-0.285161548158899
1759432993.6707573,0.0057993974073335735,0.9063972451270464,0.21331673195101325,0.020598844112594404,0.8899086646257993,-0.285161548158899
1759432993.6778946,0.005793736084592982,0.9064052862755896,0.21331313062342694,0.02061028708587821,0.8899273785121797,-0.2851722519460588
1759432993.6788578,0.005793736084592982,0.9064052862755896,0.21331313062342694,0.02061028708587821,0.8899273785121797,-0.2851722519460588
1759432993.6798232,0.005793736084592982,0.9064052862755896,0.21331313062342694,0.02061028708587821,0.8899273785121797,-0.2851722519460588
1759432993.6806865,0.005793736084592982,0.9064052862755896,0.21331313062342694,0.02061028708587821,0.8899273785121797,-0.2851722519460588
1759432993.6878827,0.005760207012950335,0.9064377645663574,0.21332071864281063,0.02061931864851817,0.8899036099501297,-0.2851879461971319
1759432993.6888072,0.005760207012950335,0.9064377645663574,0.21332071864281063,0.02061931864851817,0.8899036099501297,-0.2851879461971319
1759432993.689838,0.005760207012950335,0.9064377645663574,0.21332071864281063,0.02061931864851817,0.8899036099501297,-0.2851879461971319
1759432993.6908185,0.005760207012950335,0.9064377645663574,0.21332071864281063,0.02061931864851817,0.8899036099501297,-0.2851879461971319
1759432993.6978166,0.0055584937773741,0.9064667898095816,0.21314772745614347,0.020648953274627853,0.8899049234710962,-0.28518065592294034
1759432993.698749,0.0055584937773741,0.9064667898095816,0.21314772745614347,0.020648953274627853,0.8899049234710962,-0.28518065592294034
1759432993.6997058,0.0055584937773741,0.9064667898095816,0.21314772745614347,0.020648953274627853,0.8899049234710962,-0.28518065592294034
1759432993.7009897,0.0055584937773741,0.9064667898095816,0.21314772745614347,0.020648953274627853,0.8899049234710962,-0.28518065592294034
1759432993.7080123,0.005739331932290001,0.906378739454047,0.2133209917887106,0.020632564334647253,0.8898816919548351,-0.2851839278086081
1759432993.7090409,0.005739331932290001,0.906378739454047,0.2133209917887106,0.020632564334647253,0.8898816919548351,-0.2851839278086081
1759432993.710044,0.005739331932290001,0.906378739454047,0.2133209917887106,0.020632564334647253,0.8898816919548351,-0.2851839278086081
1759432993.7109299,0.005739331932290001,0.906378739454047,0.2133209917887106,0.020632564334647253,0.8898816919548351,-0.2851839278086081
1759432993.7180645,0.005965107143413098,0.906039020098656,0.21327382318366414,0.020585007011402576,0.889960082195789,-0.28517872087348345
1759432993.7191844,0.005965107143413098,0.906039020098656,0.21327382318366414,0.020585007011402576,0.889960082195789,-0.28517872087348345
1759432993.7202334,0.005965107143413098,0.906039020098656,0.21327382318366414,0.020585007011402576,0.889960082195789,-0.28517872087348345
1759432993.7211692,0.005965107143413098,0.906039020098656,0.21327382318366414,0.020585007011402576,0.889960082195789,-0.28517872087348345
1759432993.7279708,0.006043480525270262,0.9061332375258511,0.2134057880349688,0.020564152111753664,0.8899401992112095,-0.28516954192596
1759432993.7292235,0.006043480525270262,0.9061332375258511,0.2134057880349688,0.020564152111753664,0.8899401992112095,-0.28516954192596
1759432993.7302096,0.006043480525270262,0.9061332375258511,0.2134057880349688,0.020564152111753664,0.8899401992112095,-0.28516954192596
1759432993.7310796,0.006043480525270262,0.9061332375258511,0.2134057880349688,0.020564152111753664,0.8899401992112095,-0.28516954192596
1759432993.7380183,0.006032501388288644,0.906118621985347,0.21340138112473403,0.020543183159135673,0.8899835367399147,-0.2851772943632594
1759432993.7392085,0.006032501388288644,0.906118621985347,0.21340138112473403,0.020543183159135673,0.8899835367399147,-0.2851772943632594
1759432993.74055,0.006032501388288644,0.906118621985347,0.21340138112473403,0.020543183159135673,0.8899835367399147,-0.2851772943632594
1759432993.741872,0.006032501388288644,0.906118621985347,0.21340138112473403,0.020543183159135673,0.8899835367399147,-0.2851772943632594
1759432993.7478712,0.00605669328710102,0.9059629516692617,0.21334245828011394,0.020548257140908015,0.8900281188992999,-0.28518012193062664
1759432993.748967,0.00605669328710102,0.9059629516692617,0.21334245828011394,0.020548257140908015,0.8900281188992999,-0.28518012193062664
1759432993.7500749,0.00605669328710102,0.9059629516692617,0.21334245828011394,0.020548257140908015,0.8900281188992999,-0.28518012193062664
1759432993.7510643,0.00605669328710102,0.9059629516692617,0.21334245828011394,0.020548257140908015,0.8900281188992999,-0.28518012193062664
1759432993.758068,0.005922114885738216,0.9061310447042392,0.21339484449711787,0.0205964088073465,0.8899485611135556,-0.28518053289738643
1759432993.7592468,0.005922114885738216,0.9061310447042392,0.21339484449711787,0.0205964088073465,0.8899485611135556,-0.28518053289738643
1759432993.7603552,0.005922114885738216,0.9061310447042392,0.21339484449711787,0.0205964088073465,0.8899485611135556,-0.28518053289738643
1759432993.761423,0.005922114885738216,0.9061310447042392,0.21339484449711787,0.0205964088073465,0.8899485611135556,-0.28518053289738643
1759432993.7681065,0.005861572029845798,0.9061333057488757,0.21338848632300178,0.020614155528290188,0.8899483638797444,-0.2851877645822791
1759432993.769546,0.005861572029845798,0.9061333057488757,0.21338848632300178,0.020614155528290188,0.8899483638797444,-0.2851877645822791
1759432993.7710385,0.005861572029845798,0.9061333057488757,0.21338848632300178,0.020614155528290188,0.8899483638797444,-0.2851877645822791
1759432993.7723992,0.005861572029845798,0.9061333057488757,0.21338848632300178,0.020614155528290188,0.8899483638797444,-0.2851877645822791
1759432993.7779925,0.0058673980722567095,0.9061090134935417,0.2133935421970758,0.02061887950800452,0.8899319163603745,-0.28519472780498595
1759432993.7790058,0.0058673980722567095,0.9061090134935417,0.2133935421970758,0.02061887950800452,0.8899319163603745,-0.28519472780498595
1759432993.7796304,0.0058673980722567095,0.9061090134935417,0.2133935421970758,0.02061887950800452,0.8899319163603745,-0.28519472780498595
1759432993.7801855,0.0058673980722567095,0.9061090134935417,0.2133935421970758,0.02061887950800452,0.8899319163603745,-0.28519472780498595
1759432993.7880502,0.005891920373824279,0.9061523027888511,0.21339953245234544,0.02061182136735614,0.8899080656298425,-0.2851825982482439
1759432993.789187,0.005891920373824279,0.9061523027888511,0.21339953245234544,0.02061182136735614,0.8899080656298425,-0.2851825982482439
1759432993.7906742,0.005891920373824279,0.9061523027888511,0.21339953245234544,0.02061182136735614,0.8899080656298425,-0.2851825982482439
1759432993.791752,0.005891920373824279,0.9061523027888511,0.21339953245234544,0.02061182136735614,0.8899080656298425,-0.2851825982482439
1759432993.7931595,0.005891920373824279,0.9061523027888511,0.21339953245234544,0.02061182136735614,0.8899080656298425,-0.2851825982482439
1759432993.794087,0.005891920373824279,0.9061523027888511,0.21339953245234544,0.02061182136735614,0.8899080656298425,-0.2851825982482439
1759432993.7979078,0.005907953032730317,0.9061340734433283,0.21338772885856838,0.02059465622019937,0.8899697467614065,-0.2851848613506338
1759432993.7989445,0.005907953032730317,0.9061340734433283,0.21338772885856838,0.02059465622019937,0.8899697467614065,-0.2851848613506338
1759432993.8000684,0.005907953032730317,0.9061340734433283,0.21338772885856838,0.02059465622019937,0.8899697467614065,-0.2851848613506338
1759432993.8011453,0.005907953032730317,0.9061340734433283,0.21338772885856838,0.02059465622019937,0.8899697467614065,-0.2851848613506338
1759432993.8081908,0.00591998215662547,0.9061652526362454,0.21339958101341353,0.020567427911886493,0.8899968460099186,-0.28516786485740764
1759432993.809636,0.00591998215662547,0.9061652526362454,0.21339958101341353,0.020567427911886493,0.8899968460099186,-0.28516786485740764
1759432993.8107736,0.00591998215662547,0.9061652526362454,0.21339958101341353,0.020567427911886493,0.8899968460099186,-0.28516786485740764
1759432993.8120465,0.00591998215662547,0.9061652526362454,0.21339958101341353,0.020567427911886493,0.8899968460099186,-0.28516786485740764
1759432993.8238218,0.005980512320087014,0.906136725343093,0.21347022013467543,0.020557144463970604,0.8900035207501802,-0.2851812835196852
1759432993.8277893,0.005980512320087014,0.906136725343093,0.21347022013467543,0.020557144463970604,0.8900035207501802,-0.2851812835196852
1759432993.8284824,0.005980512320087014,0.906136725343093,0.21347022013467543,0.020557144463970604,0.8900035207501802,-0.2851812835196852
1759432993.8296573,0.005980512320087014,0.906136725343093,0.21347022013467543,0.020557144463970604,0.8900035207501802,-0.2851812835196852
1759432993.8308103,0.005980512320087014,0.906136725343093,0.21347022013467543,0.020557144463970604,0.8900035207501802,-0.2851812835196852
1759432993.8337739,0.005874128542143892,0.9061079847513865,0.21339644740605934,0.020610480108063628,0.8899699521363545,-0.2851678306915818
1759432993.8344238,0.005874128542143892,0.9061079847513865,0.21339644740605934,0.020610480108063628,0.8899699521363545,-0.2851678306915818
1759432993.8350918,0.005874128542143892,0.9061079847513865,0.21339644740605934,0.020610480108063628,0.8899699521363545,-0.2851678306915818
1759432993.8357005,0.005874128542143892,0.9061079847513865,0.21339644740605934,0.020610480108063628,0.8899699521363545,-0.2851678306915818
1759432993.8382914,0.005848684646081803,0.9060959498716085,0.21339222658231136,0.020615002773809555,0.8899540622400554,-0.2851779149825799
1759432993.8394687,0.005848684646081803,0.9060959498716085,0.21339222658231136,0.020615002773809555,0.8899540622400554,-0.2851779149825799
1759432993.8401988,0.005848684646081803,0.9060959498716085,0.21339222658231136,0.020615002773809555,0.8899540622400554,-0.2851779149825799
1759432993.8413196,0.005848684646081803,0.9060959498716085,0.21339222658231136,0.020615002773809555,0.8899540622400554,-0.2851779149825799
1759432993.848378,0.005876905132800717,0.906079342148976,0.2133919108079439,0.02062689621302448,0.8899523191826776,-0.28518355967269
1759432993.8496242,0.005876905132800717,0.906079342148976,0.2133919108079439,0.02062689621302448,0.8899523191826776,-0.28518355967269
1759432993.8507087,0.005876905132800717,0.906079342148976,0.2133919108079439,0.02062689621302448,0.8899523191826776,-0.28518355967269
1759432993.8517082,0.005876905132800717,0.906079342148976,0.2133919108079439,0.02062689621302448,0.8899523191826776,-0.28518355967269
1759432993.858054,0.005882030745753271,0.9060952103310229,0.21340919407076075,0.020623975971928613,0.8898938187784551,-0.28518463047212794
1759432993.8592107,0.005882030745753271,0.9060952103310229,0.21340919407076075,0.020623975971928613,0.8898938187784551,-0.28518463047212794
1759432993.8602889,0.005882030745753271,0.9060952103310229,0.21340919407076075,0.020623975971928613,0.8898938187784551,-0.28518463047212794
1759432993.8613057,0.005882030745753271,0.9060952103310229,0.21340919407076075,0.020623975971928613,0.8898938187784551,-0.28518463047212794
1759432993.868063,0.005907634624810152,0.9061493443611859,0.21338897960860378,0.020581563583045075,0.8899401334758998,-0.28518515842635284
1759432993.8692708,0.005907634624810152,0.9061493443611859,0.21338897960860378,0.020581563583045075,0.8899401334758998,-0.28518515842635284
1759432993.87049,0.005907634624810152,0.9061493443611859,0.21338897960860378,0.020581563583045075,0.8899401334758998,-0.28518515842635284
1759432993.8716192,0.005907634624810152,0.9061493443611859,0.21338897960860378,0.020581563583045075,0.8899401334758998,-0.28518515842635284
1759432993.8779006,0.006023724699642695,0.9061374051104434,0.2134864084208941,0.020544032430026494,0.8899929242600553,-0.28517911357531306
1759432993.879161,0.006023724699642695,0.9061374051104434,0.2134864084208941,0.020544032430026494,0.8899929242600553,-0.28517911357531306
1759432993.8804796,0.006023724699642695,0.9061374051104434,0.2134864084208941,0.020544032430026494,0.8899929242600553,-0.28517911357531306
1759432993.8816018,0.006023724699642695,0.9061374051104434,0.2134864084208941,0.020544032430026494,0.8899929242600553,-0.28517911357531306
1759432993.8832798,0.006023724699642695,0.9061374051104434,0.2134864084208941,0.020544032430026494,0.8899929242600553,-0.28517911357531306
1759432993.884417,0.006023724699642695,0.9061374051104434,0.2134864084208941,0.020544032430026494,0.8899929242600553,-0.28517911357531306
1759432993.8880355,0.005932860846583168,0.9061253892705522,0.213403514538337,0.020552701477940756,0.8899982122256674,-0.2851653610806954
1759432993.8892226,0.005932860846583168,0.9061253892705522,0.213403514538337,0.020552701477940756,0.8899982122256674,-0.2851653610806954
1759432993.8904636,0.005932860846583168,0.9061253892705522,0.213403514538337,0.020552701477940756,0.8899982122256674,-0.2851653610806954
1759432993.891607,0.005932860846583168,0.9061253892705522,0.213403514538337,0.020552701477940756,0.8899982122256674,-0.2851653610806954
1759432993.898202,0.00595329066479027,0.9060969895736145,0.213483309728122,0.020588538444401623,0.8900126271828247,-0.2851655244650605
1759432993.8998334,0.00595329066479027,0.9060969895736145,0.213483309728122,0.020588538444401623,0.8900126271828247,-0.2851655244650605
1759432993.9014783,0.00595329066479027,0.9060969895736145,0.213483309728122,0.020588538444401623,0.8900126271828247,-0.2851655244650605
1759432993.9029672,0.00595329066479027,0.9060969895736145,0.213483309728122,0.020588538444401623,0.8900126271828247,-0.2851655244650605
1759432993.9053102,0.00595329066479027,0.9060969895736145,0.213483309728122,0.020588538444401623,0.8900126271828247,-0.2851655244650605
1759432993.906636,0.00595329066479027,0.9060969895736145,0.213483309728122,0.020588538444401623,0.8900126271828247,-0.2851655244650605
1759432993.9104528,0.005850541908871397,0.9061010957331819,0.213393247867999,0.020607065837252872,0.8899626552491027,-0.28518418147700775
1759432993.9118397,0.005850541908871397,0.9061010957331819,0.213393247867999,0.020607065837252872,0.8899626552491027,-0.28518418147700775
1759432993.9134264,0.005850541908871397,0.9061010957331819,0.213393247867999,0.020607065837252872,0.8899626552491027,-0.28518418147700775
1759432993.914876,0.005850541908871397,0.9061010957331819,0.213393247867999,0.020607065837252872,0.8899626552491027,-0.28518418147700775
1759432993.9184036,0.005871132607662106,0.9061142420400947,0.21339277026053144,0.02063177466849146,0.8899351814757019,-0.28518656489248945
1759432993.9199018,0.005871132607662106,0.9061142420400947,0.21339277026053144,0.02063177466849146,0.8899351814757019,-0.28518656489248945
1759432993.9214697,0.005871132607662106,0.9061142420400947,0.21339277026053144,0.02063177466849146,0.8899351814757019,-0.28518656489248945
1759432993.9228852,0.005871132607662106,0.9061142420400947,0.21339277026053144,0.02063177466849146,0.8899351814757019,-0.28518656489248945
1759432993.9282074,0.005929147773531975,0.9061580549766381,0.21341495615116426,0.020601356453152597,0.8899006072590987,-0.28519158464542693
1759432993.9296615,0.005929147773531975,0.9061580549766381,0.21341495615116426,0.020601356453152597,0.8899006072590987,-0.28519158464542693
1759432993.931161,0.005929147773531975,0.9061580549766381,0.21341495615116426,0.020601356453152597,0.8899006072590987,-0.28519158464542693
1759432993.9325168,0.005929147773531975,0.9061580549766381,0.21341495615116426,0.020601356453152597,0.8899006072590987,-0.28519158464542693
1759432993.9379194,0.005990542265429756,0.9061693759894686,0.21347452469645645,0.020561300424084404,0.8899448750281019,-0.2851829654770961
1759432993.9389474,0.005990542265429756,0.9061693759894686,0.21347452469645645,0.020561300424084404,0.8899448750281019,-0.2851829654770961
1759432993.9399781,0.005990542265429756,0.9061693759894686,0.21347452469645645,0.020561300424084404,0.8899448750281019,-0.2851829654770961
1759432993.9410293,0.005990542265429756,0.9061693759894686,0.21347452469645645,0.020561300424084404,0.8899448750281019,-0.2851829654770961
1759432993.9535573,0.0060135489111998,0.9061307554956987,0.21348515453100075,0.02054204887093521,0.8899822959783957,-0.2851742834067332
1759432993.9582512,0.0060135489111998,0.9061307554956987,0.21348515453100075,0.02054204887093521,0.8899822959783957,-0.2851742834067332
1759432993.959831,0.0060135489111998,0.9061307554956987,0.21348515453100075,0.02054204887093521,0.8899822959783957,-0.2851742834067332
1759432993.9614758,0.0060135489111998,0.9061307554956987,0.21348515453100075,0.02054204887093521,0.8899822959783957,-0.2851742834067332
1759432993.9627042,0.0060135489111998,0.9061307554956987,0.21348515453100075,0.02054204887093521,0.8899822959783957,-0.2851742834067332
1759432993.9653897,0.005888660915937567,0.9061087134437884,0.213394881909067,0.02056316517964349,0.8900221523685132,-0.28516769570606404
1759432993.966693,0.005888660915937567,0.9061087134437884,0.213394881909067,0.02056316517964349,0.8900221523685132,-0.28516769570606404
1759432993.9682877,0.005888660915937567,0.9061087134437884,0.213394881909067,0.02056316517964349,0.8900221523685132,-0.28516769570606404
1759432993.9697049,0.005888660915937567,0.9061087134437884,0.213394881909067,0.02056316517964349,0.8900221523685132,-0.28516769570606404
1759432993.972832,0.005861648854828959,0.9060736492471387,0.2133952863767194,0.020600429239653464,0.8899875312848399,-0.2851897962644147
1759432993.9740803,0.005861648854828959,0.9060736492471387,0.2133952863767194,0.020600429239653464,0.8899875312848399,-0.2851897962644147
1759432993.9757144,0.005861648854828959,0.9060736492471387,0.2133952863767194,0.020600429239653464,0.8899875312848399,-0.2851897962644147
1759432993.9771645,0.005861648854828959,0.9060736492471387,0.2133952863767194,0.020600429239653464,0.8899875312848399,-0.2851897962644147
1759432993.980537,0.005845918706592989,0.9061045906387142,0.2133930740845174,0.020620629736247585,0.8899507113851735,-0.28517566304325764
1759432993.9817674,0.005845918706592989,0.9061045906387142,0.2133930740845174,0.020620629736247585,0.8899507113851735,-0.28517566304325764
1759432993.9833114,0.005845918706592989,0.9061045906387142,0.2133930740845174,0.020620629736247585,0.8899507113851735,-0.28517566304325764
1759432993.9847121,0.005845918706592989,0.9061045906387142,0.2133930740845174,0.020620629736247585,0.8899507113851735,-0.28517566304325764
1759432993.9884965,0.005901692658509826,0.9061595409130373,0.2133949603676505,0.020608009547148132,0.8898952395702086,-0.2851873244881339
1759432993.9899023,0.005901692658509826,0.9061595409130373,0.2133949603676505,0.020608009547148132,0.8898952395702086,-0.2851873244881339
1759432993.9913707,0.005901692658509826,0.9061595409130373,0.2133949603676505,0.020608009547148132,0.8898952395702086,-0.2851873244881339
1759432993.9926922,0.005901692658509826,0.9061595409130373,0.2133949603676505,0.020608009547148132,0.8898952395702086,-0.2851873244881339
1759432993.9979954,0.005962927867217781,0.9061628197408981,0.21340193517917092,0.020602921913818597,0.889893823387497,-0.28517784841769633
1759432993.9989038,0.005962927867217781,0.9061628197408981,0.21340193517917092,0.020602921913818597,0.889893823387497,-0.28517784841769633
1759432993.999932,0.005962927867217781,0.9061628197408981,0.21340193517917092,0.020602921913818597,0.889893823387497,-0.28517784841769633
1759432994.000899,0.005962927867217781,0.9061628197408981,0.21340193517917092,0.020602921913818597,0.889893823387497,-0.28517784841769633
1759432994.0081234,0.005983029128268426,0.9061576147394678,0.21348258595431122,0.020567502259060677,0.8899814318103293,-0.28516456227267056
1759432994.009046,0.005983029128268426,0.9061576147394678,0.21348258595431122,0.020567502259060677,0.8899814318103293,-0.28516456227267056
1759432994.0099378,0.005983029128268426,0.9061576147394678,0.21348258595431122,0.020567502259060677,0.8899814318103293,-0.28516456227267056
1759432994.0107496,0.005983029128268426,0.9061576147394678,0.21348258595431122,0.020567502259060677,0.8899814318103293,-0.28516456227267056
1759432994.0179138,0.005963612399372685,0.9061408718713494,0.213468428283068,0.020557235874858273,0.8900001565328864,-0.2851854521325553
1759432994.0190072,0.005963612399372685,0.9061408718713494,0.213468428283068,0.020557235874858273,0.8900001565328864,-0.2851854521325553
1759432994.020023,0.005963612399372685,0.9061408718713494,0.213468428283068,0.020557235874858273,0.8900001565328864,-0.2851854521325553
1759432994.0208364,0.005963612399372685,0.9061408718713494,0.213468428283068,0.020557235874858273,0.8900001565328864,-0.2851854521325553
1759432994.0327923,0.005949332308731973,0.9061158691118261,0.2134868198104756,0.020555899548567833,0.8899927567173938,-0.2851821475692647
1759432994.0381703,0.005949332308731973,0.9061158691118261,0.2134868198104756,0.020555899548567833,0.8899927567173938,-0.2851821475692647
1759432994.0392385,0.005949332308731973,0.9061158691118261,0.2134868198104756,0.020555899548567833,0.8899927567173938,-0.2851821475692647
1759432994.0402875,0.005949332308731973,0.9061158691118261,0.2134868198104756,0.020555899548567833,0.8899927567173938,-0.2851821475692647
1759432994.0415723,0.005949332308731973,0.9061158691118261,0.2134868198104756,0.020555899548567833,0.8899927567173938,-0.2851821475692647
1759432994.0442045,0.005838186030291177,0.9061051466988383,0.21338353080836348,0.020599156136609457,0.8899816563798131,-0.28518924636927656
1759432994.045628,0.005838186030291177,0.9061051466988383,0.21338353080836348,0.020599156136609457,0.8899816563798131,-0.28518924636927656
1759432994.0473003,0.005838186030291177,0.9061051466988383,0.21338353080836348,0.020599156136609457,0.8899816563798131,-0.28518924636927656
1759432994.048563,0.005838186030291177,0.9061051466988383,0.21338353080836348,0.020599156136609457,0.8899816563798131,-0.28518924636927656
1759432994.0512054,0.005885774701956762,0.9061100538688373,0.21340296107076748,0.020624225526925076,0.8899433408064176,-0.28518864947103606
1759432994.051958,0.005885774701956762,0.9061100538688373,0.21340296107076748,0.020624225526925076,0.8899433408064176,-0.28518864947103606
1759432994.052711,0.005885774701956762,0.9061100538688373,0.21340296107076748,0.020624225526925076,0.8899433408064176,-0.28518864947103606
1759432994.0533524,0.005885774701956762,0.9061100538688373,0.21340296107076748,0.020624225526925076,0.8899433408064176,-0.28518864947103606
1759432994.065595,0.005911284641301184,0.9061671446801134,0.21339198339815774,0.02060300712200448,0.8899123270272307,-0.28518458593722024
1759432994.0679603,0.005911284641301184,0.9061671446801134,0.21339198339815774,0.02060300712200448,0.8899123270272307,-0.28518458593722024
1759432994.069117,0.005911284641301184,0.9061671446801134,0.21339198339815774,0.02060300712200448,0.8899123270272307,-0.28518458593722024
1759432994.0701025,0.005911284641301184,0.9061671446801134,0.21339198339815774,0.02060300712200448,0.8899123270272307,-0.28518458593722024
1759432994.0706906,0.005911284641301184,0.9061671446801134,0.21339198339815774,0.02060300712200448,0.8899123270272307,-0.28518458593722024
1759432994.072799,0.005951139530885302,0.9061368039194877,0.21340846280065945,0.0205996302750229,0.8899361187275117,-0.28517197827307156
1759432994.074115,0.005951139530885302,0.9061368039194877,0.21340846280065945,0.0205996302750229,0.8899361187275117,-0.28517197827307156
1759432994.075399,0.005951139530885302,0.9061368039194877,0.21340846280065945,0.0205996302750229,0.8899361187275117,-0.28517197827307156
1759432994.0763075,0.005951139530885302,0.9061368039194877,0.21340846280065945,0.0205996302750229,0.8899361187275117,-0.28517197827307156
1759432994.0878377,0.005886942261503666,0.9061346802808894,0.21340151948140226,0.020584493762208493,0.8899730961821424,-0.285178147975665
1759432994.0890102,0.005886942261503666,0.9061346802808894,0.21340151948140226,0.020584493762208493,0.8899730961821424,-0.285178147975665
1759432994.0905893,0.005886942261503666,0.9061346802808894,0.21340151948140226,0.020584493762208493,0.8899730961821424,-0.285178147975665
1759432994.0915878,0.005886942261503666,0.9061346802808894,0.21340151948140226,0.020584493762208493,0.8899730961821424,-0.285178147975665
1759432994.0945032,0.005880292177239431,0.9061142585416052,0.21338945833080736,0.020577732801398265,0.8899708756069925,-0.2851856371485564
1759432994.095395,0.005880292177239431,0.9061142585416052,0.21338945833080736,0.020577732801398265,0.8899708756069925,-0.2851856371485564
1759432994.0964737,0.005880292177239431,0.9061142585416052,0.21338945833080736,0.020577732801398265,0.8899708756069925,-0.2851856371485564
1759432994.0975556,0.005880292177239431,0.9061142585416052,0.21338945833080736,0.020577732801398265,0.8899708756069925,-0.2851856371485564
1759432994.1005237,0.005885884932365205,0.9061049286429039,0.21341002171356432,0.02059502822986624,0.8899829026158699,-0.2851821202548241
1759432994.1019483,0.005885884932365205,0.9061049286429039,0.21341002171356432,0.02059502822986624,0.8899829026158699,-0.2851821202548241
1759432994.1029212,0.005885884932365205,0.9061049286429039,0.21341002171356432,0.02059502822986624,0.8899829026158699,-0.2851821202548241
1759432994.103573,0.005885884932365205,0.9061049286429039,0.21341002171356432,0.02059502822986624,0.8899829026158699,-0.2851821202548241
1759432994.1157324,0.005874423058659668,0.9061250527744743,0.2133908389035158,0.020578595129816895,0.8899787748808411,-0.2851719973507814
1759432994.1179497,0.005874423058659668,0.9061250527744743,0.2133908389035158,0.020578595129816895,0.8899787748808411,-0.2851719973507814
1759432994.119079,0.005874423058659668,0.9061250527744743,0.2133908389035158,0.020578595129816895,0.8899787748808411,-0.2851719973507814
1759432994.1198454,0.005874423058659668,0.9061250527744743,0.2133908389035158,0.020578595129816895,0.8899787748808411,-0.2851719973507814
1759432994.12058,0.005874423058659668,0.9061250527744743,0.2133908389035158,0.020578595129816895,0.8899787748808411,-0.2851719973507814
1759432994.1228592,0.005924007345409178,0.9060917170803738,0.21340180523272223,0.020586112092762208,0.8899507922966289,-0.28518415577288336
1759432994.12379,0.005924007345409178,0.9060917170803738,0.21340180523272223,0.020586112092762208,0.8899507922966289,-0.28518415577288336
1759432994.1252148,0.005924007345409178,0.9060917170803738,0.21340180523272223,0.020586112092762208,0.8899507922966289,-0.28518415577288336
1759432994.126116,0.005924007345409178,0.9060917170803738,0.21340180523272223,0.020586112092762208,0.8899507922966289,-0.28518415577288336
1759432994.1378577,0.005915305731358441,0.9061240138245525,0.21339720038795768,0.020608761193690386,0.8899097783731518,-0.28516786841774283
1759432994.138833,0.005915305731358441,0.9061240138245525,0.21339720038795768,0.020608761193690386,0.8899097783731518,-0.28516786841774283
1759432994.1396883,0.005915305731358441,0.9061240138245525,0.21339720038795768,0.020608761193690386,0.8899097783731518,-0.28516786841774283
1759432994.1403348,0.005915305731358441,0.9061240138245525,0.21339720038795768,0.020608761193690386,0.8899097783731518,-0.28516786841774283
1759432994.1430812,0.005898673198202117,0.9061306139484648,0.21340341303789956,0.02061245951893045,0.889937197600245,-0.2851705047889982
1759432994.1439295,0.005898673198202117,0.9061306139484648,0.21340341303789956,0.02061245951893045,0.889937197600245,-0.2851705047889982
1759432994.1447713,0.005898673198202117,0.9061306139484648,0.21340341303789956,0.02061245951893045,0.889937197600245,-0.2851705047889982
1759432994.1455228,0.005898673198202117,0.9061306139484648,0.21340341303789956,0.02061245951893045,0.889937197600245,-0.2851705047889982
1759432994.1479242,0.005904861602700134,0.9061071826941417,0.21339374046266676,0.02060478099831305,0.8899644062989308,-0.28517656783998613
1759432994.1492672,0.005904861602700134,0.9061071826941417,0.21339374046266676,0.02060478099831305,0.8899644062989308,-0.28517656783998613
1759432994.1512537,0.005965577188118972,0.9061212802507803,0.21348103605252947,0.02059282201232048,0.889961402656801,-0.28517684064847676
1759432994.1524255,0.005965577188118972,0.9061212802507803,0.21348103605252947,0.02059282201232048,0.889961402656801,-0.28517684064847676
1759432994.1542463,0.005965577188118972,0.9061212802507803,0.21348103605252947,0.02059282201232048,0.889961402656801,-0.28517684064847676
