timestamp,cur_x,cur_y,cur_z,thrust
0.0023949146270751953,0.8962563276290894,0.10311456024646759,0.8789827823638916,55000
0.007204532623291016,0.8962971568107605,0.10313671827316284,0.8789482712745667,55000
0.013212203979492188,0.8964519500732422,0.1033969521522522,0.8789709210395813,55000
0.018708229064941406,0.8964722752571106,0.10344521701335907,0.8789573311805725,55000
0.02658987045288086,0.8964366912841797,0.10338564962148666,0.8789514303207397,55000
0.03211236000061035,0.8962996006011963,0.10313642770051956,0.8789543509483337,55000
0.040436506271362305,0.8961321115493774,0.10249730199575424,0.8790270090103149,55000
0.04565119743347168,0.8962860703468323,0.10312651097774506,0.8789520263671875,55000
0.057417869567871094,0.8964186906814575,0.10335064679384232,0.8789387941360474,55000
0.06493115425109863,0.8964621424674988,0.1033884808421135,0.8789509534835815,55000
0.07077169418334961,0.8964501619338989,0.10337696969509125,0.8789456486701965,55000
0.07941675186157227,0.8962773680686951,0.10316869616508484,0.8789746761322021,55000
0.08512520790100098,0.8961455821990967,0.10251401364803314,0.8790110945701599,55000
0.09370803833007812,0.896301805973053,0.10313661396503448,0.8789708018302917,55000
0.09975886344909668,0.8964576125144958,0.10335061699151993,0.8789729475975037,55000
0.10825967788696289,0.89646977186203,0.10341440141201019,0.87893146276474,55000
0.11538338661193848,0.8964669704437256,0.10336653888225555,0.8789485692977905,55000
0.12253642082214355,0.8962903022766113,0.10313966125249863,0.8789610266685486,55000
0.12868261337280273,0.8962252140045166,0.10266706347465515,0.8789608478546143,55000
0.1360611915588379,0.8962645530700684,0.10313525795936584,0.8789083361625671,55000
0.14415574073791504,0.8963800072669983,0.10335908085107803,0.8788760304450989,55000
0.1621077060699463,0.8963550329208374,0.1033862754702568,0.8787831664085388,55000
0.16767239570617676,0.8962720036506653,0.10336880385875702,0.8787240386009216,55000
0.17562222480773926,0.8962262868881226,0.10300394892692566,0.8787128925323486,55000
0.18172550201416016,0.8961450457572937,0.10330833494663239,0.8786346316337585,55000
0.19011664390563965,0.8960950374603271,0.10337961465120316,0.8785489797592163,55000
0.19592905044555664,0.8960750699043274,0.10346242040395737,0.8784804344177246,55000
0.20412445068359375,0.8961004614830017,0.10346733778715134,0.8784246444702148,55000
0.20994973182678223,0.8961251974105835,0.1035304069519043,0.8783484697341919,55000
0.21795296669006348,0.8961874842643738,0.10367263108491898,0.8782550096511841,55000
0.22381854057312012,0.8963505029678345,0.10383827239274979,0.8781434297561646,55000
0.2314310073852539,0.8965644836425781,0.10421042144298553,0.8780800700187683,55000
0.2374424934387207,0.896973729133606,0.10507455468177795,0.8780924677848816,55000
0.2543814182281494,0.8972695469856262,0.10586344450712204,0.8780670762062073,55000
0.2595381736755371,0.8977376222610474,0.10689859837293625,0.8780127167701721,55000
0.2677798271179199,0.8981080651283264,0.10813715308904648,0.8778950572013855,55000
0.2730522155761719,0.8984211087226868,0.10880769789218903,0.878029465675354,55000
0.27861952781677246,0.8992193341255188,0.1108052060008049,0.877862274646759,55000
0.2889413833618164,0.8999590873718262,0.1127917468547821,0.8777344226837158,55000
0.29888105392456055,0.9007388353347778,0.11517292261123657,0.877580463886261,55000
0.3106343746185303,0.9010924696922302,0.11658598482608795,0.8776354789733887,55000
0.32205724716186523,0.9026072025299072,0.12003454566001892,0.877310574054718,55000
0.33243823051452637,0.9028818607330322,0.12214997410774231,0.8774553537368774,55000
0.3428161144256592,0.9041042327880859,0.12543389201164246,0.8772891759872437,55000
0.34893083572387695,0.9050059914588928,0.12876597046852112,0.8771102428436279,55000
0.3598744869232178,0.9064334630966187,0.13280144333839417,0.8771726489067078,55000
0.3709101676940918,0.9072485566139221,0.13579247891902924,0.8771146535873413,55000
0.3816101551055908,0.9088492393493652,0.13984748721122742,0.8770559430122375,55000
0.3890504837036133,0.9102405905723572,0.14414082467556,0.8769979476928711,55000
0.39963769912719727,0.9115347862243652,0.14837287366390228,0.87702476978302,55000
0.4086310863494873,0.9136486053466797,0.1537744104862213,0.8768001794815063,55000
0.42051148414611816,0.915259599685669,0.15872906148433685,0.8766876459121704,55000
0.43258047103881836,0.9171150922775269,0.16349035501480103,0.8768182396888733,55000
0.43914318084716797,0.9181858897209167,0.16688399016857147,0.8768701553344727,55000
0.4504361152648926,0.9204038977622986,0.17251893877983093,0.8767962455749512,55000
0.4616706371307373,0.9226395487785339,0.17822112143039703,0.8768385052680969,55000
0.4692857265472412,0.9247456192970276,0.18334607779979706,0.8769441246986389,55000
0.4816741943359375,0.9270234704017639,0.18947076797485352,0.8770120143890381,55000
0.4894428253173828,0.9292623400688171,0.1948014348745346,0.8770856857299805,55000
0.49925947189331055,0.9315456748008728,0.20076124370098114,0.8770431876182556,55000
0.5098459720611572,0.9340997934341431,0.20612868666648865,0.8771080374717712,55000
0.5197439193725586,0.9365010857582092,0.21289004385471344,0.8771800398826599,55000
0.5301146507263184,0.9392687678337097,0.21917954087257385,0.877161979675293,55000
0.5423057079315186,0.9418296813964844,0.2253713458776474,0.8770947456359863,55000
0.5492806434631348,0.944438099861145,0.23193757236003876,0.8770007491111755,55000
0.559018611907959,0.9470453858375549,0.23802854120731354,0.8770875930786133,55000
0.5691771507263184,0.9498257637023926,0.2451765537261963,0.8771634697914124,55000
0.5806479454040527,0.9523146152496338,0.2520812749862671,0.8771008849143982,55000
0.5910439491271973,0.9553655982017517,0.2589460015296936,0.8771155476570129,55000
0.6015729904174805,0.9579272270202637,0.26645323634147644,0.8770958185195923,55000
0.6130557060241699,0.9608127474784851,0.27355706691741943,0.8770700097084045,55000
0.620262622833252,0.9633432626724243,0.28055357933044434,0.8769358992576599,55000
0.6301102638244629,0.9662424921989441,0.2881145179271698,0.8768520355224609,55000
0.6415438652038574,0.9690321087837219,0.29592379927635193,0.8767896294593811,55000
0.6491281986236572,0.971760630607605,0.30374881625175476,0.8766787648200989,55000
0.6604442596435547,0.9746924638748169,0.3115992248058319,0.8766288161277771,55000
0.6714572906494141,0.977480947971344,0.31955474615097046,0.8764446973800659,55000
0.6812074184417725,0.9802244901657104,0.3275209069252014,0.8762558102607727,55000
0.6886415481567383,0.9830549955368042,0.33588358759880066,0.8759763240814209,55000
0.6993119716644287,0.9857338070869446,0.34443357586860657,0.8758226037025452,55000
0.7102782726287842,0.9886394739151001,0.352987140417099,0.8755455017089844,55000
0.7210211753845215,0.9913796186447144,0.3617340922355652,0.8752082586288452,55000
0.7294497489929199,0.9942834377288818,0.3705085813999176,0.8749251961708069,55000
0.7391512393951416,0.9970779418945312,0.37934139370918274,0.8745825886726379,55000
0.7497367858886719,1.0000032186508179,0.3882492780685425,0.8741934895515442,55000
0.7605030536651611,1.0028021335601807,0.3972870409488678,0.873866617679596,55000
0.7690718173980713,1.0056840181350708,0.4065137803554535,0.8735013008117676,55000
0.78110671043396,1.0086063146591187,0.41580885648727417,0.8730350136756897,55000
0.7899904251098633,1.0114251375198364,0.42518314719200134,0.8725906014442444,55000
0.7990944385528564,1.014388918876648,0.4346715807914734,0.8721528053283691,55000
0.8114948272705078,1.0171552896499634,0.4442322850227356,0.8716446161270142,55000
0.819652795791626,1.020038366317749,0.45403000712394714,0.8710899353027344,55000
0.8293173313140869,1.0228365659713745,0.4637221097946167,0.8705500364303589,55000
0.8389921188354492,1.0256918668746948,0.47360217571258545,0.8700740933418274,55000
0.8488807678222656,1.0285630226135254,0.4836322069168091,0.8694570660591125,55000
0.8591365814208984,1.0314295291900635,0.49374309182167053,0.86894690990448,55000
0.8696587085723877,1.034355640411377,0.5039446949958801,0.8684291839599609,55000
0.8798043727874756,1.0373034477233887,0.514434814453125,0.8677818775177002,55000
0.8911783695220947,1.0399538278579712,0.5245336890220642,0.8672789335250854,55000
0.902968168258667,1.0427978038787842,0.5351554751396179,0.8666916489601135,55000
0.9090549945831299,1.0457123517990112,0.5456966757774353,0.8661282658576965,55000
0.9194071292877197,1.0483598709106445,0.5562732815742493,0.8655176758766174,55000
0.9291963577270508,1.0513314008712769,0.5670636296272278,0.8649312853813171,55000
0.9388422966003418,1.0541313886642456,0.5780401229858398,0.8643242716789246,55000
0.9489541053771973,1.056838870048523,0.5886796116828918,0.8637571334838867,55000
0.9617183208465576,1.059570074081421,0.5996367335319519,0.86324542760849,55000
0.9722554683685303,1.0624061822891235,0.6105263233184814,0.8625553250312805,55000
0.9797465801239014,1.0651599168777466,0.6217400431632996,0.8619953989982605,55000
0.9900767803192139,1.0680192708969116,0.6329579949378967,0.8614462614059448,55000
1.0001294612884521,1.070794939994812,0.6441567540168762,0.8608078956604004,55000
1.0114006996154785,1.073581337928772,0.6556100845336914,0.8602209687232971,55000
1.022491693496704,1.0763202905654907,0.6668936610221863,0.8596800565719604,55000
1.032365322113037,1.0790680646896362,0.6782733798027039,0.8590592741966248,55000
1.043306827545166,1.0819339752197266,0.6897531747817993,0.8585060238838196,55000
1.0492372512817383,1.0846889019012451,0.7013887763023376,0.8579772710800171,55000
1.059497594833374,1.0874991416931152,0.7132266759872437,0.8573450446128845,55000
1.069209337234497,1.0903394222259521,0.7248937487602234,0.8567984700202942,55000
1.0790119171142578,1.0929960012435913,0.736740231513977,0.8562130928039551,55000
1.089179277420044,1.095611333847046,0.7488135695457458,0.8556742072105408,55000
1.0999629497528076,1.0983607769012451,0.7608382105827332,0.8550866842269897,55000
1.1113955974578857,1.1011320352554321,0.7727746367454529,0.8545636534690857,55000
1.1188738346099854,1.1038517951965332,0.7851128578186035,0.8540310859680176,53885
1.1299068927764893,1.1064709424972534,0.7974429130554199,0.8534619212150574,55000
1.1398937702178955,1.1092162132263184,0.8095492720603943,0.8527923226356506,55000
1.14951753616333,1.1117596626281738,0.8219314813613892,0.8522526025772095,55000
1.1605863571166992,1.1143900156021118,0.8342723846435547,0.851670503616333,55000
1.1706054210662842,1.117127776145935,0.8467164635658264,0.850886881351471,55000
1.1798882484436035,1.1196117401123047,0.8595137596130371,0.8502960801124573,55000
1.189239501953125,1.1220571994781494,0.8724708557128906,0.8496353626251221,55000
1.1987535953521729,1.1245759725570679,0.8852158784866333,0.8490372896194458,46240
1.2093040943145752,1.1271294355392456,0.8979930877685547,0.8483104109764099,55000
1.218918800354004,1.1295868158340454,0.910881757736206,0.8475969433784485,55000
1.2292840480804443,1.1319246292114258,0.9240840077400208,0.8469252586364746,55000
1.2390015125274658,1.1344201564788818,0.937207043170929,0.8462541103363037,55000
1.249981164932251,1.136656403541565,0.9503097534179688,0.8455932140350342,55000
1.259462833404541,1.1388497352600098,0.9636329412460327,0.8448743224143982,42000
1.279984474182129,1.141100287437439,0.9771183133125305,0.844153881072998,55000
1.2851078510284424,1.1432075500488281,0.9905861020088196,0.8433928489685059,55000
1.294135570526123,1.1454178094863892,1.0039300918579102,0.8425576090812683,42000
1.299999713897705,1.1474400758743286,1.0172454118728638,0.8418716192245483,55000
1.3099031448364258,1.149512767791748,1.0308581590652466,0.8411140441894531,55000
1.3195431232452393,1.1515084505081177,1.044211506843567,0.8403880000114441,42000
1.3319733142852783,1.1536810398101807,1.057795524597168,0.8397412300109863,55000
1.342170000076294,1.155540943145752,1.0709093809127808,0.8387957811355591,55000
1.3488092422485352,1.1572436094284058,1.084249496459961,0.8379238843917847,55000
1.3625707626342773,1.159584879875183,1.0980147123336792,0.8369535207748413,42000
1.3754312992095947,1.1607890129089355,1.1108382940292358,0.8364303112030029,52736
1.3791747093200684,1.1626840829849243,1.1241564750671387,0.8355390429496765,52753
1.3890643119812012,1.164313793182373,1.1374789476394653,0.8345390558242798,51839
1.399397611618042,1.1658722162246704,1.1509569883346558,0.8335934281349182,51353
1.4128851890563965,1.1674370765686035,1.1641502380371094,0.8327146768569946,50614
1.4200356006622314,1.168859601020813,1.177543044090271,0.8318237066268921,51117
1.4300322532653809,1.170357346534729,1.1909083127975464,0.8308675289154053,55000
1.4406025409698486,1.1719377040863037,1.2043085098266602,0.8299137949943542,42000
1.4515857696533203,1.1734143495559692,1.2174711227416992,0.8289023041725159,48170
1.4615187644958496,1.1749906539916992,1.2307593822479248,0.8279454708099365,48107
1.4688642024993896,1.1765180826187134,1.2438384294509888,0.8269187808036804,55000
1.4790685176849365,1.177913784980774,1.2568080425262451,0.8259264230728149,42000
1.4893388748168945,1.1792923212051392,1.2697386741638184,0.8249207139015198,46414
1.4993999004364014,1.1806176900863647,1.2826600074768066,0.8238579630851746,55000
1.5089480876922607,1.1819208860397339,1.295595407485962,0.822797954082489,42000
1.5190694332122803,1.183189034461975,1.308526635169983,0.8217228651046753,45051
1.5298736095428467,1.1843888759613037,1.3214799165725708,0.8205809593200684,44597
1.5405051708221436,1.1854318380355835,1.3342410326004028,0.8194096088409424,55000
1.5497486591339111,1.1865004301071167,1.347015619277954,0.8182603716850281,42000
1.5602624416351318,1.1875172853469849,1.3595850467681885,0.8170903921127319,42861
1.571051836013794,1.1885706186294556,1.3720691204071045,0.8158929347991943,55000
1.5791780948638916,1.1898791790008545,1.3847377300262451,0.8147362470626831,42000
1.5922632217407227,1.1908283233642578,1.3969782590866089,0.8136101365089417,42289
1.5989365577697754,1.192131519317627,1.409500241279602,0.8123713135719299,42963
1.6090342998504639,1.1933631896972656,1.421810507774353,0.8112326860427856,42000
1.6191906929016113,1.1942342519760132,1.4336752891540527,0.8100237846374512,42000
1.6295783519744873,1.195103645324707,1.4454470872879028,0.8088400959968567,42000
1.6393632888793945,1.1959810256958008,1.4569185972213745,0.8076359629631042,42000
1.649707317352295,1.1966872215270996,1.4681190252304077,0.8064091801643372,42000
1.6589641571044922,1.1973851919174194,1.4791635274887085,0.8052456974983215,42000
1.6694457530975342,1.1980044841766357,1.4901421070098877,0.8040580153465271,42000
1.6787645816802979,1.199389100074768,1.5017848014831543,0.8030210733413696,42000
1.6887764930725098,1.2001349925994873,1.512284278869629,0.8018146753311157,42000
1.7012805938720703,1.2006388902664185,1.5224627256393433,0.800630509853363,42000
1.7091410160064697,1.2013025283813477,1.5326902866363525,0.7993967533111572,55000
1.7207701206207275,1.2016860246658325,1.5425719022750854,0.7981499433517456,42000
1.7394509315490723,1.2020736932754517,1.5522687435150146,0.7968464493751526,42000
1.7440600395202637,1.202488899230957,1.5618019104003906,0.7955384850502014,55000
1.7553894519805908,1.2028205394744873,1.5710515975952148,0.7942872643470764,42000
1.7621028423309326,1.2031599283218384,1.5801827907562256,0.7929788827896118,54463
1.769554853439331,1.203520655632019,1.5891495943069458,0.791623055934906,42000
1.7790052890777588,1.2037233114242554,1.597858190536499,0.7902604937553406,42000
1.789893388748169,1.204007863998413,1.606351375579834,0.7889330387115479,42000
1.7995307445526123,1.2042607069015503,1.614678144454956,0.7875626683235168,42000
1.809694528579712,1.2045279741287231,1.6230123043060303,0.7862076163291931,53329
1.8195726871490479,1.2036525011062622,1.6300029754638672,0.7845315933227539,42000
1.8300361633300781,1.2038562297821045,1.6378509998321533,0.7831591963768005,43242
1.8390607833862305,1.2050501108169556,1.6464946269989014,0.7821695804595947,42000
1.8490283489227295,1.2051934003829956,1.6540257930755615,0.7807765603065491,42000
1.8598048686981201,1.2048372030258179,1.6610779762268066,0.7793647646903992,42089
1.8699567317962646,1.204866886138916,1.668359637260437,0.7780971527099609,42155
1.8792061805725098,1.203453540802002,1.6742463111877441,0.7764376997947693,53385
1.8889224529266357,1.2048243284225464,1.6823675632476807,0.7754611372947693,42000
2.6037755012512207,1.2052338123321533,1.7090225219726562,0.7700265049934387,42761
2.6043872833251953,1.2049450874328613,1.7149568796157837,0.768826425075531,51657
2.606182336807251,1.2046338319778442,1.7207350730895996,0.7676169276237488,51704
2.610496759414673,1.2043037414550781,1.7255961894989014,0.7664597630500793,52528
2.612797498703003,1.2035696506500244,1.7308598756790161,0.7649984359741211,52026
2.6150121688842773,1.203779697418213,1.737058401107788,0.7637648582458496,50973
2.6175763607025146,1.2033982276916504,1.742126226425171,0.7624021768569946,52007
2.622666597366333,1.2028837203979492,1.7461317777633667,0.7611410021781921,52994
2.624969244003296,1.2025747299194336,1.750929355621338,0.7597675919532776,52110
2.627213478088379,1.2020949125289917,1.7553621530532837,0.7583492994308472,52391
2.941472291946411,1.1670700311660767,1.793108344078064,0.7158581614494324,42000
2.943655014038086,1.0828782320022583,1.4228260517120361,0.6790063977241516,55000
2.9459640979766846,1.0818160772323608,1.403450846672058,0.6784825325012207,55000
2.948530673980713,1.0807024240493774,1.383000135421753,0.677923321723938,55000
2.9514389038085938,1.079836368560791,1.3623408079147339,0.6775261759757996,55000
2.956263780593872,1.078713059425354,1.3404850959777832,0.6770867705345154,55000
2.9585354328155518,1.0778497457504272,1.3180001974105835,0.6765666604042053,55000
2.960909128189087,1.0767968893051147,1.2945353984832764,0.6760985255241394,55000
2.9636049270629883,1.0745435953140259,1.271912932395935,0.6733072996139526,55000
2.968209743499756,1.068177342414856,1.2537109851837158,0.6642442345619202,55000
2.9706649780273438,1.070906400680542,1.2269176244735718,0.6480953097343445,55000
2.973065137863159,1.0755716562271118,1.2149862051010132,0.642329216003418,55000
2.975645065307617,1.0783376693725586,1.199203610420227,0.6365699768066406,55000
2.980295419692993,1.081249713897705,1.1828689575195312,0.6311529874801636,55000
2.9889132976531982,1.0844746828079224,1.1661076545715332,0.6259833574295044,55000
2.9901251792907715,1.0874778032302856,1.147875189781189,0.6212769150733948,55000
3.0089054107666016,1.0901278257369995,1.1302458047866821,0.616649329662323,55000
3.0190653800964355,1.092900037765503,1.1147502660751343,0.6108545660972595,55000
3.0289900302886963,1.0954824686050415,1.0971673727035522,0.6057572960853577,55000
3.908367156982422,1.1354854106903076,0.9440740346908569,0.5453322529792786,55000
3.910966396331787,1.1804276704788208,0.7733209133148193,0.31980520486831665,55000
3.9137206077575684,1.180364966392517,0.7770270705223083,0.32237571477890015,55000
3.916701555252075,1.1799535751342773,0.780321478843689,0.32558244466781616,55000
3.9225056171417236,1.1797534227371216,0.7837349772453308,0.328866183757782,55000
3.925919532775879,1.17961585521698,0.7868306040763855,0.3328031301498413,55000
3.928295612335205,1.1798564195632935,0.7899587750434875,0.3369603455066681,55000
3.9334404468536377,1.1801764965057373,0.7924964427947998,0.34128227829933167,55000
3.9364519119262695,1.1804043054580688,0.7948510646820068,0.3458007574081421,55000
3.941720962524414,1.180661678314209,0.7970641851425171,0.3504678010940552,55000
3.9446897506713867,1.180856466293335,0.7992644906044006,0.35450980067253113,55000
3.9474081993103027,1.1809738874435425,0.8017534613609314,0.35763415694236755,55000
3.95271897315979,1.1813968420028687,0.8052070140838623,0.3603712320327759,55000
3.9557583332061768,1.1820141077041626,0.8090055584907532,0.3627345561981201,55000
3.9585609436035156,1.1824599504470825,0.8128204941749573,0.36502301692962646,55000
3.964012861251831,1.1833837032318115,0.8160187005996704,0.3669491410255432,55000
3.969933032989502,1.1825321912765503,0.817950963973999,0.3701620399951935,55000
3.979300022125244,1.1825357675552368,0.8200684189796448,0.3721200227737427,55000
3.9900197982788086,1.1834280490875244,0.8239854574203491,0.3727632164955139,55000
3.9994699954986572,1.1819055080413818,0.8259168267250061,0.3744834065437317,55000
4.0095906257629395,1.1791719198226929,0.8286609053611755,0.37669485807418823,55000
4.0196239948272705,1.1765000820159912,0.8321619629859924,0.37904495000839233,55000
4.028954982757568,1.1736342906951904,0.8361331224441528,0.3819153606891632,55000
4.03900408744812,1.1707918643951416,0.8398905992507935,0.38512682914733887,55000
4.048994541168213,1.166152000427246,0.8424492478370667,0.3896074593067169,55000
4.059158563613892,1.1633104085922241,0.8459725975990295,0.39357659220695496,55000
4.0691142082214355,1.1597658395767212,0.8508315682411194,0.39784371852874756,55000
4.07904839515686,1.1569888591766357,0.854775071144104,0.40230536460876465,55000
4.089094638824463,1.1533581018447876,0.859178900718689,0.4066421389579773,55000
4.099560499191284,1.1494181156158447,0.8629000782966614,0.4105534255504608,55000
4.110270738601685,1.1455470323562622,0.8666202425956726,0.41377997398376465,55000
4.119442939758301,1.1417529582977295,0.8697937726974487,0.41710197925567627,55000
4.129670143127441,1.1371132135391235,0.8731961250305176,0.4202144742012024,55000
4.13978385925293,1.1332478523254395,0.8770262002944946,0.42334336042404175,55000
4.149575710296631,1.1307662725448608,0.8800494074821472,0.4264095723628998,55000
4.159343957901001,1.1296411752700806,0.8845948576927185,0.42796701192855835,55000
4.169449090957642,1.127314805984497,0.8858005404472351,0.4321628212928772,55000
4.179495334625244,1.1260563135147095,0.8892464637756348,0.43409278988838196,55000
4.189226150512695,1.1247544288635254,0.8912891149520874,0.43675729632377625,55000
4.199736595153809,1.123665452003479,0.8938084244728088,0.43912965059280396,55000
4.209091901779175,1.1227620840072632,0.8960803747177124,0.44168156385421753,55000
4.219061374664307,1.122025728225708,0.8979002833366394,0.444799542427063,55000
4.229520559310913,1.1212464570999146,0.9000217914581299,0.4478406012058258,55000
4.239830493927002,1.1205780506134033,0.9022659659385681,0.45083868503570557,55000
4.24908185005188,1.119444489479065,0.9035482406616211,0.45422354340553284,55000
4.269526481628418,1.1169207096099854,0.907126784324646,0.46011725068092346,55000
4.280066013336182,1.1151756048202515,0.908258318901062,0.4636933505535126,55000
4.289130687713623,1.1139734983444214,0.9105977416038513,0.46623948216438293,55000
4.29971981048584,1.112410545349121,0.911515474319458,0.4698087275028229,55000
4.310054779052734,1.110718846321106,0.9124813079833984,0.47328904271125793,55000
4.34992790222168,1.0992915630340576,0.9126439094543457,0.48733365535736084,55000
4.359758615493774,1.0976884365081787,0.9136720299720764,0.48964154720306396,55000
4.370240688323975,1.0962039232254028,0.9147721529006958,0.4917560815811157,55000
4.379810810089111,1.0948143005371094,0.9151418805122375,0.4948824942111969,55000
4.38942551612854,1.0941709280014038,0.9148865342140198,0.49645113945007324,55000
4.399908065795898,1.0943927764892578,0.9156323671340942,0.4985053539276123,55000
4.40918755531311,1.094035029411316,0.9156243801116943,0.5001711845397949,55000
4.419632434844971,1.0938100814819336,0.9157917499542236,0.5021036267280579,55000
4.430013418197632,1.0942506790161133,0.9165530800819397,0.5036165714263916,55000
4.439522981643677,1.0939053297042847,0.916333019733429,0.5060622096061707,55000
4.449523210525513,1.0929149389266968,0.9151462316513062,0.5100455284118652,55000
4.46027135848999,1.0926830768585205,0.9148253202438354,0.5128118395805359,55000
4.469341993331909,1.0922048091888428,0.914830207824707,0.5148442387580872,55000
4.479609489440918,1.0924633741378784,0.91507887840271,0.5169116854667664,55000
4.489360809326172,1.0915675163269043,0.9142600297927856,0.5197581052780151,55000
4.49913763999939,1.0900042057037354,0.9131168127059937,0.5228210091590881,55000
4.509811639785767,1.0892841815948486,0.9124282598495483,0.5251224040985107,55000
4.519485950469971,1.088326096534729,0.9122235774993896,0.5272970199584961,55000
4.529162406921387,1.0867576599121094,0.9110540151596069,0.5299770832061768,55000
4.538928270339966,1.0855342149734497,0.9108057022094727,0.5320277214050293,55000
4.549282789230347,1.0834312438964844,0.9092429876327515,0.534559428691864,55000
4.5589118003845215,1.0816256999969482,0.908178985118866,0.536899209022522,55000
4.56999397277832,1.0802463293075562,0.9076485633850098,0.5390276312828064,55000
4.579221963882446,1.0781546831130981,0.9066760540008545,0.5423955321311951,55000
4.58979344367981,1.0771065950393677,0.9060853719711304,0.5450803637504578,55000
4.599693775177002,1.0770093202590942,0.9065452218055725,0.5480219125747681,55000
4.609127998352051,1.0752900838851929,0.9049859642982483,0.5517005324363708,55000
4.619824647903442,1.075607419013977,0.9046480059623718,0.5551205277442932,55000
4.630203723907471,1.0755048990249634,0.9036661982536316,0.5587698221206665,55000
4.639425992965698,1.0756393671035767,0.9028373956680298,0.5624420642852783,55000
4.650038957595825,1.0760282278060913,0.9019050598144531,0.5663394331932068,55000
4.659372806549072,1.0769060850143433,0.901075541973114,0.5704261064529419,55000
4.67052435874939,1.0770562887191772,0.9000964164733887,0.5746040940284729,55000
4.679086923599243,1.076874017715454,0.8988998532295227,0.5787786245346069,55000
4.6897666454315186,1.0763330459594727,0.8977133631706238,0.582750678062439,55000
4.700231313705444,1.075094223022461,0.8960305452346802,0.5865124464035034,55000
4.708810806274414,1.074108600616455,0.8954752087593079,0.5899815559387207,55000
4.720400333404541,1.0722442865371704,0.8941525220870972,0.593515157699585,55000
4.729155540466309,1.0710686445236206,0.8934366703033447,0.5968309044837952,55000
4.738806962966919,1.069785475730896,0.8924245834350586,0.6002264022827148,55000
4.7492053508758545,1.0684345960617065,0.8915387988090515,0.6033613681793213,55000
4.759748697280884,1.0670650005340576,0.8904657959938049,0.6063627004623413,55000
4.769398927688599,1.066464900970459,0.8903192281723022,0.6096057295799255,55000
4.7797935009002686,1.0641143321990967,0.8883939981460571,0.6122743487358093,55000
4.789132595062256,1.062873125076294,0.8881759643554688,0.6153945922851562,55000
4.8004701137542725,1.0612287521362305,0.8869778513908386,0.6185163259506226,55000
4.8089845180511475,1.0599217414855957,0.8861367106437683,0.6214802861213684,55000
4.819638252258301,1.0586332082748413,0.884911060333252,0.6249001026153564,55000
4.82983660697937,1.057259440422058,0.8837073445320129,0.628227949142456,55000
4.839254856109619,1.0567481517791748,0.8827970623970032,0.6317673325538635,55000
4.848710775375366,1.0552856922149658,0.8809923529624939,0.6356520056724548,55000
4.859476804733276,1.0544215440750122,0.8798025846481323,0.639591634273529,55000
4.8698341846466064,1.0528463125228882,0.8783968091011047,0.6432349681854248,55000
4.879366397857666,1.0512632131576538,0.8766762018203735,0.6465075612068176,55000
4.889090061187744,1.0495424270629883,0.8749008774757385,0.649627149105072,55000
4.900253534317017,1.048436164855957,0.8731725811958313,0.652164101600647,55000
4.90907883644104,1.0475397109985352,0.8713119626045227,0.6547262072563171,55000
4.9195733070373535,1.0469095706939697,0.8693440556526184,0.6568034887313843,55000
4.929232358932495,1.0456815958023071,0.8675217032432556,0.6593559384346008,55000
4.940167427062988,1.0443369150161743,0.8661096096038818,0.6614348888397217,55000
4.950436353683472,1.0424703359603882,0.8646849989891052,0.6635470390319824,55000
4.95989727973938,1.0403717756271362,0.863273561000824,0.6657838821411133,55000
4.969080924987793,1.0384913682937622,0.861868679523468,0.6679232716560364,55000
4.97918963432312,1.03643000125885,0.8599615097045898,0.670293390750885,55000
4.989990949630737,1.0344150066375732,0.8583877086639404,0.6727639436721802,55000
4.999835014343262,1.0324110984802246,0.8566238284111023,0.6754608154296875,55000
5.009462118148804,1.030967354774475,0.855195164680481,0.6783424615859985,55000
5.020638465881348,1.0285801887512207,0.8526889085769653,0.6811350584030151,55000
5.029775381088257,1.0274921655654907,0.850965142250061,0.6839095950126648,55000
5.039947509765625,1.0255533456802368,0.8488211035728455,0.6868186593055725,55000
5.050413370132446,1.0230551958084106,0.8458822965621948,0.6891544461250305,55000
5.059234619140625,1.0212600231170654,0.8435937166213989,0.691290020942688,55000
5.070268630981445,1.0196647644042969,0.8417328596115112,0.6935926079750061,55000
5.0795722007751465,1.0173290967941284,0.8387471437454224,0.6955191493034363,55000
5.09001898765564,1.0158249139785767,0.8359085321426392,0.6976215243339539,55000
5.100793123245239,1.015587329864502,0.8330253958702087,0.6999657154083252,55000
5.109950542449951,1.0138407945632935,0.8286412358283997,0.7024402618408203,55000
5.120404481887817,1.0131335258483887,0.8251188397407532,0.7045105695724487,55000
5.1302855014801025,1.0118954181671143,0.8208096027374268,0.7069557905197144,55000
5.1396777629852295,1.0105807781219482,0.8166186213493347,0.7098565697669983,55000
5.149819612503052,1.0091675519943237,0.8117170333862305,0.7130032181739807,55000
5.159755229949951,1.0073730945587158,0.8064346313476562,0.716304361820221,55000
5.169877052307129,1.0051872730255127,0.8009749054908752,0.7194592356681824,55000
5.179441213607788,1.0021508932113647,0.7950412034988403,0.7230421304702759,55000
5.18948769569397,0.9997537136077881,0.7891724109649658,0.7267417907714844,55000
5.199789762496948,0.9967701435089111,0.7824430465698242,0.7306919097900391,55000
5.2091405391693115,0.9933399558067322,0.7756339311599731,0.734470546245575,55000
5.2201080322265625,0.9891949892044067,0.7686002850532532,0.7382415533065796,55000
5.229151487350464,0.9850040078163147,0.7612541317939758,0.7416895031929016,55000
5.239481210708618,0.9808836579322815,0.7536324858665466,0.7448384761810303,55000
5.249724626541138,0.9768694639205933,0.7457303404808044,0.747898280620575,55000
5.260062217712402,0.9730708003044128,0.7371812462806702,0.7509065866470337,55000
5.270576477050781,0.9688979387283325,0.7287359237670898,0.7540790438652039,55000
5.280041456222534,0.9648246169090271,0.7189235687255859,0.7575387954711914,55000
5.290383577346802,0.9597460031509399,0.7097193598747253,0.7613841891288757,55000
5.300395488739014,0.9549212455749512,0.6996778249740601,0.7659875750541687,55000
5.308807134628296,0.9499387741088867,0.6890760660171509,0.770689845085144,55000
5.319931268692017,0.9445633292198181,0.678544819355011,0.7757319808006287,55000
5.329242706298828,0.9391149878501892,0.6673060655593872,0.7806987166404724,55000
5.340607166290283,0.9341539740562439,0.6556230187416077,0.7856883406639099,55000
5.3496739864349365,0.929368257522583,0.6434174180030823,0.7904431819915771,55000
5.359928607940674,0.9247707724571228,0.6311016082763672,0.7947566509246826,55000
5.370159864425659,0.9201413989067078,0.6190725564956665,0.7988236546516418,55000
5.379818916320801,0.9160624146461487,0.6064411401748657,0.8026846647262573,55000
5.389292478561401,0.9125506281852722,0.5931293368339539,0.8062350153923035,55000
5.399786472320557,0.9088694453239441,0.5800544619560242,0.8100754618644714,55000
5.408929824829102,0.9059152007102966,0.5661426186561584,0.8138133883476257,55000
5.420246839523315,0.9029514789581299,0.5528337955474854,0.8176093101501465,55000
5.42970085144043,0.8994712829589844,0.5400893688201904,0.8213279843330383,55000
5.4398353099823,0.8973177075386047,0.5264447927474976,0.8248112201690674,55000
5.449134826660156,0.8948716521263123,0.5135960578918457,0.8280128836631775,55000
5.459895610809326,0.8926802277565002,0.5009837746620178,0.8308825492858887,55000
5.469606399536133,0.8906571269035339,0.4882218837738037,0.8334475755691528,55000
5.479955673217773,0.8888058066368103,0.47542378306388855,0.8357704281806946,55000
5.489698886871338,0.8868458271026611,0.46310821175575256,0.837958574295044,55000
5.500020503997803,0.8853805065155029,0.45028606057167053,0.8402234315872192,55000
5.509077310562134,0.8836807608604431,0.4380243122577667,0.8425884246826172,55000
5.519739866256714,0.8825157880783081,0.42547163367271423,0.8448798060417175,55000
5.52918553352356,0.8812042474746704,0.41277480125427246,0.847029983997345,55000
5.539208889007568,0.8800478577613831,0.40015459060668945,0.8491155505180359,55000
5.550302743911743,0.8790515661239624,0.3875022530555725,0.8514044880867004,55000
5.561506032943726,0.8779959082603455,0.3745627701282501,0.8535524606704712,55000
5.570333957672119,0.8772232532501221,0.3617359697818756,0.8557906150817871,55000
5.5790321826934814,0.8762907981872559,0.34996679425239563,0.8582026958465576,55000
5.5892558097839355,0.8761928081512451,0.33810073137283325,0.8603458404541016,55000
5.599984169006348,0.8753314018249512,0.3258001506328583,0.8625312447547913,55000
5.609483957290649,0.8748043775558472,0.3128198981285095,0.8647204041481018,55000
5.620017766952515,0.8751158118247986,0.301554411649704,0.8668158054351807,55000
5.630510091781616,0.8753427267074585,0.28964412212371826,0.8688154816627502,55000
5.639437437057495,0.8746233582496643,0.27886152267456055,0.8703330755233765,55000
5.649367094039917,0.8757514953613281,0.267654150724411,0.8714612126350403,55000
5.65907096862793,0.8757303357124329,0.2578653395175934,0.8727246522903442,55000
5.66971755027771,0.8761228919029236,0.24781276285648346,0.8739914894104004,55000
5.679113388061523,0.876644492149353,0.237928107380867,0.875003457069397,55000
5.689707517623901,0.8767256736755371,0.22971253097057343,0.8762852549552917,55000
5.699301481246948,0.8763049840927124,0.22045905888080597,0.8775602579116821,55000
5.709777355194092,0.8768513202667236,0.21303924918174744,0.8786571025848389,55000
5.719409465789795,0.8768759369850159,0.20502743124961853,0.8797966837882996,55000
5.730346441268921,0.8769304156303406,0.1972697526216507,0.8809099793434143,55000
5.739310264587402,0.876187264919281,0.1899622082710266,0.8821330070495605,55000
5.75016450881958,0.8752904534339905,0.18268898129463196,0.8834452629089355,55000
5.760282039642334,0.8760685920715332,0.17688094079494476,0.8847718834877014,55000
5.770653009414673,0.8763859272003174,0.17268657684326172,0.8859196901321411,55000
5.779705286026001,0.8753328323364258,0.1647561937570572,0.8865629434585571,55000
5.788950204849243,0.8748800754547119,0.15995752811431885,0.8874532580375671,55000
5.800060987472534,0.8754437565803528,0.1544506549835205,0.8877543807029724,55000
5.810083627700806,0.8760237693786621,0.15042822062969208,0.8887127637863159,55000
5.819627523422241,0.8753349184989929,0.14566722512245178,0.8889781832695007,55000
5.829523324966431,0.8757493495941162,0.14176715910434723,0.8889052271842957,55000
5.839616298675537,0.8754615783691406,0.13894344866275787,0.8883132934570312,55000
5.84987473487854,0.8770925998687744,0.13459181785583496,0.8880096673965454,55000
5.859048843383789,0.8784219622612,0.13099150359630585,0.8872847557067871,55000
5.8688671588897705,0.8791700601577759,0.12769223749637604,0.886217474937439,55000
5.8797078132629395,0.8807642459869385,0.12429460883140564,0.8852692246437073,55000
5.889760732650757,0.8813769221305847,0.12221527844667435,0.8840786218643188,55000
5.900110244750977,0.8831972479820251,0.11882422119379044,0.8835875391960144,55000
5.909348726272583,0.8838406205177307,0.1159452348947525,0.8826621174812317,55000
5.919159889221191,0.8844316601753235,0.1136259138584137,0.8821176290512085,55000
5.9297776222229,0.8852826952934265,0.11143668740987778,0.8802861571311951,55000
5.940239667892456,0.8872971534729004,0.11070767045021057,0.8781733512878418,55000
5.950342416763306,0.8875206708908081,0.11022209376096725,0.8760007619857788,55000
5.959923028945923,0.8879839181900024,0.10997392237186432,0.8748395442962646,55000
5.969895362854004,0.8882036805152893,0.10962141305208206,0.8743326663970947,55000
5.979720592498779,0.8884604573249817,0.10882604867219925,0.8734968900680542,55000
5.989001989364624,0.8889099955558777,0.10781422257423401,0.8724556565284729,55000
5.999741554260254,0.8897066116333008,0.10709690302610397,0.8718594312667847,55000
6.010336875915527,0.8904038667678833,0.10696161538362503,0.8717041015625,55000
6.019092082977295,0.8907442688941956,0.10698948800563812,0.8716503977775574,55000
6.029595613479614,0.8908035159111023,0.10679833590984344,0.8713531494140625,55000
6.039700508117676,0.8910284638404846,0.10643717646598816,0.8707988262176514,55000
6.049249887466431,0.8914370536804199,0.10552304238080978,0.8698325753211975,55000
6.059645891189575,0.8915427327156067,0.10491291433572769,0.8687952756881714,55000
6.069681644439697,0.8911380171775818,0.10472963005304337,0.8677026033401489,55000
6.079352855682373,0.8912226557731628,0.10450977087020874,0.8668709397315979,55000
6.090054512023926,0.8918291330337524,0.10417846590280533,0.866290271282196,55000
6.099177598953247,0.8914301991462708,0.10489930957555771,0.8657518029212952,55000
6.109745264053345,0.8914890289306641,0.10480289906263351,0.865435779094696,55000
6.11903715133667,0.8915576338768005,0.10455787926912308,0.8650809526443481,55000
6.129451751708984,0.8912714719772339,0.10475310683250427,0.8645904660224915,55000
6.139981031417847,0.8913552761077881,0.10430397838354111,0.8637182116508484,55000
6.150176525115967,0.8914904594421387,0.10402745753526688,0.8629964590072632,55000
6.159770727157593,0.8916318416595459,0.10411534458398819,0.8629828691482544,55000
6.169901609420776,0.8916265368461609,0.10431496053934097,0.8632532954216003,55000
6.179959297180176,0.891493022441864,0.10371892154216766,0.8632837533950806,55000
6.18937611579895,0.8913285136222839,0.10415711998939514,0.8631381392478943,55000
6.199691534042358,0.8915076851844788,0.10408002883195877,0.8631493449211121,55000
6.209832668304443,0.8917770385742188,0.10356137901544571,0.8631763458251953,55000
6.219015598297119,0.8922355771064758,0.1032252386212349,0.8633342385292053,55000
6.229535818099976,0.892255961894989,0.10271886736154556,0.8632550835609436,55000
6.239214181900024,0.8918589949607849,0.10345324873924255,0.8633168339729309,55000
6.249740362167358,0.8920304775238037,0.10282734036445618,0.8632908463478088,55000
6.259954452514648,0.8921306133270264,0.10341403633356094,0.86325603723526,55000
6.269650220870972,0.8920869827270508,0.10344964265823364,0.863247811794281,55000
6.2795164585113525,0.8926928639411926,0.10190918296575546,0.8633327484130859,55000
6.2896082401275635,0.8924163579940796,0.10243579000234604,0.8633117079734802,55000
6.299886465072632,0.89170902967453,0.10201586037874222,0.8631798028945923,55000
6.309535980224609,0.8916723728179932,0.1019628569483757,0.863153338432312,55000
6.320165157318115,0.891663134098053,0.10195445269346237,0.8632001876831055,55000
6.330432176589966,0.8918048739433289,0.10229423642158508,0.863290548324585,55000
6.3394269943237305,0.8918780088424683,0.10338807106018066,0.8634182810783386,55000
6.3497395515441895,0.8916241526603699,0.10305151343345642,0.8634648323059082,55000
6.360132932662964,0.8917792439460754,0.10327515751123428,0.8634339570999146,55000
6.369326591491699,0.8917334079742432,0.10222352296113968,0.8634287714958191,55000
6.37998366355896,0.8916125893592834,0.10302631556987762,0.8632980585098267,55000
6.390402555465698,0.8916030526161194,0.1016947403550148,0.8631702661514282,55000
6.399810791015625,0.8929421305656433,0.10182972997426987,0.8631341457366943,55000
6.408960342407227,0.892231822013855,0.10342925786972046,0.8631820678710938,55000
6.419412612915039,0.8928948640823364,0.10199981927871704,0.8632810711860657,55000
6.4303975105285645,0.8923088312149048,0.10296272486448288,0.8631346225738525,55000
6.439657211303711,0.8931803703308105,0.10204523056745529,0.863237738609314,55000
6.450565576553345,0.8927135467529297,0.10249494016170502,0.8632025718688965,55000
6.459700107574463,0.892350435256958,0.10262124985456467,0.8631442785263062,55000
6.46899938583374,0.8920920491218567,0.10262175649404526,0.8632474541664124,55000
6.479482412338257,0.8921065926551819,0.10250863432884216,0.8632376790046692,55000
6.489628553390503,0.8921578526496887,0.1025291234254837,0.8632103800773621,55000
6.499211549758911,0.892551064491272,0.10237361490726471,0.8632254600524902,55000
6.509101152420044,0.8924211263656616,0.10243802517652512,0.8632392883300781,55000
6.520002126693726,0.8924397826194763,0.10222796350717545,0.8632073402404785,55000
6.530067682266235,0.8924399018287659,0.10220953822135925,0.863224983215332,55000
6.539801597595215,0.8920776844024658,0.10250680893659592,0.8632180094718933,55000
6.55002760887146,0.8920918703079224,0.10280579328536987,0.8631761074066162,55000
6.5600244998931885,0.8922041058540344,0.10308679938316345,0.863065779209137,55000
6.570133686065674,0.8922083377838135,0.10289843380451202,0.863145649433136,55000
6.578925848007202,0.8918795585632324,0.10300934314727783,0.8632051944732666,55000
6.588669061660767,0.8921938538551331,0.10238552838563919,0.8633147478103638,55000
6.599894762039185,0.8922363519668579,0.10236744582653046,0.8632462024688721,55000
6.61036491394043,0.8925496339797974,0.10228777676820755,0.8632253408432007,55000
6.620149612426758,0.8926887512207031,0.10233873128890991,0.8632002472877502,55000
6.629032611846924,0.8927642703056335,0.10231179744005203,0.8632215857505798,55000
6.638911247253418,0.8929000496864319,0.10220260173082352,0.8631462454795837,55000
6.649367809295654,0.8923776149749756,0.10257895290851593,0.8632633686065674,55000
6.659980297088623,0.8923673629760742,0.10256639122962952,0.8632575273513794,55000
6.669301509857178,0.8925896883010864,0.1023225411772728,0.8632484674453735,55000
6.679578065872192,0.8927777409553528,0.10245250910520554,0.8632121086120605,55000
6.690244436264038,0.8926196694374084,0.10241718590259552,0.8632594347000122,55000
6.700235366821289,0.892583966255188,0.10237017273902893,0.8632676005363464,55000
6.709045886993408,0.8922664523124695,0.10270171612501144,0.8632621169090271,55000
6.719259977340698,0.8926727175712585,0.10225629806518555,0.863274872303009,55000
6.7293381690979,0.8921390771865845,0.10288131237030029,0.8631563186645508,55000
6.7392051219940186,0.8919795751571655,0.10306620597839355,0.8631879687309265,55000
6.7508275508880615,0.8920187950134277,0.10290786623954773,0.8631297945976257,55000
6.759067535400391,0.8920230269432068,0.10291850566864014,0.8631371855735779,55000
6.769585609436035,0.8921401500701904,0.10258637368679047,0.8632316589355469,55000
6.779824733734131,0.8921539783477783,0.10260956734418869,0.8632442951202393,55000
6.790059328079224,0.8924022316932678,0.10268919914960861,0.863207221031189,55000
6.79977560043335,0.8925266861915588,0.10239777714014053,0.863262414932251,55000
6.810069561004639,0.8924912214279175,0.10230875015258789,0.8632550835609436,55000
6.8194029331207275,0.8921462297439575,0.10256977379322052,0.8632364869117737,55000
6.829598426818848,0.8924830555915833,0.10233931243419647,0.8632407188415527,55000
6.840356349945068,0.8923918604850769,0.10268452763557434,0.8631805181503296,55000
6.850075006484985,0.892163872718811,0.10276582092046738,0.8632547855377197,55000
6.8597564697265625,0.8923869132995605,0.10266371071338654,0.8632060289382935,55000
6.870270013809204,0.8921537399291992,0.10256262868642807,0.863273024559021,55000
6.8803911209106445,0.8920756578445435,0.10263995826244354,0.8632525205612183,55000
6.8899431228637695,0.892132043838501,0.10259182006120682,0.8632202744483948,55000
6.8998939990997314,0.8923892974853516,0.10269468277692795,0.8631824254989624,55000
6.909662246704102,0.8922585248947144,0.10269857943058014,0.8632373213768005,55000
6.920469760894775,0.892463743686676,0.1025768518447876,0.863241970539093,55000
6.928938150405884,0.892096221446991,0.10275174677371979,0.8632252812385559,55000
6.939357757568359,0.8920459747314453,0.1026916429400444,0.8632270097732544,55000
6.949814081192017,0.892064094543457,0.10282091796398163,0.8632797598838806,55000
6.958903789520264,0.8921309113502502,0.10282567888498306,0.8632048964500427,55000
6.970202207565308,0.89234858751297,0.10290995240211487,0.8631867170333862,55000
6.979345798492432,0.8923736810684204,0.10283950716257095,0.8631798624992371,55000
6.989682197570801,0.8922472596168518,0.10273069143295288,0.8631932139396667,55000
6.999906778335571,0.8920378684997559,0.10270392894744873,0.863227903842926,55000
7.009548664093018,0.8920361399650574,0.10279938578605652,0.8632495403289795,55000
7.01917290687561,0.8922746181488037,0.10257012397050858,0.8632442355155945,55000
7.029372930526733,0.8921850919723511,0.10280728340148926,0.8632314205169678,55000
7.039828300476074,0.8922392725944519,0.10269943624734879,0.8632243871688843,55000
7.049687385559082,0.8921706080436707,0.10258424282073975,0.8632162809371948,55000
7.058957576751709,0.8921284675598145,0.10252758860588074,0.8632147312164307,55000
7.069052696228027,0.8921510577201843,0.10256380587816238,0.8632218241691589,55000
7.079190969467163,0.8921629786491394,0.10264144092798233,0.8632214665412903,55000
7.090142250061035,0.8918871283531189,0.1033000573515892,0.8630846738815308,55000
7.099797010421753,0.8918461799621582,0.10327548533678055,0.8630611300468445,55000
7.10935115814209,0.8917849659919739,0.10313006490468979,0.8630546927452087,55000
7.120112419128418,0.8917626142501831,0.10307575017213821,0.8630330562591553,55000
7.130210876464844,0.8917127251625061,0.10318117588758469,0.8630614280700684,55000
7.138750791549683,0.8918110728263855,0.10318759828805923,0.863078236579895,55000
7.150950193405151,0.8918715715408325,0.10326625406742096,0.8630673885345459,55000
7.159921169281006,0.8919467926025391,0.10319095849990845,0.8631107211112976,55000
7.1698291301727295,0.8917652368545532,0.10313699394464493,0.863072395324707,55000
7.178736925125122,0.8918037414550781,0.10302665084600449,0.8630616664886475,55000
7.189359426498413,0.8917922973632812,0.10307876765727997,0.8630515336990356,55000
7.199810981750488,0.8917878270149231,0.10323069244623184,0.863051176071167,55000
7.209432125091553,0.8918179273605347,0.10328644514083862,0.8630875945091248,55000
7.219587326049805,0.8918588757514954,0.10321904718875885,0.8630689382553101,55000
7.22983193397522,0.8918717503547668,0.10289053618907928,0.8631186485290527,55000
7.23912501335144,0.8920770883560181,0.1025429293513298,0.86317378282547,55000
7.249736309051514,0.8921434879302979,0.10265180468559265,0.863240659236908,55000
7.260160207748413,0.8924733996391296,0.10245216637849808,0.8632739186286926,55000
7.270370960235596,0.8921728134155273,0.10272034257650375,0.8632577657699585,55000
7.280153274536133,0.8922792077064514,0.10257112979888916,0.8632873296737671,55000
7.289435625076294,0.8921477198600769,0.1026056781411171,0.863250195980072,55000
7.299254417419434,0.8921459913253784,0.1025804802775383,0.8632126450538635,55000
7.309593677520752,0.8922092318534851,0.10249194502830505,0.8631731867790222,55000
7.320438861846924,0.89227694272995,0.1026088297367096,0.8632284998893738,55000
7.330073833465576,0.8922252058982849,0.10256446152925491,0.8631967306137085,55000
7.340237379074097,0.892184317111969,0.10253217071294785,0.8631978631019592,55000
7.349765062332153,0.8922477960586548,0.10249032080173492,0.8632270693778992,55000
7.359389781951904,0.8921188712120056,0.10273482650518417,0.8632524013519287,55000
7.369726181030273,0.8921285271644592,0.10270854830741882,0.8632199764251709,55000
7.379288196563721,0.8921620845794678,0.10277862846851349,0.863254964351654,55000
7.390231370925903,0.892067015171051,0.10278581082820892,0.8632802367210388,55000
7.400543928146362,0.8921034932136536,0.10271187126636505,0.8632309436798096,55000
7.409172534942627,0.8921037912368774,0.10270106047391891,0.8632534742355347,55000
7.419171094894409,0.8921078443527222,0.10271573066711426,0.8632274866104126,55000
7.42974066734314,0.8921276926994324,0.10274431109428406,0.8632542490959167,55000
7.439882040023804,0.8921578526496887,0.10276072472333908,0.8632758259773254,55000
7.449153900146484,0.8921509981155396,0.102757029235363,0.8632805347442627,55000
7.459794521331787,0.8921695947647095,0.1026139110326767,0.8632554411888123,55000
7.469115495681763,0.8920731544494629,0.10268716514110565,0.8632178902626038,55000
7.479822158813477,0.8920981884002686,0.10272528976202011,0.863234281539917,55000
7.489139080047607,0.8921632170677185,0.10277996212244034,0.8632676005363464,55000
7.499155044555664,0.8917484879493713,0.10349169373512268,0.8631523847579956,55000
7.509227275848389,0.8917454481124878,0.10335354506969452,0.8631192445755005,55000
7.520495414733887,0.8917074799537659,0.1032324805855751,0.8630676865577698,55000
7.529268741607666,0.8917137980461121,0.10342871397733688,0.8631302714347839,55000
7.53980278968811,0.8921043276786804,0.10270770639181137,0.8632407188415527,55000
7.549983739852905,0.8921583890914917,0.1027487963438034,0.8632688522338867,55000
7.560159921646118,0.8920788168907166,0.1028783768415451,0.863213062286377,55000
7.569297552108765,0.8920270204544067,0.10283514112234116,0.8632537126541138,55000
7.580490589141846,0.8920251131057739,0.10284143686294556,0.8632616996765137,55000
7.589080572128296,0.8921148180961609,0.10276007652282715,0.8632091879844666,55000
7.599688529968262,0.8920503854751587,0.1029094010591507,0.863229513168335,55000
7.609517812728882,0.8924087882041931,0.10270651429891586,0.8632571697235107,55000
7.620365858078003,0.8915969133377075,0.10364018380641937,0.8630625605583191,55000
7.629663705825806,0.8915472626686096,0.10357866436243057,0.8630733489990234,55000
7.639153718948364,0.8915115594863892,0.10369669646024704,0.8630538582801819,55000
7.649904727935791,0.891940712928772,0.10301638394594193,0.8632262349128723,55000
7.6590516567230225,0.8923704028129578,0.10277441143989563,0.8632127046585083,55000
7.669769525527954,0.8915817737579346,0.10379542410373688,0.8630928993225098,55000
7.680088996887207,0.8916233777999878,0.10373556613922119,0.863052487373352,55000
7.689254999160767,0.8916036486625671,0.10367534309625626,0.8630796074867249,55000
7.700658559799194,0.8915953636169434,0.10363894701004028,0.8631058931350708,55000
7.709410905838013,0.8915451765060425,0.10371250659227371,0.8631206750869751,55000
7.7191643714904785,0.8916187882423401,0.1036882996559143,0.863100528717041,55000
7.729599714279175,0.8915886878967285,0.10380426794290543,0.8630856871604919,55000
7.739796876907349,0.8915745615959167,0.10374923050403595,0.86304771900177,55000
7.750073671340942,0.8915700912475586,0.10374247282743454,0.8631250858306885,55000
7.7595055103302,0.8916199803352356,0.10215339809656143,0.8634723424911499,55000
7.770299196243286,0.8915196657180786,0.10202677547931671,0.8634066581726074,55000
7.779499292373657,0.8916581273078918,0.10221676528453827,0.8634945154190063,55000
7.788506031036377,0.8916859030723572,0.10222931951284409,0.8634949922561646,55000
7.799950838088989,0.8914603590965271,0.10439489781856537,0.8631783127784729,55000
7.809720754623413,0.8914248943328857,0.10424835979938507,0.8632033467292786,55000
7.819713830947876,0.8916548490524292,0.10206331312656403,0.8634355068206787,55000
7.829300403594971,0.8916450142860413,0.10187062621116638,0.8633236289024353,55000
7.83935284614563,0.8917647004127502,0.10205742716789246,0.8634927272796631,55000
7.849496603012085,0.8921709060668945,0.10294874757528305,0.8632254004478455,55000
7.859585762023926,0.8920590877532959,0.10295674949884415,0.8632249236106873,55000
7.869949102401733,0.8920515179634094,0.10294560343027115,0.8632463812828064,55000
7.879455089569092,0.891919732093811,0.10295376181602478,0.863244891166687,55000
7.889182806015015,0.8921111822128296,0.10278676450252533,0.8632136583328247,55000
7.900720596313477,0.8920826315879822,0.10290038585662842,0.8632333278656006,55000
7.909168243408203,0.8921874165534973,0.1028301864862442,0.8632087111473083,55000
7.919289827346802,0.8920823335647583,0.10289236903190613,0.8632598519325256,55000
7.930090665817261,0.8920376896858215,0.10284911841154099,0.8632479310035706,55000
7.939553260803223,0.8920266628265381,0.10281695425510406,0.8632534742355347,55000
7.950448989868164,0.8920530080795288,0.10284606367349625,0.8632416725158691,55000
7.959911346435547,0.8920994400978088,0.1029372438788414,0.8632592558860779,55000
7.97035551071167,0.8921022415161133,0.10295801609754562,0.8632433414459229,55000
7.97983717918396,0.8921592831611633,0.10279878228902817,0.8632117509841919,55000
7.989545822143555,0.8920785784721375,0.10259285569190979,0.8631678819656372,55000
7.999560832977295,0.8919931650161743,0.10268549621105194,0.8632057905197144,55000
8.009258270263672,0.8919828534126282,0.10268323868513107,0.8631729483604431,55000
8.019373893737793,0.8920332193374634,0.10276319831609726,0.8631742000579834,55000
8.029896974563599,0.8916416168212891,0.10350443422794342,0.8630257844924927,55000
8.03988242149353,0.8920554518699646,0.10276173055171967,0.8632021546363831,55000
8.050219774246216,0.8919958472251892,0.10270889103412628,0.8632163405418396,55000
8.05975890159607,0.8919697403907776,0.10266444087028503,0.8631826639175415,55000
8.069368124008179,0.8919906616210938,0.10272595286369324,0.8632064461708069,55000
8.079684734344482,0.8920161724090576,0.10279253870248795,0.8631795644760132,55000
8.088913679122925,0.8921093940734863,0.10273232311010361,0.863150417804718,55000
8.100059747695923,0.8920283913612366,0.10280617326498032,0.8631997108459473,55000
8.109548807144165,0.8919862508773804,0.10270337760448456,0.8631952404975891,55000
8.119373559951782,0.8919658660888672,0.10270640254020691,0.8631817102432251,55000
8.12972116470337,0.8919549584388733,0.10271982103586197,0.8631858825683594,55000
8.139375448226929,0.8919808864593506,0.10271856933832169,0.8631908297538757,55000
8.149946451187134,0.8920243978500366,0.1028047651052475,0.8632058501243591,55000
8.15981388092041,0.892043948173523,0.10281459242105484,0.8632141947746277,55000
8.16883397102356,0.8920244574546814,0.10277403891086578,0.86320561170578,55000
8.179905652999878,0.8919637799263,0.10271264612674713,0.8632093071937561,55000
8.18936800956726,0.8919563293457031,0.10267803817987442,0.8631884455680847,55000
8.199572801589966,0.8919679522514343,0.10270890593528748,0.8631969094276428,55000
8.209534168243408,0.8920210599899292,0.10278712958097458,0.863197386264801,55000
8.220831155776978,0.892042338848114,0.10282003879547119,0.8631766438484192,55000
8.229154109954834,0.892077624797821,0.10273615270853043,0.8631742596626282,55000
8.239224195480347,0.8919873833656311,0.10273764282464981,0.8632091879844666,55000
8.249763011932373,0.8919637799263,0.10269023478031158,0.8631906509399414,55000
8.258631706237793,0.8919538259506226,0.1026979386806488,0.8632080554962158,55000
8.269326210021973,0.8920038938522339,0.10279681533575058,0.8631739020347595,55000
8.280021905899048,0.8920482993125916,0.10279551148414612,0.8631911873817444,55000
8.289421558380127,0.8920499086380005,0.10280799120664597,0.863204300403595,55000
8.299957275390625,0.8920086026191711,0.10274684429168701,0.863196074962616,55000
8.309767961502075,0.8920166492462158,0.1026148721575737,0.8631659746170044,55000
8.319250345230103,0.8919889330863953,0.10263142734766006,0.8631641864776611,55000
8.329655647277832,0.8919679522514343,0.10273861140012741,0.8631970286369324,55000
8.339422702789307,0.8920019865036011,0.1027693822979927,0.8632247447967529,55000
8.350314378738403,0.891636848449707,0.10351038724184036,0.8630685210227966,55000
8.359094858169556,0.8920243978500366,0.1027841717004776,0.8632121086120605,55000
8.368996143341064,0.8919772505760193,0.102729931473732,0.8632041215896606,55000
8.379390478134155,0.8919903635978699,0.10262277722358704,0.8631747364997864,55000
8.390095710754395,0.8919636607170105,0.10269620269536972,0.8632113337516785,55000
8.399144411087036,0.8919744491577148,0.10274910181760788,0.8631850481033325,55000
8.409826517105103,0.8920512199401855,0.10283785313367844,0.8632093071937561,55000
8.419403791427612,0.8920519948005676,0.10279839485883713,0.8631897568702698,55000
8.430102586746216,0.8920456767082214,0.1026885136961937,0.8631948232650757,55000
8.43910264968872,0.8919320702552795,0.10266294330358505,0.8631851077079773,55000
8.449015617370605,0.8918952345848083,0.10262161493301392,0.8631871938705444,55000
8.459518432617188,0.8921041488647461,0.10261623561382294,0.8631449341773987,55000
8.469994306564331,0.8920574188232422,0.10281529277563095,0.863187313079834,55000
8.479740381240845,0.892074704170227,0.10278625786304474,0.8631916642189026,55000
8.489794731140137,0.8920167088508606,0.10275852680206299,0.8631885051727295,55000
8.499233484268188,0.8919981718063354,0.10269112884998322,0.8632264137268066,55000
8.510504007339478,0.8920003771781921,0.10267260670661926,0.8632129430770874,55000
8.52011752128601,0.8920069336891174,0.10268458724021912,0.8632228374481201,55000
8.529616117477417,0.8920590281486511,0.10276547819375992,0.8631927967071533,55000
8.539053201675415,0.8920894861221313,0.10295029729604721,0.863246738910675,55000
8.550493240356445,0.8921451568603516,0.10265371203422546,0.8631420731544495,55000
8.558919668197632,0.8920780420303345,0.10262321680784225,0.8631740212440491,55000
8.569337368011475,0.8920273184776306,0.10267206281423569,0.8632160425186157,55000
8.579970598220825,0.8920194506645203,0.10269667953252792,0.863181471824646,55000
8.588698387145996,0.8921094536781311,0.10260623693466187,0.8631303310394287,55000
8.598995923995972,0.8921467065811157,0.10286907106637955,0.8632214665412903,55000
8.608946084976196,0.8921381235122681,0.10264022648334503,0.8631342053413391,55000
8.620677471160889,0.8920691609382629,0.10273969918489456,0.8632054924964905,55000
8.629878997802734,0.8920048475265503,0.1026836410164833,0.8632117509841919,55000
8.639890670776367,0.8919787406921387,0.10266457498073578,0.8632186055183411,55000
8.649979829788208,0.8920508623123169,0.10284825414419174,0.8632653951644897,55000
8.659616231918335,0.8921228051185608,0.1028384193778038,0.8632060289382935,55000
8.669293403625488,0.8920988440513611,0.10295259207487106,0.8632413744926453,55000
8.679757356643677,0.8920481204986572,0.10275274515151978,0.8631370067596436,55000
8.689066410064697,0.8920698165893555,0.102869912981987,0.8632643222808838,55000
8.69983434677124,0.8920376300811768,0.10285137593746185,0.8632444739341736,55000
8.710036039352417,0.8920171856880188,0.10282737016677856,0.8632283210754395,55000
8.719670295715332,0.8920711874961853,0.10286711156368256,0.8632559180259705,55000
8.729775667190552,0.8921672701835632,0.10281363129615784,0.863193690776825,55000
8.73981237411499,0.8921555876731873,0.10286859422922134,0.8632022738456726,55000
8.749261856079102,0.8920773863792419,0.10290812700986862,0.8632033467292786,55000
8.759809970855713,0.8921084403991699,0.10271140187978745,0.8631900548934937,55000
8.770044326782227,0.8920159935951233,0.10281623899936676,0.8632275462150574,55000
8.779684782028198,0.892017126083374,0.10284964740276337,0.8632273077964783,55000
8.789315938949585,0.8921522498130798,0.10286253690719604,0.8631748557090759,55000
8.799918174743652,0.8920960426330566,0.10295875370502472,0.8632307648658752,55000
8.809820652008057,0.892142653465271,0.10285468399524689,0.8632043600082397,55000
8.81978464126587,0.8920537829399109,0.10281842947006226,0.8631943464279175,55000
8.82907748222351,0.8920319676399231,0.10281921178102493,0.8632134199142456,55000
8.839729070663452,0.891968846321106,0.10298766195774078,0.8632230758666992,55000
8.850199460983276,0.892042875289917,0.10301920771598816,0.8631752729415894,55000
8.859484195709229,0.8920631408691406,0.10304178297519684,0.8631588816642761,55000
8.869495153427124,0.8920139074325562,0.10312336683273315,0.8631842136383057,55000
8.880552530288696,0.8920769691467285,0.10287610441446304,0.8631545305252075,55000
8.88994026184082,0.8919512033462524,0.10299786925315857,0.8631898760795593,55000
8.899952173233032,0.8921539187431335,0.10302023589611053,0.8631080985069275,55000
8.909345149993896,0.8920189142227173,0.10304121673107147,0.8631425499916077,55000
8.91927981376648,0.8914039134979248,0.10445957630872726,0.8631710410118103,55000
8.930151224136353,0.8915380239486694,0.10400978475809097,0.8629871606826782,55000
8.940074682235718,0.8916048407554626,0.10357090085744858,0.8630642890930176,55000
8.950596332550049,0.8916782736778259,0.10343413054943085,0.8630348443984985,55000
8.960388898849487,0.8915871977806091,0.10356053709983826,0.8630911111831665,55000
8.969664096832275,0.891643762588501,0.10363959521055222,0.8630783557891846,55000
8.978933095932007,0.8916634321212769,0.10368023812770844,0.8630805015563965,55000
8.989715576171875,0.8916610479354858,0.10367734730243683,0.8630849123001099,55000
9.000478982925415,0.8917080163955688,0.10349088162183762,0.8630620837211609,55000
9.010047674179077,0.8915925025939941,0.10356692224740982,0.8630908727645874,55000
9.018941402435303,0.8915863633155823,0.10358697175979614,0.8630688190460205,55000
9.030198097229004,0.8916244506835938,0.10363131761550903,0.8630799055099487,55000
9.039383172988892,0.8916651606559753,0.10367035865783691,0.8630828261375427,55000
9.050346374511719,0.8917662501335144,0.10354786366224289,0.86307293176651,55000
9.06014895439148,0.8916195034980774,0.10358540713787079,0.8630848526954651,55000
9.070221662521362,0.891584575176239,0.10356566309928894,0.8630831241607666,55000
9.080007076263428,0.891602635383606,0.10357628017663956,0.8630462288856506,55000
9.089965105056763,0.891650915145874,0.10365928709506989,0.8630832433700562,55000
9.099685907363892,0.8916494250297546,0.10366135090589523,0.8630709648132324,55000
9.108663320541382,0.8916394114494324,0.1036427840590477,0.8630733489990234,55000
9.120638608932495,0.8916011452674866,0.10358747839927673,0.8631096482276917,55000
9.129168272018433,0.8916773200035095,0.10344044864177704,0.8630404472351074,55000
9.140025854110718,0.8915948271751404,0.10358734428882599,0.8630921840667725,55000
9.149988651275635,0.89157634973526,0.10376514494419098,0.8630678653717041,55000
9.159499883651733,0.8916025757789612,0.10384395718574524,0.8630799055099487,55000
9.170205116271973,0.8916814923286438,0.10370944440364838,0.8630692958831787,55000
9.179889440536499,0.8915464878082275,0.10371179133653641,0.8630720376968384,55000
9.188771963119507,0.8915327191352844,0.10372868180274963,0.863092839717865,55000
9.198880434036255,0.8915414810180664,0.10374080389738083,0.8630814552307129,55000
9.208792924880981,0.8916692733764648,0.1037071943283081,0.8630489706993103,55000
9.219797849655151,0.8916800618171692,0.1037154421210289,0.8630607724189758,55000
9.23044753074646,0.8916513919830322,0.10364509373903275,0.8631148934364319,55000
9.239382266998291,0.8917068839073181,0.10345026105642319,0.8631078004837036,55000
9.249792337417603,0.8916463851928711,0.1034170612692833,0.8630979657173157,55000
9.259141206741333,0.8916396498680115,0.10335887968540192,0.8631015419960022,55000
9.26961374282837,0.8918081521987915,0.10334310680627823,0.8630714416503906,55000
9.27975845336914,0.891801118850708,0.10342404991388321,0.8631079792976379,55000
9.290026187896729,0.8917882442474365,0.10340629518032074,0.8631153106689453,55000
9.299729347229004,0.8916643261909485,0.10339725017547607,0.8631224036216736,55000
9.309375524520874,0.891701340675354,0.10329210013151169,0.8631240725517273,55000
9.319418668746948,0.8916258215904236,0.10164813697338104,0.8633343577384949,55000
9.32929801940918,0.8924431800842285,0.10253393650054932,0.863203763961792,55000
9.34005331993103,0.8926127552986145,0.10246340185403824,0.8632146716117859,55000
9.350481033325195,0.8925676941871643,0.10245951265096664,0.8631882071495056,55000
9.359455585479736,0.8920847177505493,0.10079210251569748,0.8636576533317566,55000
9.369733810424805,0.8924469947814941,0.10232684761285782,0.8632230758666992,55000
9.3790922164917,0.8924655318260193,0.10235454887151718,0.863256573677063,55000
9.389976263046265,0.89255690574646,0.10239853709936142,0.8632652163505554,55000
9.400054216384888,0.8925848603248596,0.1024070754647255,0.8632840514183044,55000
9.410266876220703,0.8925886154174805,0.10235060006380081,0.8632938861846924,55000
9.420632123947144,0.8925036787986755,0.10230324417352676,0.8633097410202026,55000
9.42938780784607,0.892581045627594,0.10227290540933609,0.8632764220237732,55000
9.439104318618774,0.8926032781600952,0.10223843157291412,0.8632679581642151,55000
9.44915223121643,0.8926457762718201,0.10237953811883926,0.8633132576942444,55000
9.459058284759521,0.8927549719810486,0.10238541662693024,0.8633133172988892,55000
9.469478845596313,0.8927669525146484,0.10232724994421005,0.8632999062538147,55000
9.479618549346924,0.8927351236343384,0.10227648913860321,0.8633105754852295,55000
9.489600419998169,0.8920820355415344,0.10317612439393997,0.8631466031074524,55000
9.499284982681274,0.8922532200813293,0.10296134650707245,0.8631303310394287,55000
9.508847713470459,0.8921565413475037,0.10318996012210846,0.8631291389465332,55000
9.520326375961304,0.8929612636566162,0.10233334451913834,0.8632730841636658,55000
9.529463052749634,0.8930509090423584,0.10229699313640594,0.8631671667098999,55000
9.539652347564697,0.8923689723014832,0.10265100747346878,0.8632228970527649,55000
9.550302505493164,0.8926779627799988,0.102244533598423,0.8632908463478088,55000
9.559430837631226,0.8926858901977539,0.10192791372537613,0.8633666038513184,55000
9.569958925247192,0.8926433324813843,0.10255289077758789,0.8632558584213257,55000
9.579218864440918,0.8928038477897644,0.1023346558213234,0.8632825613021851,55000
9.589444160461426,0.8927896022796631,0.1023029163479805,0.8632860779762268,55000
9.599043607711792,0.8926230072975159,0.1021534875035286,0.8633883595466614,55000
9.609511137008667,0.8941076397895813,0.10210298001766205,0.8637718558311462,55000
9.619417190551758,0.8939287662506104,0.10218233615159988,0.8637644648551941,55000
9.630046844482422,0.8911658525466919,0.10539798438549042,0.8633356094360352,55000
9.639886379241943,0.8911616802215576,0.10535530745983124,0.8633213043212891,55000
9.650620937347412,0.8913816213607788,0.10239060968160629,0.8634452223777771,55000
9.660142183303833,0.8919017314910889,0.10241556912660599,0.8629856109619141,55000
9.669667720794678,0.8926241993904114,0.10252851992845535,0.8630995154380798,55000
9.679577112197876,0.8918849229812622,0.10417438298463821,0.8629602789878845,55000
9.68894338607788,0.8922740817070007,0.10372267663478851,0.863012433052063,55000
9.699307441711426,0.8922005891799927,0.10378950089216232,0.8630139231681824,55000
9.709881067276001,0.8919419646263123,0.10195235162973404,0.8631295561790466,55000
9.719428300857544,0.8923997282981873,0.10271803289651871,0.863128662109375,55000
9.729232549667358,0.8923429250717163,0.1028333529829979,0.863123893737793,55000
9.739367961883545,0.892861008644104,0.10209094732999802,0.8633890151977539,55000
9.750441551208496,0.8920379877090454,0.10360227525234222,0.8632727861404419,55000
9.759708642959595,0.891991913318634,0.10370072722434998,0.8632976412773132,55000
9.770686149597168,0.8926904797554016,0.10253195464611053,0.8632186651229858,55000
9.779581308364868,0.8924829363822937,0.1024889424443245,0.8632529973983765,55000
9.789842128753662,0.8926634192466736,0.10254950821399689,0.863226056098938,55000
9.800555229187012,0.8929089903831482,0.10241381078958511,0.8631827235221863,55000
9.809571027755737,0.8925517201423645,0.1025710180401802,0.8632639646530151,55000
9.820320844650269,0.8927675485610962,0.10227710753679276,0.8632511496543884,55000
9.828925609588623,0.892401933670044,0.10262089967727661,0.8632630109786987,55000
9.83883810043335,0.8925068378448486,0.10252738744020462,0.8632478713989258,55000
9.849030017852783,0.8925172686576843,0.10260211676359177,0.8632495999336243,55000
9.858670473098755,0.8928093314170837,0.10255220532417297,0.863163948059082,55000
9.869508981704712,0.8923640847206116,0.10300362855195999,0.8630935549736023,55000
9.879977941513062,0.8922311663627625,0.10301308333873749,0.8631239533424377,55000
9.889755725860596,0.8921792507171631,0.10335016995668411,0.8634205460548401,55000
9.899792432785034,0.8919475674629211,0.10376165062189102,0.8631691932678223,55000
9.909204959869385,0.8920825123786926,0.10358220338821411,0.8632875680923462,55000
9.919904708862305,0.8928701877593994,0.1021505743265152,0.8633512258529663,55000
9.930005550384521,0.8924516439437866,0.10263025015592575,0.8632447123527527,55000
9.940025806427002,0.8924540877342224,0.10253198444843292,0.8632646799087524,55000
9.949394464492798,0.892425537109375,0.1025150939822197,0.8632730841636658,55000
9.959294319152832,0.8922528624534607,0.10277288407087326,0.8632797598838806,55000
9.97048020362854,0.8925082683563232,0.10261333733797073,0.8632963299751282,55000
9.979035377502441,0.892484724521637,0.10276459157466888,0.8633628487586975,55000
9.989192485809326,0.8925623893737793,0.10259315371513367,0.8632529377937317,55000
10.000413417816162,0.8921509981155396,0.10343319922685623,0.8632979989051819,55000
