time_s,roll_command,pitch_command,yaw_command,thrust_command
20250902_155735,-0.03658219054341316,-0.06618265062570572,-3.898000955581665,56000
20250902_155735,-0.00641383184120059,-0.07702777534723282,-3.9530532360076904,56000
20250902_155735,-0.024272702634334564,-0.07471955567598343,-4.032398223876953,56000
20250902_155735,0.0004096680786460638,-0.06000678613781929,-4.168759346008301,56000
20250902_155735,-0.03533018007874489,-0.07443217933177948,-4.1330437660217285,56000
20250902_155735,-0.06274844706058502,-0.09259743243455887,-4.042943000793457,56000
20250902_155735,-0.03645012527704239,-0.08792814612388611,-4.064192771911621,56000
20250902_155735,-0.05878124013543129,-0.06617265194654465,-3.939763307571411,56000
20250902_155735,0.016890062019228935,-0.04761616140604019,-3.926814317703247,56000
20250902_155735,-0.032044652849435806,-0.073499895632267,-3.963310480117798,56000
20250902_155735,-0.04562877491116524,-0.10977767407894135,-3.9838485717773438,56000
20250902_155735,-0.07510238885879517,-0.06258601695299149,-3.8187851905822754,56000
20250902_155735,-0.03865008056163788,-0.0890338346362114,-3.8304619789123535,56000
20250902_155735,-0.0182355809956789,-0.06111178919672966,-3.7422358989715576,56000
20250902_155735,0.0044279987923800945,-0.042400989681482315,-3.9329445362091064,56000
20250902_155735,0.013315040618181229,-0.06707105785608292,-4.007106781005859,56000
20250902_155735,-0.051569901406764984,-0.07317154854536057,-3.9770140647888184,56000
20250902_155735,-0.08130787312984467,-0.11049917340278625,-3.919649124145508,56000
20250902_155735,-0.06225376948714256,-0.09475261718034744,-3.8306691646575928,56000
20250902_155735,-0.027213364839553833,-0.07675246149301529,-3.787921190261841,56000
20250902_155735,0.015280945226550102,-0.07162130624055862,-3.884378671646118,56000
20250902_155735,-0.030768612399697304,-0.0534498356282711,-3.7972660064697266,56000
20250902_155735,-0.03510007634758949,-0.11372272670269012,-3.8720743656158447,56000
20250902_155735,-0.056573569774627686,-0.074320949614048,-3.9333958625793457,56000
20250902_155735,-0.007099720649421215,-0.10230479389429092,-4.074598789215088,56000
20250902_155735,-0.062355395406484604,-0.11235693097114563,-3.984128713607788,56000
20250902_155735,-0.009585103020071983,-0.07188662886619568,-4.029027462005615,56000
20250902_155735,-0.03380187600851059,-0.0920712873339653,-3.988180160522461,56000
20250902_155735,-0.05442240089178085,-0.07722477614879608,-3.860485553741455,56000
20250902_155735,-0.038190584629774094,-0.103223517537117,-3.6987452507019043,56000
20250902_155735,0.042961787432432175,-0.08643348515033722,-3.6190884113311768,56000
20250902_155735,0.0575355626642704,-0.0888700932264328,-3.5272293090820312,56000
20250902_155735,0.07875732332468033,-0.11055994778871536,-3.4455020427703857,56000
20250902_155735,0.10715026408433914,-0.08582909405231476,-3.378730058670044,56000
20250902_155735,0.1547740250825882,-0.07362471520900726,-3.402714490890503,56000
20250902_155735,0.08502800017595291,-0.03016289696097374,-2.980597496032715,56000
20250902_155735,0.1456705778837204,-0.04516281932592392,-2.9590203762054443,56000
20250902_155735,0.17234696447849274,-0.09990067034959793,-2.829883575439453,56000
20250902_155735,0.14971818029880524,-0.08277547359466553,-2.5475265979766846,56000
20250902_155735,0.14231079816818237,-0.06245626136660576,-2.3564095497131348,56000
20250902_155735,0.21224379539489746,-0.05611639842391014,-2.06012225151062,56000
20250902_155735,0.1367800384759903,-0.030440937727689743,-1.749218463897705,56000
20250902_155735,0.22511151432991028,-0.004646020010113716,-1.4077930450439453,56000
20250902_155735,0.23025694489479065,-0.010678534395992756,-1.3256886005401611,56000
20250902_155735,0.27960631251335144,-0.0288197360932827,-0.993720531463623,56000
20250902_155735,0.21701902151107788,0.03154749795794487,-0.6869148015975952,56000
20250902_155735,0.29136767983436584,-0.10802125930786133,-0.5107819437980652,56000
20250902_155735,0.2369539588689804,-0.012708456255495548,-0.12293609976768494,56000
20250902_155735,0.3390866219997406,0.00800374522805214,0.14044466614723206,56000
20250902_155735,0.41022658348083496,0.017042148858308792,0.32685625553131104,56000
20250902_155735,0.339790940284729,0.049476057291030884,0.6411877870559692,56000
20250902_155735,0.4237482249736786,0.03024701401591301,0.7553412914276123,56000
20250902_155735,0.5089907050132751,0.19744427502155304,0.9780943989753723,56000
20250902_155735,0.40960079431533813,-0.0921858623623848,1.1676658391952515,56000
20250902_155735,0.34248992800712585,0.0768122524023056,1.6995476484298706,56000
20250902_155735,0.5076418519020081,0.09202414751052856,1.8289223909378052,55506
20250902_155735,0.5052943825721741,0.11004643887281418,1.9231032133102417,55698
20250902_155735,0.5523112416267395,0.020290875807404518,1.7835012674331665,55244
20250902_155735,0.4616889953613281,0.1733061969280243,2.1258082389831543,54659
20250902_155735,0.5149852633476257,0.1545877605676651,2.357149839401245,54027
20250902_155735,3.8510262966156006,0.14531047642230988,2.630213499069214,53426
20250902_155735,-0.012894979678094387,0.1438365876674652,2.813495635986328,53263
20250902_155735,-0.012894979678094387,0.16029079258441925,2.9649317264556885,52920
20250902_155735,-0.012894979678094387,0.172648087143898,3.150031089782715,52355
20250902_155735,-0.012894979678094387,0.18356728553771973,3.235738515853882,51952
20250902_155735,-0.012894979678094387,0.3562655448913574,3.3245458602905273,50594
20250902_155735,-0.012894979678094387,-0.06559246778488159,3.429871082305908,51516
20250902_155736,-0.012894979678094387,0.181679829955101,3.547295093536377,50392
20250902_155736,-0.012894979678094387,0.17800372838974,3.587327718734741,50077
20250902_155736,-0.012894979678094387,0.1747458577156067,3.579653263092041,49627
20250902_155736,-0.012894979678094387,0.19937162101268768,3.5859222412109375,49511
20250902_155736,3.733516216278076,0.22722415626049042,3.597865343093872,49352
20250902_155736,0.6710392832756042,0.13930988311767578,3.6390442848205566,48027
20250902_155736,0.688646674156189,0.20437300205230713,3.4538767337799072,48334
20250902_155736,0.7090120911598206,0.2075851410627365,3.484729528427124,47740
20250902_155736,0.8193343281745911,0.18590103089809418,3.4027621746063232,46213
20250902_155736,0.7402026653289795,0.23685351014137268,3.281783103942871,47036
20250902_155736,0.6905540227890015,0.2952020764350891,3.270782947540283,47212
20250902_155736,0.7773635387420654,0.23169681429862976,3.30712628364563,45996
20250902_155736,0.7286553382873535,0.26292911171913147,3.1644446849823,45554
20250902_155736,0.7166191935539246,0.2299116551876068,3.279448986053467,45248
20250902_155736,0.7412902116775513,0.2774493396282196,3.2500362396240234,45090
20250902_155736,0.7746292352676392,0.2461155652999878,3.1352603435516357,44438
20250902_155736,0.7524901032447815,0.28930386900901794,3.1284396648406982,44575
20250902_155736,0.7612693309783936,0.30099210143089294,3.0662801265716553,44209
20250902_155736,0.8039587736129761,0.23457707464694977,3.030745267868042,43317
20250902_155736,0.6835135817527771,0.25528842210769653,2.9647610187530518,43895
20250902_155736,0.7841091752052307,0.26015162467956543,2.912365436553955,42861
20250902_155736,0.7488768100738525,0.27886101603507996,2.896892786026001,43177
20250902_155736,0.7984790802001953,0.27318111062049866,2.7472262382507324,42252
20250902_155736,0.8570144772529602,0.44072356820106506,2.409594774246216,42038
20250902_155736,0.763729989528656,0.2753041088581085,2.3746185302734375,42000
20250902_155736,0.7384055256843567,0.2632499635219574,2.341068744659424,42000
20250902_155736,0.7588777542114258,0.2760486900806427,2.236065149307251,42000
20250902_155736,0.743479311466217,0.26499122381210327,2.1509907245635986,42000
20250902_155736,0.7686823010444641,2.8460326194763184,2.03357195854187,42000
20250902_155736,0.7851663827896118,-0.02225245162844658,2.0098955631256104,42000
20250902_155736,0.7997412085533142,-0.02225245162844658,1.830039143562317,42000
20250902_155736,0.8071015477180481,-0.02225245162844658,1.9656825065612793,42000
20250902_155736,0.7571048140525818,-0.02225245162844658,1.871785283088684,42000
20250902_155736,0.7539549469947815,-0.02225245162844658,1.8362733125686646,42000
20250902_155736,0.7502107620239258,-0.02225245162844658,1.7332797050476074,42000
20250902_155736,0.7828091382980347,-0.02225245162844658,1.7584586143493652,42000
20250902_155736,0.7263391613960266,-0.02225245162844658,1.6380903720855713,42000
20250902_155736,0.7823510766029358,-0.02225245162844658,1.675831913948059,42000
20250902_155736,0.7076985239982605,-0.02225245162844658,1.4115797281265259,42000
20250902_155736,0.728101372718811,-0.02225245162844658,1.187218189239502,42000
20250902_155736,0.7344732284545898,-0.02225245162844658,1.1999527215957642,42000
20250902_155736,0.7745794057846069,-0.02225245162844658,1.3118035793304443,42000
20250902_155736,0.8273720145225525,-0.02225245162844658,1.17270827293396,42000
20250902_155736,0.779434323310852,-0.02225245162844658,1.097302794456482,42000
20250902_155736,0.6642674803733826,-0.02225245162844658,1.2341787815093994,42000
20250902_155736,0.7417798042297363,-0.02225245162844658,1.1273902654647827,42000
20250902_155736,0.7182741165161133,2.841606855392456,1.1245886087417603,42000
20250902_155736,0.7613059282302856,0.25663721561431885,1.02833890914917,42000
20250902_155736,0.7887855768203735,0.288858562707901,1.0316959619522095,42000
20250902_155736,0.7333773374557495,0.24898742139339447,1.0122374296188354,42000
20250902_155736,0.7192056775093079,0.27880316972732544,1.0202348232269287,42000
20250902_155736,0.7339319586753845,0.22138243913650513,0.8998978137969971,42000
20250902_155736,0.7245638966560364,0.258664608001709,0.7172854542732239,42000
20250902_155736,0.7382091879844666,0.2657891511917114,0.7978074550628662,42000
20250902_155736,0.7375542521476746,0.2345208078622818,0.7664976119995117,42000
20250902_155736,0.7093795537948608,0.26264145970344543,0.6936857104301453,42000
20250902_155736,0.7737288475036621,0.2500998079776764,0.6124723553657532,42000
20250902_155736,0.7048435211181641,0.23650193214416504,0.5648361444473267,42000
20250902_155736,0.715036928653717,0.22800827026367188,0.568134605884552,42000
20250902_155736,0.6948069930076599,0.2510472536087036,0.46817824244499207,42000
20250902_155736,0.6419261693954468,0.24006392061710358,0.5636479258537292,42000
20250902_155736,0.7754095792770386,0.1967693418264389,0.37195008993148804,42000
20250902_155736,0.6948884129524231,0.25683704018592834,0.4125668704509735,42000
20250902_155736,0.7583492398262024,0.2065170705318451,0.12611034512519836,42000
20250902_155736,0.7045189738273621,0.21207298338413239,0.09122814983129501,42000
20250902_155736,0.6536324620246887,0.20015348494052887,0.04826999455690384,42000
20250902_155736,0.6986135244369507,0.20897723734378815,0.014709454961121082,42000
20250902_155736,0.6376293301582336,0.17891795933246613,0.2570860981941223,42000
20250902_155736,0.8697354197502136,0.026533853262662888,0.5277984142303467,42000
20250902_155736,0.7556456923484802,0.1720552295446396,0.6576610803604126,42000
20250902_155736,0.8787244558334351,0.16386714577674866,0.7155908942222595,42000
20250902_155736,1.2515621185302734,0.42136892676353455,-0.2942732274532318,42000
20250902_155736,1.1619659662246704,0.3924703299999237,0.7432345747947693,42000
20250902_155736,1.3301199674606323,0.3286856412887573,1.338989496231079,42000
20250902_155736,1.4504637718200684,0.44022026658058167,0.8921637535095215,42000
20250902_155736,1.6163665056228638,0.6342217922210693,0.4969531297683716,42000
20250902_155736,2.020505666732788,0.6690058708190918,0.2706640958786011,42000
20250902_155736,1.8152523040771484,0.757627546787262,-0.4880613088607788,43005
20250902_155736,1.9846434593200684,0.8053030371665955,-2.1770224571228027,44121
20250902_155736,2.031465768814087,0.8269132375717163,-4.364040374755859,45784
20250902_155736,2.227471113204956,0.861072838306427,-6.867035388946533,46985
20250902_155736,2.294011354446411,1.00523841381073,-9.400680541992188,48752
20250902_155736,2.3350110054016113,1.052602767944336,-12.874378204345703,50648
20250902_155736,2.224207639694214,0.9703347682952881,-15.0,52823
20250902_155736,2.125654935836792,1.052522897720337,-15.0,54700
20250902_155736,2.1674959659576416,1.0344468355178833,15.0,56000
20250902_155736,1.880730152130127,0.9263544678688049,15.0,56000
20250902_155736,1.572081208229065,0.8685726523399353,15.0,56000
20250902_155736,1.638447880744934,0.459035187959671,15.0,56000
20250902_155736,1.3209532499313354,0.49255844950675964,15.0,56000
20250902_155736,0.6462190747261047,0.6144147515296936,15.0,56000
20250902_155736,0.4281160831451416,0.31815218925476074,15.0,56000
20250902_155736,0.4871598780155182,0.0850343257188797,15.0,56000
20250902_155736,-0.04536131024360657,-0.1504082977771759,15.0,56000
20250902_155736,-0.02981957048177719,-0.1038978099822998,15.0,56000
20250902_155736,0.03426630422472954,-0.1924348920583725,15.0,56000
20250902_155736,0.24903589487075806,-0.1727728545665741,15.0,56000
20250902_155736,0.27740463614463806,-0.11278998106718063,15.0,56000
20250902_155736,1.2336982488632202,0.3402408957481384,9.195676803588867,56000
20250902_155736,1.9882087707519531,0.27928683161735535,-1.6675790548324585,56000
20250902_155737,2.7655375003814697,1.02451491355896,-10.471264839172363,56000
20250902_155737,3.798353672027588,1.8216935396194458,-15.0,56000
20250902_155737,4.501201152801514,2.007327079772949,-15.0,56000
20250902_155737,11.14181900024414,4.768520355224609,15.0,56000
20250902_155737,-0.6272130608558655,-0.24073176085948944,4.199310779571533,56000
20250902_155738,52.427547454833984,7.0203351974487305,-15.0,56000
20250902_155738,0.1697491854429245,-0.03724992275238037,-15.0,56000
20250902_155738,0.11208390444517136,0.031280722469091415,-15.0,56000
20250902_155738,0.16599443554878235,-0.048711881041526794,-15.0,56000
20250902_155738,0.10177619755268097,0.10869186371564865,-15.0,56000
20250902_155738,0.12320785969495773,0.23450008034706116,-15.0,56000
20250902_155738,0.15943610668182373,0.156934916973114,-15.0,56000
20250902_155738,0.4046410620212555,0.15903250873088837,-15.0,56000
20250902_155738,0.501887321472168,0.3740568459033966,-15.0,56000
20250902_155738,0.3089193105697632,0.41906315088272095,-15.0,56000
20250902_155738,0.38245904445648193,0.502759575843811,-15.0,56000
20250902_155738,-0.19029057025909424,0.4784168303012848,-15.0,56000
20250902_155738,-0.35421186685562134,0.4574444890022278,-15.0,56000
20250902_155738,-0.4536491334438324,0.42790132761001587,-15.0,56000
20250902_155738,-1.5886833667755127,0.8249907493591309,-15.0,49591
20250902_155738,-0.39975884556770325,0.7011073231697083,-15.0,56000
20250902_155738,-0.23941640555858612,0.6107721924781799,-15.0,56000
20250902_155738,-0.23697270452976227,0.5890775322914124,-15.0,55801
20250902_155738,-0.13835076987743378,1.2224769592285156,-15.0,42000
20250902_155738,-0.14169268310070038,0.8155578374862671,-15.0,53382
20250902_155738,0.1490975171327591,0.9109326004981995,-15.0,52198
20250902_155738,-0.1685384213924408,0.9053567051887512,-15.0,52548
20250902_155738,0.020608562976121902,0.8918388485908508,-15.0,51155
20250902_155738,0.05039370059967041,0.8974320888519287,-15.0,51373
20250902_155738,0.02900410257279873,0.7905123233795166,-15.0,49989
20250902_155738,0.1084945946931839,0.7895203232765198,-15.0,49407
20250902_155738,-0.30091428756713867,0.8912091851234436,-15.0,51575
20250902_155738,0.35733509063720703,0.7810018062591553,-15.0,47479
20250902_155738,-0.20194463431835175,1.0033894777297974,-14.23002815246582,49387
20250902_155738,-0.04210318624973297,0.8877075910568237,-13.123531341552734,48348
20250902_155738,-0.1588623821735382,1.0553349256515503,-12.056108474731445,49554
20250902_155738,-0.18881317973136902,0.9044428467750549,-10.702725410461426,48033
20250902_155738,-0.17676779627799988,1.0886969566345215,-9.77861213684082,48123
20250902_155738,-1.3577568531036377,1.8745652437210083,-6.83923864364624,42000
20250902_155738,-0.4816773533821106,1.1463392972946167,-5.1331400871276855,44754
20250902_155738,-0.6440039873123169,0.932869017124176,-2.1772241592407227,45575
20250902_155738,-0.5919297933578491,1.135711669921875,0.9188166856765747,45451
20250902_155738,-1.0881497859954834,1.6236456632614136,3.229956865310669,47601
20250902_155738,0.39005598425865173,0.4250388443470001,6.963400840759277,44384
20250902_155738,-0.9956273436546326,2.6517627239227295,11.289472579956055,42000
20250902_155738,-0.15592685341835022,1.4209567308425903,12.456738471984863,45228
20250902_155738,-0.09410301595926285,1.3441423177719116,13.51522445678711,45554
20250902_155738,-0.058874666690826416,1.3071298599243164,14.586172103881836,45168
20250902_155738,-0.11056103557348251,1.175339698791504,15.0,46624
20250902_155738,-0.0733918845653534,1.4262980222702026,15.0,45128
20250902_155738,-0.7690649628639221,1.8934425115585327,15.0,45892
20250902_155738,-0.9781427979469299,1.7435904741287231,15.0,42000
20250902_155738,-0.2707560360431671,0.9099336266517639,15.0,46494
20250902_155738,-0.5783392190933228,1.0855731964111328,15.0,47044
20250902_155738,-0.6208105087280273,0.8237834572792053,15.0,48149
20250902_155738,-0.5691103935241699,0.8359706997871399,15.0,49715
20250902_155738,-0.5110373497009277,0.8289011716842651,15.0,50557
20250902_155738,-0.4116322696208954,0.8856233954429626,15.0,50897
20250902_155738,-0.2190251648426056,1.086767315864563,15.0,50963
20250902_155739,-0.02402634546160698,1.1786043643951416,15.0,51420
20250902_155739,-0.11119326204061508,1.34371817111969,15.0,51115
20250902_155739,-0.8500407338142395,2.1005780696868896,15.0,48470
20250902_155739,-0.2571311295032501,1.3990063667297363,15.0,52124
20250902_155739,-0.3047078251838684,1.1537100076675415,15.0,53316
20250902_155739,-0.16325166821479797,1.3245772123336792,15.0,51457
20250902_155739,-0.11641615629196167,1.536391019821167,15.0,55500
20250902_155739,-0.12343427538871765,1.1767984628677368,15.0,54397
20250902_155739,-0.3534625172615051,1.0826947689056396,15.0,54344
20250902_155739,-0.08432640135288239,1.3147809505462646,15.0,54460
20250902_155739,-0.16607150435447693,1.3025015592575073,15.0,54563
20250902_155739,-0.25605666637420654,1.2412060499191284,15.0,55170
20250902_155739,-0.0047652097418904305,1.1729528903961182,15.0,55873
20250902_155739,0.017194611951708794,1.313058853149414,15.0,55775
20250902_155739,-0.2612740993499756,1.186328411102295,15.0,55988
20250902_155739,-0.4579847455024719,0.6826714277267456,15.0,56000
20250902_155739,-0.6083046197891235,0.7953847050666809,15.0,56000
20250902_155739,-0.5746468305587769,0.6715283989906311,15.0,56000
20250902_155739,-0.6154007911682129,0.5812813639640808,15.0,56000
20250902_155739,-0.5140993595123291,0.4888664782047272,15.0,56000
20250902_155739,-0.6895262002944946,0.4627150297164917,15.0,56000
20250902_155739,-0.6524031758308411,0.4741753935813904,15.0,56000
20250902_155739,-0.7753089070320129,0.493653804063797,15.0,56000
20250902_155739,-0.7253338098526001,0.5533213019371033,15.0,56000
20250902_155739,-0.7404918670654297,0.595571756362915,15.0,56000
20250902_155739,-0.8232538104057312,0.7036488652229309,15.0,56000
20250902_155739,-0.7670197486877441,0.8223689794540405,15.0,56000
20250902_155739,-0.7603841423988342,0.8276656270027161,15.0,56000
20250902_155739,-0.8955220580101013,0.9387221336364746,15.0,56000
20250902_155739,-0.9025474190711975,0.8595334887504578,15.0,56000
20250902_155739,-0.9770334362983704,0.9495461583137512,15.0,56000
20250902_155739,-0.8926597833633423,1.0232138633728027,15.0,56000
20250902_155739,-0.927419126033783,0.9932126402854919,15.0,56000
20250902_155739,-0.8802910447120667,1.0596524477005005,15.0,56000
20250902_155739,-0.8280739188194275,1.0224521160125732,15.0,56000
20250902_155739,-0.7123591899871826,0.9930413961410522,15.0,56000
20250902_155739,-0.6043853759765625,0.9099285006523132,15.0,56000
20250902_155739,-0.6493762731552124,0.872630774974823,15.0,56000
20250902_155739,-0.4700467884540558,0.9338584542274475,15.0,56000
20250902_155739,-0.43271511793136597,1.0315420627593994,15.0,56000
20250902_155739,-0.35731637477874756,1.0487096309661865,15.0,56000
20250902_155739,-0.4686640501022339,0.9676762223243713,15.0,56000
20250902_155739,-0.43038514256477356,0.9849653244018555,15.0,56000
20250902_155739,-0.4485667049884796,1.0414338111877441,15.0,56000
20250902_155739,-0.4631926119327545,1.0250424146652222,15.0,56000
20250902_155739,-0.4342213273048401,1.002649188041687,15.0,56000
20250902_155739,-0.3695754408836365,1.0693836212158203,15.0,56000
20250902_155739,-0.3849976360797882,0.9900693893432617,15.0,56000
20250902_155739,-0.44660332798957825,0.8824172616004944,15.0,56000
20250902_155739,-0.43799349665641785,0.7638585567474365,15.0,56000
20250902_155739,-0.4908687174320221,0.6762548685073853,15.0,56000
20250902_155739,-0.5444604754447937,0.5597164034843445,15.0,56000
20250902_155739,-0.6941487193107605,0.5255207419395447,15.0,56000
20250902_155739,-0.6919184923171997,0.5120224952697754,15.0,56000
20250902_155739,-0.6383812427520752,0.5495832562446594,15.0,56000
20250902_155739,-0.5666338205337524,0.6793538331985474,15.0,56000
20250902_155739,-0.4725233018398285,0.8265933394432068,15.0,56000
20250902_155739,-0.512999415397644,0.8759230375289917,15.0,56000
20250902_155739,-0.47384315729141235,0.8059031963348389,15.0,56000
20250902_155739,-0.3196433186531067,0.7950242161750793,15.0,56000
20250902_155739,-0.38043591380119324,0.5693610310554504,15.0,56000
20250902_155739,-0.4519689381122589,0.4802139103412628,15.0,56000
20250902_155739,-0.40945613384246826,0.4496230185031891,15.0,56000
20250902_155739,-0.2970999777317047,0.5102424621582031,15.0,56000
20250902_155739,-0.21012909710407257,0.4638972878456116,15.0,56000
20250902_155739,0.1552640199661255,0.3777866065502167,15.0,56000
20250902_155739,0.21557387709617615,0.5507113933563232,15.0,56000
20250902_155739,0.431903600692749,0.5124433040618896,15.0,56000
20250902_155739,0.0028861495666205883,0.7134407162666321,15.0,56000
20250902_155739,0.12868136167526245,0.9563367962837219,15.0,56000
20250902_155739,0.2285301387310028,0.8413287997245789,15.0,56000
20250902_155739,-0.07484962046146393,1.0925204753875732,15.0,56000
20250902_155739,0.15827371180057526,1.0743390321731567,15.0,56000
20250902_155739,0.2591469883918762,1.1114264726638794,15.0,56000
20250902_155739,0.20539580285549164,0.9383088946342468,15.0,56000
20250902_155739,0.14949147403240204,0.8498235940933228,15.0,56000
20250902_155739,0.2617434859275818,0.8411313891410828,15.0,56000
20250902_155739,0.055484332144260406,0.8048023581504822,15.0,56000
20250902_155739,0.10938630253076553,0.8437748551368713,15.0,56000
20250902_155739,-0.45653674006462097,1.2174001932144165,15.0,56000
20250902_155739,-0.1986021101474762,1.1313433647155762,15.0,56000
20250902_155739,0.09358704835176468,1.24359929561615,15.0,56000
20250902_155739,-0.06518006324768066,1.2593380212783813,15.0,56000
20250902_155739,0.1548042893409729,1.359833002090454,15.0,56000
20250902_155739,-0.35923051834106445,1.4805843830108643,15.0,56000
20250902_155739,-0.11782962083816528,1.465685248374939,15.0,56000
20250902_155739,-0.02274351567029953,1.374977946281433,15.0,56000
20250902_155739,-0.1058761328458786,1.329113483428955,15.0,56000
20250902_155739,-0.03804565966129303,1.2696362733840942,15.0,56000
20250902_155739,0.1215263158082962,1.3102606534957886,15.0,56000
20250902_155739,0.26900652050971985,1.2534756660461426,15.0,56000
20250902_155739,-0.11153477430343628,1.4517461061477661,15.0,56000
20250902_155739,0.0788266509771347,1.3782789707183838,15.0,56000
20250902_155739,-0.7208752632141113,2.7785191535949707,15.0,56000
20250902_155739,-0.13712164759635925,2.074885368347168,15.0,56000
20250902_155740,-0.29590630531311035,2.0282886028289795,15.0,56000
20250902_155740,-0.3472319543361664,4.476462364196777,15.0,56000
20250902_155740,0.510022759437561,1.0680854320526123,15.0,56000
20250902_155740,0.304416298866272,1.6314351558685303,15.0,56000
20250902_155740,-0.13937316834926605,1.7882882356643677,15.0,56000
20250902_155740,0.3032136857509613,1.0385611057281494,15.0,56000
20250902_155740,0.34868550300598145,1.0086240768432617,15.0,56000
20250902_155740,0.5344560146331787,0.9589840173721313,15.0,56000
20250902_155740,1.0644724369049072,1.0900768041610718,15.0,56000
20250902_155740,0.6423053741455078,1.4189287424087524,15.0,56000
20250902_155740,1.2961361408233643,1.5082825422286987,15.0,56000
20250902_155740,0.5237880945205688,1.1691454648971558,15.0,56000
20250902_155740,0.7900953888893127,1.1319595575332642,15.0,56000
20250902_155740,0.6562467813491821,1.1453452110290527,15.0,56000
20250902_155740,0.5937017202377319,1.211964726448059,15.0,56000
20250902_155740,0.5733910202980042,1.0880688428878784,15.0,56000
20250902_155740,0.7791621088981628,1.2906599044799805,15.0,56000
20250902_155740,0.6693819761276245,0.8476945757865906,15.0,56000
20250902_155740,0.6011853218078613,1.1819241046905518,15.0,56000
20250902_155740,0.668892502784729,0.9719681143760681,15.0,56000
20250902_155740,0.8238946199417114,1.0082646608352661,15.0,56000
20250902_155740,0.8769795894622803,1.0813367366790771,15.0,56000
20250902_155740,0.5404412150382996,0.8572461009025574,15.0,56000
20250902_155740,0.6662105321884155,0.9677746295928955,15.0,56000
20250902_155740,0.6308810114860535,0.9531322121620178,15.0,56000
20250902_155740,0.6233821511268616,1.0005006790161133,15.0,56000
20250902_155740,0.6227803826332092,1.08108389377594,15.0,56000
20250902_155740,0.33617138862609863,0.9930135011672974,15.0,56000
20250902_155740,0.8426793217658997,1.4032272100448608,15.0,56000
20250902_155740,0.6785047054290771,1.1156604290008545,15.0,56000
20250902_155740,0.7701331973075867,1.0249136686325073,15.0,56000
20250902_155740,0.6262059807777405,1.0169991254806519,15.0,56000
20250902_155740,0.6603038311004639,1.0131478309631348,15.0,56000
20250902_155740,0.7741186022758484,0.9729618430137634,15.0,56000
20250902_155740,0.7001771330833435,0.963655412197113,15.0,56000
20250902_155740,0.6460968852043152,0.9432108998298645,15.0,56000
20250902_155740,0.574514627456665,0.9585948586463928,15.0,56000
20250902_155740,0.619320273399353,0.9980160593986511,15.0,56000
20250902_155740,0.5035756826400757,0.9618200659751892,15.0,56000
20250902_155740,0.2988226115703583,0.9481772780418396,15.0,56000
20250902_155740,0.41322675347328186,1.0131776332855225,15.0,56000
20250902_155740,0.3380487561225891,1.0237281322479248,15.0,56000
20250902_155740,0.9335343837738037,1.1224989891052246,15.0,56000
20250902_155740,1.2060259580612183,0.9380510449409485,15.0,56000
20250902_155740,0.9232036471366882,1.0921416282653809,15.0,56000
20250902_155740,1.059294581413269,0.9820141792297363,15.0,56000
20250902_155740,0.9925388693809509,1.029360294342041,15.0,56000
20250902_155740,1.1117782592773438,0.9878610968589783,15.0,56000
20250902_155740,1.6636770963668823,1.1882866621017456,15.0,56000
20250902_155740,0.7024150490760803,1.0315440893173218,15.0,56000
20250902_155740,1.7148240804672241,1.4114408493041992,15.0,56000
20250902_155740,0.9086011052131653,1.0804016590118408,15.0,56000
20250902_155740,1.3588194847106934,1.0341013669967651,15.0,56000
20250902_155740,1.249055027961731,0.9421778321266174,15.0,56000
20250902_155740,1.3289285898208618,0.907860279083252,15.0,56000
20250902_155740,1.225261926651001,0.9783084988594055,15.0,56000
20250902_155740,2.2000961303710938,1.3383415937423706,15.0,56000
20250902_155740,2.349102735519409,1.4374117851257324,15.0,56000
20250902_155740,1.4161208868026733,1.21975839138031,15.0,56000
20250902_155740,1.3913077116012573,1.1882250308990479,15.0,56000
20250902_155740,1.416109561920166,1.0727741718292236,15.0,56000
20250902_155740,1.2527170181274414,1.0671309232711792,15.0,56000
20250902_155740,1.2060320377349854,1.0002343654632568,15.0,56000
20250902_155740,1.2940285205841064,0.9421729445457458,15.0,56000
20250902_155740,1.1665672063827515,1.1190475225448608,15.0,56000
20250902_155740,1.3157705068588257,0.9549614787101746,15.0,56000
20250902_155740,1.2156338691711426,1.0001620054244995,15.0,56000
20250902_155740,1.3072749376296997,1.0913960933685303,15.0,56000
20250902_155740,1.1150177717208862,0.8681144714355469,15.0,56000
20250902_155740,1.3082783222198486,0.981012761592865,15.0,56000
20250902_155740,1.196990728378296,0.9290817379951477,15.0,56000
20250902_155740,1.0598137378692627,1.000517725944519,15.0,56000
20250902_155740,0.9878283739089966,0.9446715712547302,15.0,56000
20250902_155740,0.9420707821846008,0.9426748752593994,15.0,56000
20250902_155740,0.783409833908081,0.8857946395874023,15.0,56000
20250902_155740,0.7850578427314758,0.8290157318115234,15.0,56000
20250902_155740,0.9169050455093384,0.8802000284194946,15.0,56000
20250902_155740,0.9823235273361206,0.754874050617218,15.0,56000
20250902_155740,1.1016995906829834,0.8277432918548584,15.0,56000
20250902_155740,1.2131890058517456,0.9974673390388489,15.0,56000
20250902_155741,1.183824062347412,0.9075926542282104,15.0,56000
20250902_155741,1.371110439300537,1.009848713874817,15.0,56000
20250902_155741,2.4105417728424072,1.2526248693466187,15.0,56000
20250902_155741,1.3805116415023804,1.2058104276657104,15.0,56000
20250902_155741,2.459338903427124,1.1501744985580444,15.0,56000
20250902_155741,2.8284213542938232,-0.18673473596572876,15.0,50543
20250902_155741,1.215005874633789,0.91305011510849,15.0,56000
20250902_155741,1.178969383239746,1.0592423677444458,15.0,56000
20250902_155741,0.9078288078308105,1.435772180557251,15.0,56000
20250902_155741,0.9769550561904907,1.0467971563339233,15.0,56000
20250902_155741,1.4887243509292603,1.1459966897964478,15.0,56000
20250902_155741,0.8894083499908447,0.7934623956680298,15.0,56000
20250902_155741,0.8071448802947998,0.8431457877159119,15.0,56000
20250902_155741,0.8864542245864868,1.726108193397522,15.0,56000
20250902_155741,1.0132601261138916,1.2462555170059204,15.0,56000
20250902_155741,1.047205924987793,1.2252603769302368,15.0,56000
20250902_155741,0.6386024355888367,1.090628981590271,15.0,56000
20250902_155741,0.5788349509239197,0.9867516756057739,15.0,56000
20250902_155741,0.19476334750652313,0.9252921938896179,15.0,56000
20250902_155741,0.4222992956638336,0.9207081198692322,15.0,56000
20250902_155741,0.5011605024337769,0.9523378610610962,15.0,56000
20250902_155741,0.6102107167243958,1.0338001251220703,15.0,56000
20250902_155741,-0.24696947634220123,4.910879611968994,15.0,56000
20250902_155741,1.284151315689087,1.047703742980957,15.0,56000
20250902_155741,0.6896743178367615,1.092437744140625,15.0,56000
20250902_155741,0.6905874013900757,1.0777705907821655,15.0,56000
20250902_155741,0.6977768540382385,1.0662636756896973,15.0,56000
20250902_155741,3.7620749473571777,1.8445323705673218,15.0,56000
20250902_155741,1.5282504558563232,1.9090337753295898,15.0,56000
20250902_155742,-3.946364641189575,-2.5541646480560303,15.0,56000
20250902_155742,0.7314074039459229,1.296332597732544,15.0,56000
20250902_155742,0.8451974391937256,1.1685311794281006,15.0,56000
20250902_155742,0.7499820590019226,1.1580777168273926,15.0,56000
20250902_155742,0.6454029679298401,1.1175485849380493,15.0,56000
20250902_155742,0.624823808670044,1.018781065940857,15.0,56000
20250902_155742,0.12696972489356995,1.4800881147384644,15.0,56000
20250902_155742,0.44200870394706726,1.1769673824310303,15.0,56000
20250902_155742,0.48603886365890503,1.1036630868911743,15.0,56000
20250902_155742,0.5653152465820312,1.0587185621261597,15.0,56000
20250902_155742,0.5722368955612183,1.0198462009429932,15.0,56000
20250902_155742,-0.10030721127986908,1.0559507608413696,15.0,56000
20250902_155742,0.7902238368988037,1.105663776397705,15.0,56000
20250902_155742,0.9457000494003296,1.039016842842102,15.0,56000
20250902_155742,-0.24035722017288208,1.2922722101211548,15.0,56000
20250902_155742,0.38285765051841736,1.1407135725021362,15.0,56000
20250902_155742,0.2207862138748169,1.2473227977752686,15.0,56000
20250902_155742,0.6863570213317871,1.1647229194641113,15.0,56000
20250902_155742,0.6771682500839233,1.0946840047836304,15.0,56000
20250902_155742,0.9699097275733948,1.0190800428390503,15.0,56000
20250902_155742,0.672684371471405,1.0865371227264404,15.0,56000
20250902_155742,0.7444209456443787,1.014487862586975,15.0,56000
20250902_155742,0.24556748569011688,1.224265694618225,15.0,56000
20250902_155742,0.5141011476516724,1.1717643737792969,15.0,56000
20250902_155742,0.47369909286499023,1.405352234840393,15.0,56000
20250902_155742,0.9659913182258606,1.2542741298675537,15.0,56000
20250902_155742,0.6373984217643738,1.215329647064209,15.0,56000
20250902_155742,0.5071740746498108,1.182671070098877,15.0,56000
20250902_155742,0.5847705006599426,1.1817359924316406,15.0,56000
20250902_155742,0.48322272300720215,1.1298447847366333,15.0,56000
20250902_155742,0.506392240524292,1.120922565460205,15.0,56000
20250902_155742,0.6162059307098389,1.1345548629760742,15.0,56000
20250902_155742,0.6137381792068481,1.1002880334854126,15.0,56000
20250902_155742,0.6640188097953796,1.1010383367538452,15.0,56000
20250902_155742,0.6681351065635681,1.1030899286270142,15.0,56000
20250902_155742,0.6654296517372131,1.0748751163482666,15.0,56000
20250902_155742,0.6974911689758301,1.080833911895752,15.0,56000
20250902_155742,0.6226202845573425,1.084132432937622,15.0,56000
20250902_155742,0.5461032390594482,1.078593373298645,15.0,56000
20250902_155742,0.5371897220611572,1.0766931772232056,15.0,56000
20250902_155742,0.6371172070503235,1.078760027885437,15.0,56000
20250902_155742,0.6094751954078674,1.0713608264923096,15.0,56000
20250902_155742,0.7458516955375671,1.0502171516418457,15.0,56000
20250902_155742,0.546211838722229,0.7783699631690979,15.0,56000
20250902_155742,0.2858392596244812,0.7832554578781128,15.0,56000
20250902_155743,0.012694555334746838,-0.49197766184806824,15.0,56000
20250902_155743,0.5719594359397888,0.8978234529495239,15.0,56000
20250902_155743,0.4244302213191986,0.7782577872276306,15.0,56000
20250902_155743,0.3231058418750763,0.7162967920303345,15.0,56000
20250902_155743,0.39357155561447144,0.6655629873275757,15.0,56000
20250902_155743,0.12830191850662231,0.5711193680763245,15.0,56000
20250902_155743,-4.277843952178955,-4.001120090484619,15.0,56000
20250902_155745,-0.2503412067890167,4.767771244049072,15.0,56000
20250902_155745,0.9062010645866394,1.2210443019866943,15.0,56000
20250902_155745,1.011203646659851,1.5082123279571533,15.0,56000
20250902_155745,0.5505663752555847,1.3243368864059448,15.0,56000
20250902_155745,0.28148579597473145,1.7165824174880981,15.0,56000
20250902_155745,0.5970728397369385,1.3823795318603516,15.0,56000
20250902_155745,0.7513656616210938,1.4663567543029785,15.0,56000
20250902_155745,0.7900375723838806,1.3825669288635254,15.0,56000
20250902_155745,0.9075011610984802,1.4206874370574951,15.0,56000
20250902_155745,0.8927701115608215,1.402426838874817,15.0,56000
20250902_155745,0.7869976162910461,1.338173508644104,15.0,56000
20250902_155745,0.7285399436950684,1.2819572687149048,15.0,56000
20250902_155745,0.7096511125564575,1.2176238298416138,15.0,56000
20250902_155745,0.5391926169395447,1.1862379312515259,15.0,56000
20250902_155745,0.6368602514266968,1.1220645904541016,15.0,56000
20250902_155745,0.7397785782814026,1.13474440574646,15.0,56000
20250902_155745,0.3779407739639282,0.884297251701355,15.0,56000
20250902_155745,0.540438711643219,1.027448058128357,15.0,56000
20250902_155745,0.606372594833374,1.0064085721969604,15.0,56000
20250902_155745,0.577065110206604,1.0630451440811157,15.0,56000
20250902_155745,0.6675821542739868,1.102248191833496,15.0,56000
20250902_155745,0.6434870958328247,1.180856704711914,15.0,56000
20250902_155745,0.6826122403144836,1.206697940826416,15.0,56000
20250902_155745,0.7504861950874329,1.270761251449585,15.0,56000
20250902_155745,0.7718096971511841,1.2867225408554077,15.0,56000
20250902_155745,0.7778245806694031,1.3138943910598755,15.0,56000
20250902_155745,0.7631124258041382,1.313095211982727,15.0,56000
20250902_155745,0.8174090385437012,1.2835105657577515,15.0,56000
20250902_155745,0.6615978479385376,1.197357416152954,15.0,56000
20250902_155745,0.5142322182655334,1.10886549949646,15.0,56000
20250902_155745,0.5512409806251526,0.9594858288764954,15.0,56000
20250902_155745,0.7290797829627991,1.1223411560058594,15.0,56000
20250902_155745,0.9480057954788208,1.0859737396240234,15.0,56000
20250902_155745,0.7785051465034485,1.071474552154541,15.0,56000
20250902_155745,0.699144184589386,1.020094633102417,15.0,56000
20250902_155745,0.7529038190841675,0.9999799132347107,15.0,56000
20250902_155746,-1.4374667406082153,-0.05923925340175629,15.0,56000
20250902_155746,0.626802384853363,1.2327704429626465,15.0,56000
20250902_155746,0.6604055166244507,1.1779346466064453,15.0,56000
20250902_155746,0.6637969017028809,1.128129243850708,15.0,56000
20250902_155746,0.2240184247493744,0.8284223675727844,15.0,56000
20250902_155746,0.6342796683311462,1.1274707317352295,15.0,56000
20250902_155746,0.7535485625267029,1.1510159969329834,15.0,56000
20250902_155746,0.6514812111854553,1.1154369115829468,15.0,56000
20250902_155746,0.3667508661746979,0.8583576679229736,15.0,56000
20250902_155746,0.6532965898513794,1.2204077243804932,15.0,56000
20250902_155746,0.7029561996459961,1.255307912826538,15.0,56000
20250902_155746,0.6581040024757385,1.2637057304382324,15.0,56000
20250902_155746,1.477279543876648,2.0080411434173584,15.0,56000
20250902_155746,0.366466224193573,1.5776771306991577,15.0,56000
20250902_155746,0.7453683614730835,1.315821886062622,15.0,56000
20250902_155746,0.6715919375419617,1.2533973455429077,15.0,56000
20250902_155746,0.6902350187301636,1.2029427289962769,15.0,56000
20250902_155746,0.8082366585731506,1.3226932287216187,15.0,56000
20250902_155746,0.6552388072013855,1.437506914138794,15.0,56000
20250902_155746,0.7500060796737671,1.3676334619522095,15.0,56000
20250902_155746,0.870502233505249,1.3502984046936035,15.0,56000
20250902_155746,0.7627105116844177,1.3617064952850342,15.0,56000
20250902_155746,0.7936624884605408,1.3729077577590942,15.0,56000
20250902_155746,0.6488080024719238,1.370823621749878,15.0,56000
20250902_155746,0.8424486517906189,1.3758810758590698,15.0,56000
20250902_155746,0.6976928114891052,1.3714855909347534,15.0,56000
20250902_155746,0.8111949563026428,1.449761152267456,15.0,56000
20250902_155746,0.61899733543396,1.399415373802185,15.0,56000
20250902_155746,0.6198585629463196,1.470823884010315,15.0,56000
20250902_155746,0.9240695834159851,1.5152125358581543,15.0,56000
20250902_155746,0.7986853122711182,1.5563701391220093,15.0,56000
20250902_155746,0.8519569635391235,1.609850287437439,15.0,56000
20250902_155746,0.8891397714614868,1.5450557470321655,15.0,56000
20250902_155746,0.8938301801681519,1.556362271308899,15.0,56000
20250902_155746,0.9048059582710266,1.5537598133087158,15.0,56000
20250902_155746,0.8118595480918884,1.4207292795181274,15.0,56000
20250902_155746,0.8864417672157288,1.3959927558898926,15.0,56000
20250902_155746,0.822503387928009,1.3043098449707031,15.0,56000
20250902_155746,0.7560951709747314,1.318933129310608,15.0,56000
20250902_155746,0.5774990320205688,1.3509266376495361,15.0,56000
20250902_155746,0.6866468787193298,1.4090889692306519,15.0,56000
20250902_155746,0.8838095664978027,1.4042378664016724,15.0,56000
20250902_155746,0.886264979839325,1.4476796388626099,15.0,56000
20250902_155746,1.0493695735931396,1.5242550373077393,15.0,56000
20250902_155746,0.8424623608589172,1.3167616128921509,15.0,56000
20250902_155747,0.7816802859306335,1.2719587087631226,15.0,56000
20250902_155747,0.6649991869926453,1.3004862070083618,15.0,56000
20250902_155747,0.8079919815063477,1.0876318216323853,15.0,56000
20250902_155747,0.5393670797348022,1.1824840307235718,15.0,56000
20250902_155747,0.7187281250953674,1.2074567079544067,15.0,56000
20250902_155747,0.7434613704681396,1.294312834739685,15.0,56000
20250902_155747,0.5315172076225281,1.3294363021850586,15.0,56000
20250902_155747,0.6269659399986267,1.4177708625793457,15.0,56000
20250902_155747,0.6409757137298584,1.4987188577651978,15.0,56000
20250902_155747,0.7000921368598938,1.5120255947113037,15.0,56000
20250902_155747,0.42044034600257874,1.5362809896469116,15.0,56000
20250902_155747,0.7460448145866394,1.4231956005096436,15.0,56000
20250902_155747,0.6132168769836426,1.3744057416915894,15.0,56000
20250902_155747,0.7853632569313049,1.2969202995300293,15.0,56000
20250902_155747,0.5954447984695435,1.4556511640548706,15.0,56000
20250902_155747,0.7632635235786438,1.3121978044509888,15.0,56000
20250902_155747,0.8668463826179504,1.3678510189056396,15.0,56000
20250902_155747,0.8839631080627441,1.3911813497543335,15.0,56000
20250902_155747,0.9064157009124756,1.465177059173584,15.0,56000
20250902_155747,0.9930369853973389,1.5128504037857056,15.0,56000
20250902_155747,0.8640219569206238,1.6022709608078003,15.0,56000
20250902_155747,1.0283291339874268,1.6670588254928589,15.0,56000
20250902_155747,0.668978750705719,1.7249726057052612,15.0,56000
20250902_155747,0.8830808997154236,1.6232188940048218,15.0,56000
20250902_155747,0.864555299282074,1.5448347330093384,15.0,56000
20250902_155747,0.9853445291519165,1.530158519744873,15.0,56000
20250902_155747,1.1042686700820923,1.490804672241211,15.0,56000
20250902_155747,0.8669976592063904,1.435253381729126,15.0,56000
20250902_155747,1.1948306560516357,1.230783462524414,15.0,56000
20250902_155747,1.1511783599853516,1.1313519477844238,15.0,56000
20250902_155747,1.255314588546753,1.0297707319259644,15.0,56000
20250902_155747,0.8407142162322998,1.1340926885604858,15.0,56000
20250902_155747,0.991180956363678,1.4593433141708374,15.0,56000
20250902_155747,0.9249589443206787,1.5993232727050781,15.0,56000
20250902_155747,0.9464240670204163,1.528202772140503,15.0,56000
20250902_155747,0.9458383321762085,1.4622851610183716,15.0,56000
20250902_155747,0.9851568937301636,1.4222702980041504,15.0,56000
20250902_155747,0.8477546572685242,1.3329250812530518,15.0,56000
20250902_155747,1.152130365371704,1.2763499021530151,15.0,56000
20250902_155747,2.971831798553467,1.686133623123169,15.0,55672
20250902_155747,1.3637990951538086,1.9332060813903809,15.0,56000
20250902_155747,1.0971498489379883,1.5531734228134155,15.0,56000
20250902_155747,0.7463894486427307,1.626232385635376,15.0,56000
20250902_155747,0.8794472813606262,1.5722646713256836,15.0,56000
20250902_155747,0.8487893342971802,1.5005992650985718,15.0,56000
20250902_155747,1.0717968940734863,1.4809033870697021,15.0,56000
20250902_155747,0.8997279405593872,1.447467565536499,15.0,56000
20250902_155747,0.8798797130584717,1.4588922262191772,15.0,56000
20250902_155747,1.0298775434494019,1.4123808145523071,15.0,56000
20250902_155748,-2.1273703575134277,-2.3978452682495117,15.0,56000
20250902_155748,1.1175488233566284,1.6583307981491089,15.0,56000
20250902_155748,1.0197561979293823,1.599904179573059,15.0,56000
20250902_155748,1.063995122909546,1.6524205207824707,15.0,56000
20250902_155748,1.0833483934402466,1.7540544271469116,15.0,56000
20250902_155748,1.210376501083374,1.6757968664169312,15.0,56000
20250902_155748,1.267106056213379,1.6558918952941895,15.0,56000
20250902_155748,1.165432333946228,1.6395578384399414,15.0,56000
20250902_155748,1.1228736639022827,1.65751314163208,15.0,56000
20250902_155748,1.2263236045837402,1.7497724294662476,15.0,56000
20250902_155748,1.1045475006103516,1.7480369806289673,15.0,56000
20250902_155748,1.2526159286499023,1.869088888168335,15.0,56000
20250902_155748,2.138279676437378,2.5078227519989014,15.0,56000
20250902_155748,1.026033878326416,1.7270607948303223,15.0,56000
20250902_155748,0.9937069416046143,1.6924734115600586,15.0,56000
20250902_155748,1.022378921508789,1.7437793016433716,15.0,56000
20250902_155748,1.0502620935440063,1.7174662351608276,15.0,56000
20250902_155748,1.3102654218673706,1.8062294721603394,15.0,56000
20250902_155748,1.0392245054244995,1.5733025074005127,15.0,56000
20250902_155748,0.9790166020393372,1.5780518054962158,15.0,56000
20250902_155748,0.9846677184104919,1.8424384593963623,15.0,56000
20250902_155748,1.4203987121582031,2.2560012340545654,15.0,56000
20250902_155748,0.8007746934890747,1.5646405220031738,15.0,56000
20250902_155748,0.6976475715637207,1.6903644800186157,15.0,56000
20250902_155748,0.963764488697052,2.2837860584259033,15.0,56000
20250902_155748,0.9086862802505493,2.151625156402588,15.0,56000
20250902_155748,1.8844940662384033,1.8600366115570068,15.0,56000
20250902_155748,0.8898069858551025,1.662182092666626,15.0,56000
20250902_155748,-0.4559326767921448,1.8907355070114136,15.0,56000
20250902_155748,0.5742226839065552,1.4374829530715942,15.0,56000
20250902_155748,0.6076965928077698,1.3768887519836426,15.0,56000
20250902_155748,0.4809299111366272,1.2055283784866333,15.0,56000
20250902_155749,0.5183498859405518,1.1761023998260498,15.0,56000
20250902_155749,0.3942645192146301,1.0627715587615967,15.0,56000
20250902_155749,0.5114701986312866,1.0127413272857666,15.0,56000
20250902_155749,-0.9138367772102356,-0.6079263687133789,15.0,56000
20250902_155749,-0.004897677339613438,0.6057918071746826,15.0,56000
20250902_155749,0.5436567068099976,1.0687192678451538,15.0,56000
20250902_155749,0.7175816893577576,1.1234465837478638,15.0,56000
20250902_155749,0.5521748661994934,-1.0611913204193115,15.0,53217
20250902_155749,0.8269138336181641,1.4138602018356323,15.0,56000
20250902_155749,1.5054566860198975,1.718525767326355,15.0,56000
20250902_155749,1.1004490852355957,1.8111709356307983,15.0,56000
20250902_155749,1.0159577131271362,1.8749009370803833,15.0,56000
20250902_155749,0.993033230304718,1.6573662757873535,15.0,56000
20250902_155749,0.871711790561676,1.2034765481948853,15.0,56000
20250902_155749,4.917323589324951,2.2468230724334717,15.0,55820
20250902_155749,1.326857566833496,1.83692467212677,14.41810417175293,56000
20250902_155749,2.3859264850616455,2.169248342514038,12.839361190795898,56000
20250902_155749,1.586132526397705,1.6819308996200562,11.778307914733887,56000
20250902_155749,1.574514389038086,1.762854814529419,10.803053855895996,56000
20250902_155749,1.5761914253234863,1.841650366783142,10.009011268615723,56000
20250902_155749,1.873126745223999,2.058551549911499,9.260733604431152,56000
20250902_155749,1.4747234582901,1.8097504377365112,8.431488037109375,56000
20250902_155749,1.3275995254516602,1.792822003364563,8.280552864074707,56000
20250902_155749,1.4183757305145264,1.830668330192566,7.773451805114746,56000
20250902_155749,1.4917887449264526,1.811882734298706,7.286112308502197,56000
20250902_155749,1.0834237337112427,1.921036720275879,7.6256184577941895,56000
20250902_155749,1.056678295135498,1.9027694463729858,7.97702693939209,56000
20250902_155749,1.0236823558807373,1.93260657787323,8.418474197387695,56000
20250902_155749,1.3203866481781006,2.0800206661224365,8.87317943572998,56000
20250902_155749,1.1126717329025269,1.8517727851867676,8.997840881347656,56000
20250902_155749,1.1689773797988892,1.7848719358444214,9.177549362182617,56000
20250902_155749,1.2734509706497192,1.7523376941680908,9.340007781982422,56000
20250902_155749,1.2477805614471436,1.7520250082015991,9.226105690002441,56000
20250902_155749,1.3363479375839233,1.7025641202926636,8.81104850769043,56000
20250902_155749,1.90131413936615,2.0295674800872803,7.576869964599609,56000
20250902_155749,1.0557730197906494,1.7563025951385498,7.59379768371582,56000
20250902_155749,1.0332499742507935,1.7587015628814697,7.890226364135742,56000
20250902_155749,1.209914207458496,1.7736177444458008,8.348671913146973,56000
20250902_155749,1.25022554397583,1.8298799991607666,8.329843521118164,56000
20250902_155749,1.5093251466751099,1.83744215965271,7.642600059509277,56000
20250902_155749,1.7128263711929321,1.763322114944458,6.690916061401367,56000
20250902_155749,1.505692481994629,1.8147066831588745,5.939207553863525,56000
20250902_155749,1.9720427989959717,2.0571913719177246,4.235686302185059,56000
20250902_155749,2.1317529678344727,2.141545534133911,2.970093250274658,56000
20250902_155749,1.202873706817627,1.7922166585922241,2.9495489597320557,56000
20250902_155749,1.126650333404541,1.7701998949050903,3.106955051422119,56000
20250902_155749,1.5543369054794312,1.9509010314941406,3.3602776527404785,56000
20250902_155749,1.568638563156128,1.680741548538208,3.0820624828338623,56000
20250902_155749,1.3900965452194214,1.6539400815963745,3.0669851303100586,56000
20250902_155749,1.4098204374313354,1.5873346328735352,2.7657630443573,56000
20250902_155749,1.349348783493042,1.597819209098816,2.559173822402954,56000
20250902_155749,1.369919776916504,1.5251420736312866,2.502769708633423,56000
20250902_155749,1.3235282897949219,1.5220543146133423,2.265528917312622,56000
20250902_155749,1.245104193687439,1.5727485418319702,2.0846431255340576,56000
20250902_155749,1.258158564567566,1.587298035621643,1.927531361579895,56000
20250902_155749,1.1303993463516235,1.6194040775299072,1.8976467847824097,56000
20250902_155749,1.2515199184417725,1.5835189819335938,2.111858606338501,56000
20250902_155750,1.222047209739685,1.5989595651626587,2.1335105895996094,56000
20250902_155750,1.2800003290176392,1.5755391120910645,1.991974949836731,56000
20250902_155750,1.1872690916061401,1.610663890838623,2.0625905990600586,56000
20250902_155750,1.348581314086914,1.5410690307617188,1.9906195402145386,56000
20250902_155750,1.2147293090820312,1.5612550973892212,2.0529422760009766,56000
20250902_155750,1.1678272485733032,1.4671869277954102,1.7449599504470825,56000
20250902_155750,1.1734956502914429,1.501460075378418,1.5002557039260864,56000
20250902_155750,1.0363404750823975,1.4850654602050781,1.1297680139541626,56000
20250902_155750,1.0749309062957764,1.496049165725708,0.714661180973053,56000
20250902_155750,0.9840404987335205,1.5505424737930298,0.5209366679191589,56000
20250902_155750,0.9949896335601807,1.5675389766693115,0.516386866569519,56000
20250902_155750,0.8557454347610474,1.658898949623108,0.6412251591682434,56000
20250902_155750,0.8429189324378967,1.6867762804031372,0.6796122789382935,56000
20250902_155750,0.8871000409126282,1.6953420639038086,0.8379621505737305,56000
20250902_155750,0.987519383430481,1.7068015336990356,0.9825761318206787,56000
20250902_155750,1.063550353050232,1.7238459587097168,1.1483207941055298,56000
20250902_155750,1.3554315567016602,1.674946665763855,1.1247448921203613,56000
20250902_155750,1.3860976696014404,1.6990467309951782,0.8753812909126282,56000
20250902_155750,1.3164465427398682,1.7208189964294434,0.8409400582313538,56000
20250902_155750,1.2086907625198364,1.7493447065353394,0.991732120513916,56000
20250902_155750,1.290908932685852,1.7015796899795532,1.2055022716522217,56000
20250902_155750,1.3427656888961792,1.657755732536316,1.2555012702941895,56000
20250902_155750,1.0889627933502197,1.631156086921692,1.6619501113891602,56000
20250902_155750,0.8434396386146545,1.673237919807434,2.1652398109436035,56000
20250902_155750,0.8060004115104675,1.572145938873291,2.374415874481201,56000
20250902_155750,0.5629618763923645,1.5619971752166748,2.5363223552703857,56000
20250902_155750,0.3736833930015564,1.461555004119873,2.8925156593322754,56000
20250902_155750,0.40252721309661865,1.507920742034912,3.0137720108032227,56000
20250902_155750,0.5786664485931396,1.4481875896453857,2.6974902153015137,56000
20250902_155750,0.21551638841629028,1.4362461566925049,2.5481133460998535,56000
20250902_155750,0.3914940357208252,1.437941312789917,2.2609403133392334,56000
20250902_155750,0.42521336674690247,1.4838510751724243,1.9953364133834839,56000
20250902_155750,0.43961378931999207,1.539430022239685,2.270883560180664,56000
20250902_155750,0.5913133025169373,1.6255226135253906,2.8366637229919434,56000
20250902_155750,0.369915246963501,1.7991266250610352,3.881927490234375,56000
20250902_155750,0.9648776650428772,1.6845645904541016,4.24468994140625,56000
20250902_155750,0.48882776498794556,1.8764183521270752,5.208346366882324,56000
20250902_155750,0.7528148293495178,1.6888941526412964,5.8548784255981445,56000
20250902_155750,0.8048436641693115,1.5283924341201782,6.208446502685547,56000
20250902_155750,0.7255090475082397,1.5472400188446045,6.4217634201049805,56000
20250902_155750,0.5059651732444763,1.617791771888733,6.670100212097168,56000
20250902_155750,0.497737854719162,1.5408183336257935,6.134278774261475,56000
20250902_155750,0.6333356499671936,1.5568307638168335,5.551131725311279,56000
20250902_155750,0.6218845844268799,1.6425319910049438,5.017181396484375,56000
20250902_155750,0.6342779994010925,1.702650785446167,4.67365026473999,56000
20250902_155750,0.5555108785629272,1.7481536865234375,4.823642730712891,56000
20250902_155750,0.5615987181663513,1.8213201761245728,4.953615188598633,56000
20250902_155750,0.5521697402000427,1.8963710069656372,5.969098091125488,56000
20250902_155750,0.858023464679718,1.846771001815796,7.046736717224121,56000
20250902_155750,0.9174030423164368,1.7671009302139282,7.8196210861206055,56000
20250902_155750,0.8214324712753296,1.6901036500930786,8.260519981384277,56000
20250902_155750,0.8180013298988342,1.48146390914917,7.9977240562438965,56000
20250902_155750,1.2889020442962646,1.3348114490509033,6.275394439697266,56000
20250902_155750,0.21583974361419678,1.5462419986724854,6.359375953674316,56000
20250902_155750,0.7422370910644531,1.4245333671569824,5.500887870788574,56000
20250902_155750,0.906934916973114,1.3077963590621948,4.182433128356934,56000
20250902_155750,0.7726119756698608,1.5163371562957764,3.3134374618530273,56000
20250902_155750,1.0017402172088623,1.4087270498275757,2.463667631149292,56000
20250902_155750,1.048228144645691,1.5079262256622314,1.8352349996566772,56000
20250902_155750,0.929331362247467,1.667172908782959,1.9462838172912598,56000
20250902_155750,1.098855972290039,1.6030794382095337,1.979494333267212,56000
20250902_155750,0.9532139897346497,1.7994277477264404,2.585482120513916,56000
20250902_155750,0.9381331205368042,1.7356148958206177,3.264444589614868,56000
20250902_155750,0.8929477334022522,1.7677749395370483,4.174829006195068,56000
20250902_155750,0.8985947966575623,1.8102867603302002,5.247668743133545,56000
20250902_155750,0.7014490962028503,1.81674063205719,6.6732306480407715,56000
20250902_155750,0.8028621077537537,1.7734558582305908,7.449575424194336,56000
20250902_155750,0.766994297504425,1.6725431680679321,7.795116424560547,56000
20250902_155750,0.6488556265830994,1.6338657140731812,8.247956275939941,56000
20250902_155750,0.556413471698761,1.6241451501846313,8.23510456085205,56000
20250902_155750,0.5233094692230225,1.628631591796875,8.295228958129883,56000
20250902_155750,0.6378373503684998,1.6108351945877075,8.244101524353027,56000
20250902_155750,0.7253740429878235,1.644386887550354,8.358076095581055,56000
20250902_155750,0.5489664673805237,1.734879732131958,9.044896125793457,56000
20250902_155750,0.7890148162841797,1.7702316045761108,9.590726852416992,56000
20250902_155750,0.8776146173477173,1.8677632808685303,10.697359085083008,56000
20250902_155750,0.8459556102752686,1.8037570714950562,12.102327346801758,56000
20250902_155750,-0.19023308157920837,1.9540460109710693,15.0,56000
20250902_155750,0.6689572930335999,1.7401471138000488,15.0,56000
20250902_155751,-0.49532240629196167,-0.15581263601779938,15.0,56000
20250902_155751,0.5976331233978271,1.6351360082626343,15.0,56000
20250902_155751,-0.8173759579658508,1.1227543354034424,15.0,56000
20250902_155751,-1.1619913578033447,3.1090409755706787,15.0,53225
20250902_155751,0.9165250062942505,1.8035844564437866,15.0,56000
20250902_155751,0.6424352526664734,1.8656915426254272,15.0,56000
20250902_155751,0.993417501449585,1.7489092350006104,15.0,56000
20250902_155751,0.9800834655761719,1.6833282709121704,14.343438148498535,56000
20250902_155751,0.8751139044761658,1.688117504119873,13.472123146057129,56000
20250902_155751,0.905837893486023,1.684761643409729,12.366199493408203,56000
20250902_155751,0.9901850819587708,1.6655632257461548,10.950522422790527,56000
20250902_155751,0.7507874369621277,1.8022669553756714,10.420801162719727,56000
20250902_155751,0.963295578956604,1.750462532043457,9.925397872924805,56000
20250902_155751,0.9620847702026367,1.785220980644226,9.526104927062988,56000
20250902_155751,1.001834511756897,1.8032538890838623,9.127853393554688,56000
20250902_155751,0.9806807637214661,1.8237890005111694,8.721960067749023,56000
20250902_155751,1.0929819345474243,1.8021866083145142,8.241632461547852,56000
20250902_155752,0.8899953961372375,1.787574052810669,7.25993537902832,56000
20250902_155752,1.1199939250946045,1.8682901859283447,6.346867084503174,56000
20250902_155752,0.9740127921104431,1.8806172609329224,6.395825386047363,56000
20250902_155752,3.1958370208740234,4.298939228057861,-11.844484329223633,56000
20250902_155752,1.1846686601638794,1.8575459718704224,-11.80636978149414,56000
20250902_155752,1.1889214515686035,1.849414587020874,-11.90220832824707,56000
20250902_155752,1.1740548610687256,1.822553038597107,-12.098740577697754,56000
20250902_155752,1.5259500741958618,1.7269299030303955,-12.502509117126465,56000
20250902_155753,1.3055195808410645,0.5694955587387085,-0.9656054973602295,56000
20250902_155753,1.2591763734817505,1.8416764736175537,-1.3867417573928833,56000
20250902_155753,1.2852104902267456,1.9361225366592407,-1.1835333108901978,56000
20250902_155754,1.0607037544250488,1.8242403268814087,-1.2520941495895386,56000
20250902_155754,1.155651330947876,1.825546145439148,-1.4278851747512817,56000
20250902_155754,1.1921037435531616,1.886881709098816,-1.4387009143829346,56000
20250902_155754,1.1567903757095337,1.906890869140625,-1.2857584953308105,56000
20250902_155754,1.3788223266601562,1.869688868522644,-1.3311092853546143,56000
20250902_155754,1.1250715255737305,1.8657467365264893,-1.2565219402313232,56000
20250902_155754,1.2354549169540405,1.9038125276565552,-1.1541626453399658,56000
20250902_155754,1.18143892288208,1.8902308940887451,-1.3645882606506348,56000
20250902_155754,1.157798171043396,1.8960063457489014,-1.4992319345474243,56000
20250902_155754,1.2017894983291626,1.8748332262039185,-1.757273554801941,56000
20250902_155754,1.2176698446273804,1.9559953212738037,-1.945468544960022,56000
20250902_155754,1.0356591939926147,2.0349690914154053,-1.2550559043884277,56000
20250902_155754,1.2542784214019775,1.979781985282898,-1.0446852445602417,56000
20250902_155754,1.2871838808059692,2.0008034706115723,-0.8533377647399902,56000
20250902_155754,1.2704119682312012,1.9563355445861816,-0.7255324125289917,56000
20250902_155754,1.285409688949585,1.8868037462234497,-0.8447860479354858,56000
20250902_155754,1.2518794536590576,1.9007009267807007,-1.342077374458313,56000
20250902_155754,1.230786919593811,1.9069925546646118,-1.390503168106079,56000
20250902_155754,1.193489909172058,1.8784912824630737,-1.5198791027069092,56000
20250902_155754,1.0883843898773193,1.8844112157821655,-0.8051510453224182,56000
20250902_155754,1.1516283750534058,1.8868610858917236,-0.9435176253318787,56000
20250902_155754,1.2223827838897705,1.8914299011230469,-1.6643012762069702,56000
20250902_155754,1.1322156190872192,1.9526182413101196,-1.4763739109039307,56000
20250902_155754,1.1638225317001343,1.9441440105438232,-1.4438669681549072,56000
20250902_155754,1.159785509109497,1.953493356704712,-1.027206540107727,56000
20250902_155754,1.1846599578857422,1.9523512125015259,-1.1103487014770508,56000
20250902_155754,1.1479219198226929,1.9526258707046509,-1.1366230249404907,56000
20250902_155754,1.1276426315307617,1.9827837944030762,-1.0574935674667358,56000
20250902_155754,1.187639832496643,1.9780097007751465,-1.324579119682312,56000
20250902_155754,1.1933084726333618,2.0012271404266357,-1.5248486995697021,56000
20250902_155754,1.1961451768875122,1.9896049499511719,-1.530884861946106,56000
20250902_155754,1.1815129518508911,1.9970372915267944,-1.4314298629760742,56000
20250902_155754,1.12045156955719,2.0109078884124756,-0.6778613328933716,56000
20250902_155754,1.1967474222183228,1.9762572050094604,-0.7099199891090393,56000
20250902_155754,1.1868153810501099,2.0025906562805176,-0.7803861498832703,56000
20250902_155754,1.151159644126892,2.0414905548095703,-0.7496461868286133,56000
20250902_155754,1.1390048265457153,2.0214600563049316,0.09302771091461182,56000
20250902_155754,1.1921733617782593,2.004128932952881,0.17149610817432404,56000
20250902_155754,1.2260286808013916,2.021643877029419,0.22369484603405,56000
20250902_155754,1.59536612033844,2.1173226833343506,0.22119346261024475,56000
20250902_155754,0.8949148058891296,1.9691884517669678,0.6689914464950562,56000
20250902_155754,1.0984477996826172,2.065537691116333,0.6604926586151123,56000
20250902_155754,1.2652159929275513,1.9794808626174927,0.2074449211359024,56000
20250902_155754,1.2005703449249268,1.9684315919876099,0.38964617252349854,56000
20250902_155754,1.2128422260284424,1.9931917190551758,0.33284759521484375,56000
20250902_155754,1.248801827430725,2.0279579162597656,-0.0929446592926979,56000
20250902_155754,1.25807523727417,2.0388360023498535,-0.15186715126037598,56000
20250902_155754,1.2239818572998047,2.052431583404541,-0.2110166698694229,56000
20250902_155754,1.2134778499603271,2.048642635345459,-0.11423548310995102,56000
20250902_155754,1.2814481258392334,2.0577163696289062,-0.30537864565849304,56000
20250902_155754,1.4133011102676392,2.047640800476074,-1.2477892637252808,56000
20250902_155754,1.2968738079071045,2.057934284210205,-1.1981793642044067,56000
20250902_155754,1.3003848791122437,2.0566816329956055,-1.2043038606643677,56000
20250902_155754,1.3121289014816284,2.0787036418914795,-0.9488171339035034,56000
20250902_155754,1.243997573852539,2.1127114295959473,-0.5290021896362305,56000
20250902_155754,1.342301845550537,2.1091887950897217,-0.6098743677139282,56000
20250902_155754,1.3382680416107178,2.1290547847747803,-0.7821044325828552,56000
20250902_155754,1.3885077238082886,2.140968084335327,-1.045204758644104,56000
20250902_155754,1.3253238201141357,2.1316893100738525,-1.1458806991577148,56000
20250902_155754,1.5329978466033936,2.118931770324707,-2.537571430206299,56000
20250902_155754,1.3946306705474854,2.1507556438446045,-2.6115517616271973,56000
20250902_155754,1.1842979192733765,2.189067840576172,-1.9843974113464355,56000
20250902_155754,1.3594805002212524,2.1421663761138916,-1.905968189239502,56000
20250902_155754,1.327440857887268,2.1116645336151123,-1.8028173446655273,56000
20250902_155754,1.4862991571426392,2.0506203174591064,-2.508596181869507,56000
20250902_155754,1.3382830619812012,2.07179856300354,-2.705108404159546,56000
20250902_155754,1.181257724761963,2.119966983795166,-1.9217174053192139,56000
20250902_155754,1.3065521717071533,2.067897081375122,-2.132617950439453,56000
20250902_155754,1.2808796167373657,2.0754849910736084,-2.2485132217407227,56000
20250902_155754,1.3947607278823853,2.129305839538574,-4.159509658813477,56000
20250902_155754,1.0376330614089966,2.1978747844696045,-15.0,56000
20250902_155754,1.430891990661621,2.2744715213775635,-15.0,56000
20250902_155754,0.9258702397346497,1.9311139583587646,-15.0,56000
20250902_155754,1.3610824346542358,2.0727171897888184,-15.0,56000
20250902_155754,1.326560378074646,2.0674965381622314,-15.0,56000
20250902_155754,1.1074838638305664,1.9982843399047852,-15.0,56000
20250902_155754,2.0548226833343506,2.9771487712860107,-15.0,56000
20250902_155754,1.0624783039093018,1.750492811203003,-15.0,56000
20250902_155754,1.2079373598098755,1.795862078666687,-15.0,56000
20250902_155754,1.168586254119873,1.903583288192749,-15.0,56000
20250902_155754,1.1634145975112915,1.9548732042312622,-15.0,56000
20250902_155754,1.2002979516983032,1.9854661226272583,-15.0,56000
20250902_155754,1.252184271812439,2.0562336444854736,-15.0,56000
20250902_155754,1.1725823879241943,2.033095359802246,-15.0,56000
20250902_155755,1.1812734603881836,1.9224053621292114,-15.0,56000
20250902_155755,1.0764504671096802,1.751098394393921,-15.0,56000
20250902_155755,1.0371347665786743,1.907556176185608,-15.0,56000
20250902_155755,1.1072306632995605,1.8947161436080933,-15.0,56000
20250902_155755,1.2779803276062012,1.8305548429489136,-15.0,56000
20250902_155755,1.1062548160552979,1.8844736814498901,-15.0,56000
20250902_155755,1.1550270318984985,1.9536410570144653,-15.0,56000
20250902_155755,1.1273505687713623,1.8835594654083252,-15.0,56000
20250902_155755,1.0287035703659058,2.0737674236297607,-15.0,56000
20250902_155755,0.860206663608551,1.691101312637329,-15.0,56000
20250902_155755,1.1184046268463135,1.869690179824829,-15.0,56000
20250902_155755,0.9538613557815552,1.8673138618469238,-15.0,56000
20250902_155755,1.0108898878097534,1.8497847318649292,-15.0,56000
20250902_155755,1.0310957431793213,1.8788723945617676,-15.0,56000
20250902_155755,1.0587610006332397,1.927017331123352,-15.0,56000
20250902_155755,1.0695165395736694,1.9518978595733643,-15.0,56000
20250902_155755,1.103403091430664,1.965861439704895,-15.0,56000
20250902_155755,1.1699695587158203,1.9515448808670044,-15.0,56000
20250902_155755,1.177131175994873,1.925694227218628,-15.0,56000
20250902_155755,1.1118696928024292,1.9515280723571777,-15.0,56000
20250902_155755,1.1418009996414185,1.956672191619873,-15.0,56000
20250902_155755,1.1103410720825195,1.9610213041305542,-15.0,56000
20250902_155755,1.1964950561523438,2.01513934135437,-15.0,56000
20250902_155755,1.2029296159744263,2.064079999923706,-15.0,56000
20250902_155755,1.2625129222869873,2.098478078842163,-15.0,56000
20250902_155755,1.239140272140503,2.1385674476623535,-15.0,56000
20250902_155755,1.2803887128829956,2.231703758239746,-15.0,56000
20250902_155755,1.2667596340179443,2.1306493282318115,-15.0,56000
20250902_155755,1.3013603687286377,2.1414623260498047,-15.0,56000
20250902_155755,1.2762774229049683,2.0886075496673584,-15.0,56000
20250902_155755,1.2930386066436768,2.1378791332244873,-15.0,56000
20250902_155755,1.3760755062103271,2.1507503986358643,-15.0,56000
20250902_155755,1.2108546495437622,2.148787021636963,-15.0,56000
20250902_155755,1.3431183099746704,2.175264358520508,-15.0,56000
20250902_155755,1.39499831199646,2.1884024143218994,-15.0,56000
20250902_155755,1.3457984924316406,2.202960729598999,-15.0,56000
20250902_155755,1.3801226615905762,2.2127182483673096,-15.0,56000
20250902_155755,1.3771554231643677,2.2406325340270996,-15.0,56000
20250902_155755,1.3607361316680908,2.1915059089660645,-15.0,56000
20250902_155755,1.4022105932235718,2.1385297775268555,-15.0,56000
20250902_155755,1.3007255792617798,2.1940317153930664,-15.0,56000
20250902_155755,1.3825263977050781,2.158546209335327,-15.0,56000
20250902_155755,1.3197567462921143,2.153090000152588,-15.0,56000
