time_s,x,y,z,x_error,y_error,z_error,yaw,pitch,roll,yaw_command,pitch_command,roll_command,thrust_command,pitch_cmd_p,pitch_cmd_i,pitch_cmd_d,roll_cmd_p,roll_cmd_i,roll_cmd_d,thrust_cmd_p,thrust_cmd_i,thrust_cmd_d
20251024_131636.606599,1.0119863748550415,0.06559041887521744,0.987853467464447,-0.011986374855041504,0.9344095587730408,0.012146532535552979,86.5019760131836,-71.89270782470703,105.9180908203125,15.0,-0.10690286010503769,-0.09052814543247223,44000,-0.07814854383468628,-0.008336478844285011,0.0803917646408081,-0.07860183715820312,-0.008996670134365559,-0.07010221481323242,24292.603515625,537.24658203125,-125.8492431640625
20251024_131636.607568,1.0120925903320312,0.06566907465457916,0.987977147102356,-0.01209259033203125,0.934330940246582,0.012022852897644043,86.35883331298828,-72.57683563232422,105.26607513427734,15.0,-0.006093258038163185,-0.15770071744918823,44000,-0.07799938321113586,-0.008480614982545376,0.014916062355041504,-0.07878082990646362,-0.009154052473604679,-0.01817464828491211,24290.693359375,546.5895385742188,-117.61188507080078
20251024_131636.608400,1.0121201276779175,0.06574258208274841,0.9880000948905945,-0.01212012767791748,0.9342573881149292,0.011999905109405518,86.33856201171875,-72.5954818725586,105.20620727539062,15.0,-0.07156393676996231,-0.10610952973365784,44000,-0.07790601253509521,-0.008624527603387833,0.009337067604064941,-0.07872271537780762,-0.0093115558847785,0.005900859832763672,24291.33984375,555.9321899414062,39.79206085205078
20251024_131636.609221,1.0121111869812012,0.06571771204471588,0.9880144596099854,-0.012111186981201172,0.9342823028564453,0.011985540390014648,86.34571075439453,-71.95994567871094,105.75480651855469,15.0,-0.0771934762597084,-0.08213341236114502,44000,-0.07818186283111572,-0.008768608793616295,-0.02758502960205078,-0.07854217290878296,-0.009468820877373219,0.01833200454711914,24292.09375,565.2752075195312,46.36049270629883
20251024_131636.610052,1.0120834112167358,0.06568873673677444,0.9879720211029053,-0.01208341121673584,0.9343112707138062,0.012027978897094727,86.3541259765625,-72.07132720947266,105.77796936035156,15.0,-0.11453550308942795,-0.06967899203300476,44000,-0.07882615923881531,-0.008913539350032806,-0.0644296407699585,-0.07795017957687378,-0.009625313803553581,0.06011009216308594,24293.83984375,574.61865234375,107.45525360107422
20251024_131636.610866,1.011992335319519,0.06562157720327377,0.9878728985786438,-0.011992335319519043,0.934378445148468,0.012127101421356201,86.42122650146484,-71.98606872558594,105.86717987060547,15.0,-0.1521693468093872,-0.027465401217341423,44000,-0.07877850532531738,-0.009059020318090916,0.0047653913497924805,-0.07788276672363281,-0.009781146422028542,0.006844997406005859,24295.34375,583.9627075195312,92.58985900878906
20251024_131636.612144,1.0119819641113281,0.06556370854377747,0.9878802299499512,-0.011981964111328125,0.9344363212585449,0.012119770050048828,86.46900177001953,-71.88060760498047,105.97230529785156,15.0,-0.08307213336229324,-0.08081891387701035,44000,-0.07876184582710266,-0.009204442612826824,0.001665949821472168,-0.07797574996948242,-0.009937005117535591,-0.009441375732421875,24294.3359375,593.306884765625,-62.024593353271484
20251024_131636.613220,1.0119962692260742,0.06560247391462326,0.9878827929496765,-0.011996269226074219,0.9343975186347961,0.012117207050323486,86.51835632324219,-72.08744049072266,105.68610382080078,15.0,-0.0863003358244896,-0.09735412895679474,44000,-0.07806524634361267,-0.00934920646250248,0.06965994834899902,-0.07864987850189209,-0.01009363029152155,-0.0684499740600586,24291.37890625,602.6502685546875,-181.996826171875
20251024_131636.614099,1.0120999813079834,0.0657162219285965,0.9879899621009827,-0.012099981307983398,0.9342837929725647,0.012010037899017334,86.38899230957031,-71.93494415283203,105.85529327392578,15.0,-0.017754504457116127,-0.15719348192214966,44000,-0.0779629647731781,-0.009493231773376465,0.010228157043457031,-0.07874208688735962,-0.010251021943986416,-0.00936269760131836,24289.708984375,611.9927978515625,-102.77032470703125
20251024_131636.614942,1.01211416721344,0.06578045338392258,0.9880056977272034,-0.012114167213439941,0.9342195391654968,0.01199430227279663,86.33784484863281,-72.84677124023438,104.84607696533203,15.0,-0.07722803950309753,-0.09835580736398697,44000,-0.07886102795600891,-0.009637992829084396,-0.08980631828308105,-0.07803076505661011,-0.010407795198261738,0.07222652435302734,24292.830078125,621.3355712890625,192.14154052734375
20251024_131636.615943,1.0120047330856323,0.06566036492586136,0.987867534160614,-0.012004733085632324,0.9343396425247192,0.012132465839385986,86.45282745361328,-71.7339096069336,106.05624389648438,15.0,-0.17830534279346466,-0.016212036833167076,44000,-0.07889434695243835,-0.009783613495528698,-0.003331899642944336,-0.0780075192451477,-0.010563833639025688,0.0023603439331054688,24294.44140625,630.6793212890625,99.18212890625
20251024_131636.616887,1.0120011568069458,0.06559837609529495,0.9878624081611633,-0.0120011568069458,0.9344016313552856,0.01213759183883667,86.43899536132812,-71.78274536132812,106.01829528808594,15.0,-0.09200985729694366,-0.08621101081371307,44000,-0.07895904779434204,-0.009929323568940163,-0.006470084190368652,-0.07793468236923218,-0.010719776153564453,0.007395744323730469,24294.62109375,640.0233154296875,10.967254638671875
20251024_131636.627156,1.011989951133728,0.06559152156114578,0.9878524541854858,-0.011989951133728027,0.9344084858894348,0.01214754581451416,86.41690063476562,-71.63324737548828,106.17124938964844,15.0,-0.0953584536910057,-0.08125871419906616,44000,-0.0787641704082489,-0.010074914433062077,0.019487738609313965,-0.0780036449432373,-0.010875714011490345,-0.007002353668212891,24294.197265625,649.3673706054688,-26.023387908935547
20251024_131636.637001,1.012000560760498,0.06560778617858887,0.9878824353218079,-0.012000560760498047,0.9343922138214111,0.012117564678192139,86.42295837402344,-71.75151062011719,106.052978515625,15.0,-0.06935134530067444,-0.09588171541690826,44000,-0.07796335220336914,-0.010219586081802845,0.08008182048797607,-0.07864212989807129,-0.011032359674572945,-0.06483078002929688,24290.908203125,658.7106323242188,-202.45314025878906
20251024_131636.646967,1.012098789215088,0.06573431938886642,0.9880056381225586,-0.01209878921508789,0.934265673160553,0.011994361877441406,86.2959213256836,-72.65493774414062,105.04923248291016,15.0,-0.008101117797195911,-0.15450526773929596,44000,-0.07822564244270325,-0.010363760404288769,-0.026229023933410645,-0.07902181148529053,-0.011190024204552174,-0.038552284240722656,24287.814453125,668.0526733398438,-190.317626953125
20251024_131636.656959,1.0121572017669678,0.06585326790809631,0.9879652857780457,-0.012157201766967773,0.9341467618942261,0.012034714221954346,86.20004272460938,-72.03584289550781,105.9790267944336,15.0,-0.11481842398643494,-0.12876412272453308,44000,-0.0787835419178009,-0.010508691892027855,-0.055789947509765625,-0.07809585332870483,-0.011347141116857529,0.09402036666870117,24291.4609375,677.3948974609375,224.3876495361328
20251024_131636.667153,1.0120147466659546,0.06571302562952042,0.9878794550895691,-0.01201474666595459,0.9342869520187378,0.012120544910430908,86.45419311523438,-72.25878143310547,105.51762390136719,15.0,-0.14508217573165894,0.004577371757477522,44000,-0.07884824275970459,-0.010654198005795479,-0.006470084190368652,-0.07786107063293457,-0.011503098532557487,0.023839473724365234,24293.48828125,686.7380981445312,124.71675872802734
20251024_131636.677031,1.0119786262512207,0.0656350776553154,0.9878695011138916,-0.011978626251220703,0.934364914894104,0.012130498886108398,86.46099853515625,-71.6160888671875,106.27272033691406,15.0,-0.09597252309322357,-0.06552469730377197,44000,-0.0788184106349945,-0.010799736715853214,0.0029832124710083008,-0.07797729969024658,-0.011658936738967896,-0.011801719665527344,24295.177734375,696.0820922851562,103.98626708984375
20251024_131636.687457,1.0119965076446533,0.06557008624076843,0.9878740906715393,-0.01199650764465332,0.9344298839569092,0.012125909328460693,86.48004150390625,-71.54411315917969,106.29646301269531,15.0,-0.08663493394851685,-0.10143795609474182,44000,-0.0780113935470581,-0.010944502428174019,0.08070170879364014,-0.07859718799591064,-0.011815511621534824,-0.0629425048828125,24294.044921875,705.4262084960938,-69.66590881347656
20251024_131636.697340,1.012091875076294,0.06561362743377686,0.9879982471466064,-0.012091875076293945,0.9343863725662231,0.012001752853393555,86.42041778564453,-72.06866455078125,105.68570709228516,15.0,-0.008254187181591988,-0.153355211019516,44000,-0.07807067036628723,-0.011088578961789608,-0.005927681922912598,-0.07864755392074585,-0.011972756125032902,-0.005114078521728516,24291.421875,714.76953125,-161.46897888183594
20251024_131636.707238,1.0120996236801147,0.06571454554796219,0.9879891276359558,-0.012099623680114746,0.9342854619026184,0.01201087236404419,86.3434829711914,-72.47306060791016,105.34551239013672,15.0,-0.09508693218231201,-0.09573438763618469,44000,-0.07804936170578003,-0.011232689023017883,0.002130866050720215,-0.0787351131439209,-0.012130138464272022,-0.008890628814697266,24290.845703125,724.1123046875,-35.42900085449219
20251024_131636.717303,1.012113094329834,0.06573668867349625,0.9879924058914185,-0.012113094329833984,0.934263288974762,0.012007594108581543,86.36518096923828,-72.43629455566406,105.30426788330078,15.0,-0.0871511846780777,-0.09975588321685791,44000,-0.07879555225372314,-0.011377469636499882,-0.07461905479431152,-0.07809585332870483,-0.01228696946054697,0.06490945816040039,24291.478515625,733.4550170898438,38.933753967285156
20251024_131636.727336,1.0120147466659546,0.0657123550772667,0.987877607345581,-0.01201474666595459,0.9342876672744751,0.012122392654418945,86.38481903076172,-72.4334945678711,105.46920776367188,15.0,-0.16479207575321198,-0.02547336556017399,44000,-0.07878625392913818,-0.011522929184138775,0.0009298324584960938,-0.07796335220336914,-0.012443028390407562,0.013453960418701172,24294.15234375,742.7984008789062,164.58035278320312
20251024_131636.737495,1.0119943618774414,0.06560949236154556,0.9878790378570557,-0.011994361877441406,0.9343904852867126,0.012120962142944336,86.50607299804688,-71.74668884277344,106.02718353271484,15.0,-0.08937934786081314,-0.07695242017507553,44000,-0.07874131202697754,-0.011668339371681213,0.004494190216064453,-0.07783937454223633,-0.012598831206560135,0.0125885009765625,24294.697265625,752.1424560546875,33.42628479003906
20251024_131636.747378,1.0119752883911133,0.06558860093355179,0.9878859519958496,-0.011975288391113281,0.9344114065170288,0.01211404800415039,86.5323486328125,-71.27394104003906,106.66405487060547,15.0,-0.0859154611825943,-0.07784970849752426,44000,-0.07883507013320923,-0.011813794262707233,-0.009375810623168945,-0.07790911197662354,-0.01275458000600338,-0.007081031799316406,24293.25390625,761.4862670898438,-88.76323699951172
20251024_131636.757342,1.0119860172271729,0.06564407795667648,0.987871527671814,-0.011986017227172852,0.9343559145927429,0.012128472328186035,86.47290802001953,-72.15848541259766,105.63009643554688,15.0,-0.10002467781305313,-0.09774472564458847,44000,-0.07796335220336914,-0.0119585320353508,0.08717179298400879,-0.07857859134674072,-0.012911067344248295,-0.0679779052734375,24291.013671875,770.8294067382812,-137.81785583496094
20251024_131636.767398,1.0120890140533447,0.06573021411895752,0.9880056381225586,-0.012089014053344727,0.9342697858810425,0.011994361877441406,86.33056640625,-72.42256927490234,105.33273315429688,15.0,-0.002750090789049864,-0.15946756303310394,44000,-0.07875564694404602,-0.012103195302188396,-0.07922947406768799,-0.07797110080718994,-0.013067617081105709,0.06168365478515625,24291.599609375,780.1722412109375,36.03696823120117
20251024_131636.777389,1.011995553970337,0.06570769101381302,0.9878837466239929,-0.011995553970336914,0.9342923164367676,0.01211625337600708,86.41016387939453,-71.93876647949219,105.915283203125,15.0,-0.17008832097053528,-0.029355064034461975,44000,-0.0789237916469574,-0.012248745188117027,-0.016814470291137695,-0.07805711030960083,-0.013223645277321339,-0.008733272552490234,24292.88671875,789.515380859375,79.21456909179688
20251024_131636.787398,1.012008786201477,0.06565818190574646,0.9878578782081604,-0.01200878620147705,0.9343417882919312,0.0121421217918396,86.41942596435547,-72.14324951171875,105.71438598632812,15.0,-0.10798700898885727,-0.10001403093338013,44000,-0.07897841930389404,-0.012394501827657223,-0.005462765693664551,-0.07800054550170898,-0.013379703275859356,0.005743503570556641,24293.525390625,798.8589477539062,39.267539978027344
20251024_131636.797405,1.0120000839233398,0.06563363969326019,0.9878494739532471,-0.012000083923339844,0.9343663454055786,0.01215052604675293,86.44237518310547,-72.17871856689453,105.6636962890625,15.0,-0.09683568775653839,-0.08563674241304398,44000,-0.07882693409919739,-0.01254016812890768,0.015148520469665527,-0.07780838012695312,-0.01353551261126995,0.019512176513671875,24294.203125,808.2026977539062,41.747093200683594
20251024_131636.807255,1.0119705200195312,0.06560754776000977,0.9878727793693542,-0.01197052001953125,0.9343924522399902,0.012127220630645752,86.54825592041016,-71.95911407470703,105.84744262695312,15.0,-0.07621858268976212,-0.07183171808719635,44000,-0.07796761393547058,-0.012684901244938374,0.08593201637268066,-0.07847321033477783,-0.013691794127225876,-0.0675058364868164,24294.109375,817.546630859375,-5.757808685302734
20251024_131636.817360,1.0120728015899658,0.06561114639043808,0.9880049824714661,-0.01207280158996582,0.9343888759613037,0.011995017528533936,86.42950439453125,-71.56597137451172,106.3393325805664,15.0,-0.0047204988077282906,-0.1596708446741104,44000,-0.07866460084915161,-0.012829485349357128,-0.06969869136810303,-0.07811057567596436,-0.013848377391695976,0.03682136535644531,24291.560546875,826.8900146484375,-156.93902587890625
20251024_131636.827410,1.012017011642456,0.06570923328399658,0.9878977537155151,-0.012017011642456055,0.9342907667160034,0.012102246284484863,86.4101333618164,-72.00117492675781,105.9173812866211,15.0,-0.16119277477264404,-0.05513758957386017,44000,-0.07865297794342041,-0.012974700890481472,0.0011622905731201172,-0.07814621925354004,-0.014004634693264961,-0.0036191940307617188,24291.4609375,836.23291015625,-6.139278411865234
20251024_131636.837445,1.0120224952697754,0.065713070333004,0.9878995418548584,-0.01202249526977539,0.9342869520187378,0.012100458145141602,86.37904357910156,-72.26586151123047,105.57726287841797,15.0,-0.09046538919210434,-0.09577004611492157,44000,-0.0789044201374054,-0.013120139017701149,-0.025144219398498535,-0.07800441980361938,-0.014160784892737865,0.01439809799194336,24292.7109375,845.5760498046875,76.94960021972656
20251024_131636.847317,1.0120006799697876,0.06566497683525085,0.9878608584403992,-0.012000679969787598,0.9343349933624268,0.01213914155960083,86.3676986694336,-72.06907653808594,105.6756820678711,15.0,-0.11716877669095993,-0.07776710391044617,44000,-0.07884708046913147,-0.013265755958855152,0.005733966827392578,-0.07800596952438354,-0.014316795393824577,-0.00015735626220703125,24293.935546875,854.9196166992188,75.41179656982422
20251024_131636.857252,1.0120009183883667,0.06561784446239471,0.9878696799278259,-0.0120009183883667,0.9343821406364441,0.012130320072174072,86.44538879394531,-72.26248931884766,105.50486755371094,15.0,-0.08637887239456177,-0.0924801230430603,44000,-0.07879245281219482,-0.013411268591880798,0.005462765693664551,-0.07800906896591187,-0.014472810551524162,-0.0003147125244140625,24293.525390625,864.2633666992188,-25.284290313720703
20251024_131636.867298,1.012001395225525,0.06563364714384079,0.9878780841827393,-0.012001395225524902,0.9343663454055786,0.012121915817260742,86.47232818603516,-71.83137512207031,105.98736572265625,15.0,-0.08674095571041107,-0.09279659390449524,44000,-0.07867389917373657,-0.01355662290006876,0.011855363845825195,-0.07797032594680786,-0.014628789387643337,0.003933906555175781,24292.55078125,873.6068115234375,-59.93843078613281
20251024_131636.877336,1.0119954347610474,0.06567110866308212,0.9878963232040405,-0.011995434761047363,0.9343289136886597,0.012103676795959473,86.4351577758789,-71.67711639404297,106.14817810058594,15.0,-0.08037515729665756,-0.08866520971059799,44000,-0.0780191421508789,-0.013701261952519417,0.0654757022857666,-0.0787041187286377,-0.01478546392172575,-0.0745081901550293,24291.88671875,882.9500122070312,-40.94839096069336
20251024_131636.887396,1.012108325958252,0.06569670140743256,0.9879970550537109,-0.012108325958251953,0.9343032836914062,0.012002944946289062,86.37039947509766,-72.0320816040039,105.70919036865234,15.0,-0.02624470181763172,-0.16799777746200562,44000,-0.07798776030540466,-0.01384526863694191,0.0031381845474243164,-0.0787854790687561,-0.014942954294383526,-0.00826120376586914,24291.310546875,892.2929077148438,-35.34555435180664
20251024_131636.897315,1.0121208429336548,0.06571879237890244,0.9880018830299377,-0.012120842933654785,0.9342812299728394,0.011998116970062256,86.41183471679688,-72.10749053955078,105.6087646484375,15.0,-0.08869484066963196,-0.10198963433504105,44000,-0.07815474271774292,-0.013989400118589401,-0.016698241233825684,-0.07867622375488281,-0.015100415796041489,0.011093616485595703,24292.978515625,901.6360473632812,102.60343933105469
20251024_131636.906858,1.0121040344238281,0.06565466523170471,0.9879761934280396,-0.012104034423828125,0.9343453645706177,0.01202380657196045,86.41790771484375,-71.61995697021484,106.12619018554688,15.0,-0.1088423877954483,-0.0826830193400383,44000,-0.07884746789932251,-0.014134325087070465,-0.06927251815795898,-0.07804703712463379,-0.015257138758897781,0.06388664245605469,24294.580078125,910.9797973632812,98.5860824584961
20251024_131636.917199,1.012007236480713,0.06559304893016815,0.9878696203231812,-0.01200723648071289,0.9344069361686707,0.012130379676818848,86.55078125,-71.62191772460938,106.27137756347656,15.0,-0.16225431859493256,-0.029417533427476883,44000,-0.0787816047668457,-0.01427982933819294,0.006586313247680664,-0.07796645164489746,-0.015413152053952217,0.008182525634765625,24293.12109375,920.3236083984375,-89.8122787475586
20251024_131636.927271,1.0119948387145996,0.06564918160438538,0.987879753112793,-0.01199483871459961,0.934350848197937,0.012120246887207031,86.43868255615234,-71.49748229980469,106.33360290527344,15.0,-0.08647511899471283,-0.0851970762014389,44000,-0.07803618907928467,-0.014424583874642849,0.07454156875610352,-0.07869094610214233,-0.015569809824228287,-0.07356405258178711,24291.54296875,929.6668090820312,-97.07212829589844
20251024_131636.937206,1.0121062994003296,0.06570985168218613,0.9879944324493408,-0.01210629940032959,0.9342901706695557,0.01200556755065918,86.31034088134766,-72.57408142089844,105.12454986572266,15.0,-0.017919205129146576,-0.16782480478286743,44000,-0.07864639163017273,-0.01456921361386776,-0.06102025508880615,-0.07803928852081299,-0.015726540237665176,0.06616830825805664,24291.607421875,939.0097045898438,3.910064697265625
20251024_131636.947260,1.0120060443878174,0.06570740789175034,0.9879005551338196,-0.012006044387817383,0.9342926144599915,0.01209944486618042,86.4704360961914,-71.8236083984375,105.94847869873047,15.0,-0.1542358547449112,-0.027597520500421524,44000,-0.07887420058250427,-0.014714617282152176,-0.022780895233154297,-0.07807028293609619,-0.015882650390267372,-0.003147125244140625,24292.55078125,948.3528442382812,58.10260772705078
20251024_131636.957265,1.0120108127593994,0.06567109376192093,0.9878655076026917,-0.012010812759399414,0.9343289136886597,0.01213449239730835,86.49933624267578,-71.65028381347656,106.23238372802734,15.0,-0.11636971682310104,-0.09710005670785904,44000,-0.0788145363330841,-0.014860176481306553,0.0059664249420166016,-0.07794785499572754,-0.016038667410612106,0.012431144714355469,24292.068359375,957.696044921875,-29.706954956054688
20251024_131636.967248,1.0119919776916504,0.06568966060876846,0.9878746867179871,-0.01199197769165039,0.9343103170394897,0.01212531328201294,86.39126586914062,-71.86299896240234,105.95726776123047,15.0,-0.08770828694105148,-0.08155538141727448,44000,-0.07873046398162842,-0.01500560250133276,0.008407235145568848,-0.07805866003036499,-0.016194675117731094,-0.011250972747802734,24294.2109375,967.03955078125,131.85739135742188
20251024_131636.977271,1.0120090246200562,0.06560724973678589,0.9878876209259033,-0.012009024620056152,0.9343927502632141,0.01211237907409668,86.44309997558594,-72.04493713378906,105.77718353271484,15.0,-0.0853288322687149,-0.10550430417060852,44000,-0.0789082944393158,-0.015151115134358406,-0.017783045768737793,-0.07805323600769043,-0.01635078527033329,0.0005507469177246094,24293.48828125,976.38330078125,-44.56043243408203
20251024_131636.987236,1.0120081901550293,0.06563510000705719,0.9878602623939514,-0.012008190155029297,0.934364914894104,0.012139737606048584,86.35713195800781,-72.23011779785156,105.54885864257812,15.0,-0.11184245347976685,-0.09385327249765396,44000,-0.07872852683067322,-0.015296625904738903,0.017976760864257812,-0.07816481590270996,-0.01650700345635414,-0.01132965087890625,24292.09765625,985.7266845703125,-85.52074432373047
20251024_131636.997342,1.0120253562927246,0.06568855047225952,0.9878879189491272,-0.01202535629272461,0.9343114495277405,0.012112081050872803,86.4425277709961,-72.47044372558594,105.25839233398438,15.0,-0.07604838907718658,-0.10600147396326065,44000,-0.07802379131317139,-0.015441320836544037,0.0704735517501831,-0.07874053716659546,-0.01666390895843506,-0.05845785140991211,24290.271484375,995.0694580078125,-112.42628479003906
20251024_131637.007294,1.0121139287948608,0.06575881689786911,0.9879963397979736,-0.01211392879486084,0.9342411756515503,0.012003660202026367,86.31621551513672,-73.095947265625,104.59565734863281,15.0,-0.022991560399532318,-0.15386229753494263,44000,-0.07873666286468506,-0.015586022287607193,-0.07128715515136719,-0.07802146673202515,-0.016820671036839485,0.0730133056640625,24293.146484375,1004.4124145507812,177.001953125
20251024_131637.017170,1.0120033025741577,0.06564819067716599,0.9878866672515869,-0.012003302574157715,0.9343518018722534,0.012113332748413086,86.47502136230469,-72.11601257324219,105.70942687988281,15.0,-0.16560983657836914,-0.02182883210480213,44000,-0.07891759276390076,-0.01573154889047146,-0.018092989921569824,-0.07794862985610962,-0.01697664149105549,0.007395744323730469,24293.650390625,1013.7560424804688,31.01825714111328
20251024_131637.027222,1.01199209690094,0.06562880426645279,0.9878588318824768,-0.011992096900939941,0.9343711733818054,0.012141168117523193,86.48578643798828,-72.05076599121094,105.80612182617188,15.0,-0.11274213343858719,-0.08752952516078949,44000,-0.0788184106349945,-0.015877151861786842,0.009918212890625,-0.07803696393966675,-0.017132626846432686,-0.008969306945800781,24294.21484375,1023.099853515625,34.64221954345703
20251024_131637.037660,1.0120056867599487,0.06560715287923813,0.9878740906715393,-0.01200568675994873,0.9343928694725037,0.012125909328460693,86.48348999023438,-71.66312408447266,106.12628936767578,15.0,-0.0847773477435112,-0.10413889586925507,44000,-0.07875952124595642,-0.016022609546780586,0.005888938903808594,-0.07797342538833618,-0.017288638278841972,0.006451606750488281,24293.86328125,1032.4437255859375,-21.564960479736328
20251024_131637.047293,1.0119959115982056,0.06562063097953796,0.9878831505775452,-0.011995911598205566,0.9343793392181396,0.012116849422454834,86.458251953125,-71.6884994506836,106.1144790649414,15.0,-0.08889319002628326,-0.08881045877933502,44000,-0.07805129885673523,-0.016167357563972473,0.07082223892211914,-0.07867312431335449,-0.017445284873247147,-0.07104635238647461,24291.958984375,1041.787109375,-117.24234008789062
20251024_131637.057041,1.01210355758667,0.06569390743970871,0.9879921078681946,-0.012103557586669922,0.9343060851097107,0.01200789213180542,86.42953491210938,-72.00479125976562,105.80487823486328,15.0,-0.023396417498588562,-0.16716475784778595,44000,-0.07818186283111572,-0.01631157286465168,-0.013056397438049316,-0.07879245281219482,-0.017602749168872833,-0.012116432189941406,24291.087890625,1051.1300048828125,-53.560733795166016
20251024_131637.067328,1.0121219158172607,0.06572738289833069,0.9879720211029053,-0.012121915817260742,0.9342726469039917,0.012027978897094727,86.3077621459961,-73.06240844726562,104.70624542236328,15.0,-0.10754983127117157,-0.10851163417100906,44000,-0.078165203332901,-0.016455892473459244,0.001665949821472168,-0.07881724834442139,-0.01776035875082016,-0.0025177001953125,24291.783203125,1060.472900390625,42.73653030395508
20251024_131637.077912,1.0121257305145264,0.06570067256689072,0.9879745841026306,-0.012125730514526367,0.9342993497848511,0.012025415897369385,86.3334732055664,-72.53712463378906,105.29912567138672,15.0,-0.09295514971017838,-0.09909530729055405,44000,-0.07882151007652283,-0.016600804403424263,-0.06563067436218262,-0.07778900861740112,-0.0179169662296772,0.10440587997436523,24293.20703125,1069.816162109375,87.71419525146484
20251024_131637.087660,1.0119675397872925,0.06564585119485855,0.9878736138343811,-0.01196753978729248,0.9343541264533997,0.012126386165618896,86.50643920898438,-71.78144836425781,106.12298583984375,15.0,-0.16105298697948456,0.008699906058609486,44000,-0.07871845364570618,-0.016746224835515022,0.010305643081665039,-0.07776886224746704,-0.018072523176670074,0.0020456314086914062,24294.541015625,1079.1600341796875,82.03983306884766
20251024_131637.097626,1.0119644403457642,0.06559457629919052,0.9878894686698914,-0.01196444034576416,0.9344054460525513,0.012110531330108643,86.47655487060547,-71.04265594482422,106.86595153808594,15.0,-0.08515903353691101,-0.09379575401544571,44000,-0.07870915532112122,-0.016891542822122574,0.0009298324584960938,-0.07795947790145874,-0.018228251487016678,-0.019354820251464844,24293.404296875,1088.5037841796875,-69.89241027832031
20251024_131637.107566,1.0119937658309937,0.06563825905323029,0.987890899181366,-0.011993765830993652,0.9343617558479309,0.012109100818634033,86.542236328125,-70.88871002197266,106.89283752441406,15.0,-0.0946708619594574,-0.11554255336523056,44000,-0.07802340388298035,-0.01703621819615364,0.06857514381408691,-0.07864212989807129,-0.01838485337793827,-0.06931543350219727,24291.978515625,1097.84716796875,-87.76187896728516
20251024_131637.117122,1.012098789215088,0.06569311022758484,0.9879963994026184,-0.01209878921508789,0.9343068599700928,0.012003600597381592,86.39449310302734,-72.3819351196289,105.39370727539062,15.0,-0.026484478265047073,-0.16634242236614227,44000,-0.07808887958526611,-0.017180321738123894,-0.00654757022857666,-0.07868707180023193,-0.018542183563113213,-0.004563331604003906,24290.8203125,1107.18994140625,-71.26331329345703
20251024_131637.126840,1.0121057033538818,0.06573764979839325,0.9879863262176514,-0.012105703353881836,0.9342623353004456,0.012013673782348633,86.29551696777344,-72.31095886230469,105.41910552978516,15.0,-0.10181677341461182,-0.1017925888299942,44000,-0.07824036478996277,-0.017324626445770264,-0.015148520469665527,-0.07874518632888794,-0.018699614331126213,-0.005900859832763672,24290.458984375,1116.5325927734375,-22.31597900390625
20251024_131637.137404,1.0121146440505981,0.06575159728527069,0.9879630208015442,-0.012114644050598145,0.9342483878135681,0.01203697919845581,86.33643341064453,-73.0197525024414,104.73485565185547,15.0,-0.11071351170539856,-0.10334566235542297,44000,-0.07815280556678772,-0.01746898889541626,0.008755922317504883,-0.07863283157348633,-0.018856992945075035,0.011408329010009766,24293.603515625,1125.8756103515625,193.59588623046875
20251024_131637.147223,1.0120973587036133,0.06563059985637665,0.9879764914512634,-0.012097358703613281,0.9343693852424622,0.012023508548736572,86.36998748779297,-72.2012710571289,105.52041625976562,15.0,-0.0868658721446991,-0.08608149737119675,44000,-0.07879206538200378,-0.017613861709833145,-0.06392598152160645,-0.07795017957687378,-0.019013576209545135,0.06931543350219727,24295.744140625,1135.2197265625,131.71434020996094
20251024_131637.157164,1.011992335319519,0.06554827839136124,0.987878143787384,-0.011992335319519043,0.934451699256897,0.012121856212615967,86.50518035888672,-71.47734069824219,106.39360046386719,15.0,-0.16033190488815308,-0.02764832228422165,44000,-0.07865723967552185,-0.017759200185537338,0.01348257064819336,-0.07790213823318481,-0.019169427454471588,0.004878044128417969,24293.322265625,1144.5638427734375,-149.0712127685547
20251024_131637.167258,1.011984944343567,0.06564144790172577,0.9878988862037659,-0.011984944343566895,0.934358537197113,0.01210111379623413,86.48614501953125,-71.18074035644531,106.627685546875,15.0,-0.08293386548757553,-0.09219352155923843,44000,-0.0780210793018341,-0.017903825268149376,0.06361603736877441,-0.07864212989807129,-0.019325973466038704,-0.07513761520385742,24290.830078125,1153.9068603515625,-153.3865966796875
20251024_131637.177104,1.012098789215088,0.06573731452226639,0.9879967570304871,-0.01209878921508789,0.9342626929283142,0.01200324296951294,86.34986877441406,-72.20314025878906,105.55988311767578,15.0,-0.03230886906385422,-0.17310571670532227,44000,-0.07802689075469971,-0.018047869205474854,-0.0005811452865600586,-0.07871264219284058,-0.019483327865600586,-0.007159709930419922,24290.787109375,1163.24951171875,-2.6702880859375
20251024_131637.187258,1.012109637260437,0.0657389834523201,0.9879958629608154,-0.012109637260437012,0.9342610239982605,0.01200413703918457,86.38174438476562,-72.16007232666016,105.60433959960938,15.0,-0.09665590524673462,-0.10535567998886108,44000,-0.07825237512588501,-0.018192127346992493,-0.022548437118530273,-0.0786847472190857,-0.0196407251060009,0.0028324127197265625,24291.439453125,1172.59228515625,40.19737243652344
20251024_131637.197401,1.0121053457260132,0.06571386009454727,0.9879611730575562,-0.012105345726013184,0.9342861175537109,0.012038826942443848,86.35834503173828,-72.2544174194336,105.53999328613281,15.0,-0.11899293959140778,-0.09549305588006973,44000,-0.07832404971122742,-0.01833665929734707,-0.007167458534240723,-0.07858943939208984,-0.019797999411821365,0.009677410125732422,24291.341796875,1181.93505859375,-5.996227264404297
20251024_131637.207138,1.0120906829833984,0.06571760773658752,0.9879501461982727,-0.012090682983398438,0.9342824220657349,0.012049853801727295,86.33421325683594,-72.46463775634766,105.3350830078125,15.0,-0.10382816940546036,-0.08871002495288849,44000,-0.07880640029907227,-0.018481703475117683,-0.04823505878448486,-0.07797187566757202,-0.019954560324549675,0.06270647048950195,24293.470703125,1191.2783203125,131.03485107421875
20251024_131637.217175,1.0119956731796265,0.06563571095466614,0.9878759384155273,-0.011995673179626465,0.9343643188476562,0.012124061584472656,86.38636016845703,-72.62159729003906,105.2093505859375,15.0,-0.14552316069602966,-0.035219963639974594,44000,-0.07866111397743225,-0.01862705871462822,0.014528632164001465,-0.07782930135726929,-0.0201103612780571,0.014476776123046875,24294.54296875,1200.6221923828125,65.93466186523438
20251024_131637.227122,1.0119737386703491,0.06559450179338455,0.9878982901573181,-0.011973738670349121,0.934405505657196,0.012101709842681885,86.504150390625,-71.29856872558594,106.54627227783203,15.0,-0.08275953680276871,-0.08346288651227951,44000,-0.07799085974693298,-0.018771659582853317,0.06702542304992676,-0.07858014106750488,-0.02026677131652832,-0.07623910903930664,24293.068359375,1209.9659423828125,-90.70634460449219
20251024_131637.237181,1.0120892524719238,0.06565119326114655,0.9880014061927795,-0.012089252471923828,0.9343488216400146,0.011998593807220459,86.45269775390625,-71.726806640625,106.02518463134766,15.0,-0.029737096279859543,-0.17508602142333984,44000,-0.0786963701248169,-0.0189162939786911,-0.07055103778839111,-0.07809120416641235,-0.020423442125320435,0.04964590072631836,24291.484375,1219.30908203125,-97.53704071044922
20251024_131637.247201,1.0120140314102173,0.06571215391159058,0.9878928661346436,-0.012014031410217285,0.9342878460884094,0.012107133865356445,86.36597442626953,-72.32708740234375,105.46662902832031,15.0,-0.1681637018918991,-0.04886874556541443,44000,-0.07882228493690491,-0.019061695784330368,-0.01259148120880127,-0.07811754941940308,-0.02057965099811554,-0.0026750564575195312,24292.69921875,1228.6522216796875,74.82766723632812
20251024_131637.257115,1.012018084526062,0.06566538661718369,0.9878734946250916,-0.012018084526062012,0.9343346357345581,0.012126505374908447,86.45086669921875,-72.58522033691406,105.2549819946289,15.0,-0.11047546565532684,-0.10137225687503815,44000,-0.07825237512588501,-0.019206687808036804,0.056990981101989746,-0.07876765727996826,-0.020736536011099815,-0.06601095199584961,24292.21484375,1237.9954833984375,-29.897689819335938
20251024_131637.267256,1.0121181011199951,0.06568407267332077,0.9879611730575562,-0.012118101119995117,0.9343159198760986,0.012038826942443848,86.3651123046875,-72.70221710205078,105.03402709960938,15.0,-0.04046808183193207,-0.16551513969898224,44000,-0.078223317861557,-0.01935112662613392,0.002905726432800293,-0.07874518632888794,-0.020894048735499382,0.002281665802001953,24292.140625,1247.338623046875,-4.482269287109375
20251024_131637.277160,1.0121146440505981,0.06568687409162521,0.9879656434059143,-0.012114644050598145,0.9343131184577942,0.012034356594085693,86.318115234375,-72.65338897705078,105.09620666503906,15.0,-0.09466871619224548,-0.09735757112503052,44000,-0.07875525951385498,-0.01949603110551834,-0.05319416522979736,-0.07807958126068115,-0.021050874143838882,0.06758451461791992,24293.646484375,1256.68212890625,92.58985900878906
20251024_131637.287191,1.012012243270874,0.0656290054321289,0.9878838062286377,-0.012012243270874023,0.9343709945678711,0.012116193771362305,86.41222381591797,-71.92225646972656,105.87545776367188,15.0,-0.1514454483985901,-0.03154594078660011,44000,-0.0786983072757721,-0.019641371443867683,0.005695223808288574,-0.07788199186325073,-0.02120683528482914,0.020062923431396484,24293.3046875,1266.0257568359375,-21.05236053466797
20251024_131637.297188,1.0119818449020386,0.06564216315746307,0.9878925681114197,-0.011981844902038574,0.9343578219413757,0.012107431888580322,86.5072021484375,-71.12226867675781,106.77498626708984,15.0,-0.09264445304870605,-0.07902590185403824,44000,-0.0788087248802185,-0.019786763936281204,-0.011041760444641113,-0.0779416561126709,-0.021362658590078354,-0.006058216094970703,24292.60546875,1275.369140625,-43.010711669921875
20251024_131637.307143,1.011991024017334,0.06566904485225677,0.9878755807876587,-0.011991024017333984,0.934330940246582,0.012124419212341309,86.43250274658203,-72.3862533569336,105.46691131591797,15.0,-0.10963724553585052,-0.10536253452301025,44000,-0.07873395085334778,-0.019932188093662262,0.007477402687072754,-0.07811367511749268,-0.021518714725971222,-0.01746654510498047,24292.025390625,1284.71240234375,-35.60781478881836
20251024_131637.317087,1.0120174884796143,0.06569129973649979,0.9878870844841003,-0.012017488479614258,0.9343087077140808,0.012112915515899658,86.42232513427734,-71.88229370117188,105.8617935180664,15.0,-0.09118873625993729,-0.11709893494844437,44000,-0.07897105813026428,-0.020077761262655258,-0.02371072769165039,-0.0781438946723938,-0.021674972027540207,-0.0030684471130371094,24292.275390625,1294.0555419921875,15.377998352050781
20251024_131637.327047,1.0120221376419067,0.06568168848752975,0.9878506064414978,-0.012022137641906738,0.9343183040618896,0.012149393558502197,86.45466613769531,-72.36839294433594,105.43242645263672,15.0,-0.12275954335927963,-0.10288731008768082,44000,-0.07892689108848572,-0.02022351324558258,0.004416704177856445,-0.07797110080718994,-0.02183108776807785,0.017545223236083984,24292.2578125,1303.398681640625,-1.1444091796875
20251024_131637.337272,1.011995553970337,0.06568240374326706,0.9878574013710022,-0.011995553970336914,0.9343175888061523,0.012142598628997803,86.43717193603516,-72.06034088134766,105.76127624511719,15.0,-0.09473370015621185,-0.08225696533918381,44000,-0.07876649498939514,-0.02036907523870468,0.016039609909057617,-0.07805401086807251,-0.02198711223900318,-0.008418560028076172,24292.12890625,1312.7418212890625,-7.927417755126953
20251024_131637.347338,1.0120083093643188,0.06568735837936401,0.9878820776939392,-0.012008309364318848,0.934312641620636,0.012117922306060791,86.34107971191406,-72.59551239013672,105.19274139404297,15.0,-0.0830959603190422,-0.10845968127250671,44000,-0.07866188883781433,-0.020514395087957382,0.010460615158081055,-0.07801216840744019,-0.022143177688121796,0.004248619079589844,24293.6640625,1322.085205078125,94.4375991821289
20251024_131637.357323,1.012001872062683,0.06562833487987518,0.9878981709480286,-0.012001872062683105,0.9343716502189636,0.012101829051971436,86.441650390625,-71.56552124023438,106.26327514648438,15.0,-0.08871566504240036,-0.09590672701597214,44000,-0.07876378297805786,-0.020659711211919785,-0.010189414024353027,-0.07794630527496338,-0.022299136966466904,0.006687641143798828,24293.810546875,1331.428955078125,9.083747863769531
20251024_131637.367310,1.0119917392730713,0.06562265753746033,0.9878824949264526,-0.011991739273071289,0.9343773126602173,0.012117505073547363,86.45055389404297,-71.44034576416016,106.46031188964844,15.0,-0.10961290448904037,-0.09355779737234116,44000,-0.0787971019744873,-0.020805152133107185,-0.003331899642944336,-0.07802456617355347,-0.022455107420682907,-0.007946491241455078,24293.66015625,1340.772705078125,-9.250640869140625
20251024_131637.377266,1.012003779411316,0.06562843918800354,0.987877368927002,-0.012003779411315918,0.9343715906143188,0.012122631072998047,86.506591796875,-71.544189453125,106.3627700805664,15.0,-0.10293415188789368,-0.10842616856098175,44000,-0.07822912931442261,-0.02095009945333004,0.05679726600646973,-0.07872039079666138,-0.02261185273528099,-0.07065296173095703,24291.490234375,1350.1160888671875,-133.5620880126953
20251024_131637.387419,1.0121108293533325,0.06571191549301147,0.9879647493362427,-0.01211082935333252,0.9342880845069885,0.012035250663757324,86.36363220214844,-72.78822326660156,104.90690612792969,15.0,-0.04238196089863777,-0.1719852089881897,44000,-0.07871341705322266,-0.021094968542456627,-0.04842877388000488,-0.07821053266525269,-0.022768784314393997,0.05177021026611328,24292.419921875,1359.4591064453125,57.17277526855469
20251024_131637.397726,1.012032389640808,0.06567618250846863,0.9878902435302734,-0.012032389640808105,0.934323787689209,0.012109756469726562,86.42632293701172,-71.91075897216797,105.87577056884766,15.0,-0.14823715388774872,-0.0492091067135334,44000,-0.07816791534423828,-0.021239781752228737,0.0545501708984375,-0.07877540588378906,-0.02292576991021633,-0.05735635757446289,24291.16796875,1368.8021240234375,-77.0211181640625
20251024_131637.407095,1.0121192932128906,0.06572432070970535,0.9879741668701172,-0.012119293212890625,0.9342756867408752,0.012025833129882812,86.4056396484375,-72.63377380371094,105.08124542236328,15.0,-0.04485752806067467,-0.15905752778053284,44000,-0.07861191034317017,-0.021384501829743385,-0.04439949989318848,-0.07798117399215698,-0.02308252640068531,0.08064508438110352,24293.28515625,1378.145263671875,130.36727905273438
20251024_131637.416747,1.011997103691101,0.0656428411602974,0.9879058599472046,-0.011997103691101074,0.9343571662902832,0.01209414005279541,86.48204803466797,-71.6195297241211,106.19139099121094,15.0,-0.14439591765403748,-0.020418616011738777,44000,-0.0787079930305481,-0.021529721096158028,-0.009608268737792969,-0.07784789800643921,-0.023238355293869972,0.013532638549804688,24294.80859375,1387.4891357421875,93.66273498535156
20251024_131637.426783,1.0119765996932983,0.06558430194854736,0.9878910779953003,-0.01197659969329834,0.9344156980514526,0.012108922004699707,86.46315002441406,-71.65966796875,106.19037628173828,15.0,-0.10984598100185394,-0.08755361288785934,44000,-0.07889434695243835,-0.021675199270248413,-0.01863539218902588,-0.07784867286682129,-0.02339405193924904,-7.867813110351562e-05,24294.076171875,1396.8331298828125,-45.049190521240234
20251024_131637.437658,1.011976718902588,0.06561245769262314,0.9878624081611633,-0.01197671890258789,0.9343875646591187,0.01213759183883667,86.45158386230469,-71.52423858642578,106.33100128173828,15.0,-0.11920493841171265,-0.10132139921188354,44000,-0.07820162177085876,-0.02182021178305149,0.06927251815795898,-0.07870489358901978,-0.02355060540139675,-0.08693933486938477,24291.8671875,1406.1766357421875,-135.93435668945312
20251024_131637.447324,1.0121084451675415,0.06569741666316986,0.9879689812660217,-0.012108445167541504,0.934302568435669,0.012031018733978271,86.26370239257812,-73.23851776123047,104.52587890625,15.0,-0.03074931539595127,-0.18919482827186584,44000,-0.07840269804000854,-0.021964769810438156,-0.020107626914978027,-0.07915198802947998,-0.023708462715148926,-0.045397281646728516,24288.8046875,1415.51904296875,-188.446044921875
20251024_131637.456703,1.0121772289276123,0.06581519544124603,0.9879380464553833,-0.012177228927612305,0.9341847896575928,0.0120619535446167,86.26708984375,-72.2892074584961,105.72740936279297,15.0,-0.12047509104013443,-0.14825773239135742,44000,-0.0788850486278534,-0.02210995741188526,-0.04823505878448486,-0.07804858684539795,-0.02386566251516342,0.11203765869140625,24291.087890625,1424.861328125,140.54776000976562
20251024_131637.467399,1.012007474899292,0.0657273530960083,0.9878638386726379,-0.012007474899291992,0.9342726469039917,0.01213616132736206,86.38335418701172,-72.13953399658203,105.71454620361328,15.0,-0.14923006296157837,0.01012340933084488,44000,-0.07802882790565491,-0.02225480228662491,0.08562207221984863,-0.07853132486343384,-0.024022242054343224,-0.049016475677490234,24292.611328125,1434.204345703125,93.63890075683594
20251024_131637.477266,1.0120817422866821,0.06566882878541946,0.9879955649375916,-0.012081742286682129,0.9343311786651611,0.012004435062408447,86.4239730834961,-71.79574584960938,105.98987579345703,15.0,-0.014661557041108608,-0.15157003700733185,44000,-0.07876649498939514,-0.0223995354026556,-0.07376670837402344,-0.07793700695037842,-0.02417871169745922,0.060346126556396484,24294.080078125,1443.5479736328125,90.444091796875
20251024_131637.487049,1.0119903087615967,0.0656123012304306,0.9878820776939392,-0.01199030876159668,0.9343876838684082,0.012117922306060791,86.44857025146484,-72.17556762695312,105.64093017578125,15.0,-0.17493273317813873,-0.041769590228796005,44000,-0.07874441146850586,-0.02254492975771427,0.0022083520889282227,-0.07788896560668945,-0.024334536865353584,0.004878044128417969,24294.705078125,1452.8919677734375,38.4211540222168
20251024_131637.497792,1.0119829177856445,0.06558828800916672,0.9878854751586914,-0.011982917785644531,0.9344117045402527,0.012114524841308594,86.5107650756836,-71.93184661865234,105.89820861816406,15.0,-0.09908098727464676,-0.09734545648097992,44000,-0.07817992568016052,-0.022689783945679665,0.05644857883453369,-0.0785677433013916,-0.024490993469953537,-0.06892204284667969,24293.009765625,1462.2357177734375,-104.34388732910156
20251024_131637.506873,1.012087345123291,0.06565350294113159,0.9879723191261292,-0.012087345123291016,0.9343464970588684,0.01202768087387085,86.3738784790039,-72.06410217285156,105.73074340820312,15.0,-0.044421128928661346,-0.17198078334331512,44000,-0.07883468270301819,-0.022834720090031624,-0.0654757022857666,-0.07811367511749268,-0.024647675454616547,0.046105384826660156,24290.306640625,1471.57861328125,-166.2731170654297
20251024_131637.517280,1.0120174884796143,0.06575742363929749,0.9878715872764587,-0.012017488479614258,0.9342426061630249,0.01212841272354126,86.40947723388672,-71.98108673095703,105.75732421875,15.0,-0.16714510321617126,-0.056655965745449066,44000,-0.07879787683486938,-0.022980226203799248,0.003680586814880371,-0.07816559076309204,-0.024803955107927322,-0.005271434783935547,24290.927734375,1480.921142578125,38.170814514160156
20251024_131637.527301,1.0120254755020142,0.06573356688022614,0.9878772497177124,-0.01202547550201416,0.9342664480209351,0.012122750282287598,86.33824157714844,-72.92497253417969,104.81600952148438,15.0,-0.09809751808643341,-0.10824097692966461,44000,-0.07889202237129211,-0.0231257863342762,-0.00941455364227295,-0.07797574996948242,-0.024960095062851906,0.019276142120361328,24294.333984375,1490.2645263671875,209.66529846191406
20251024_131637.537627,1.0119962692260742,0.06560252606868744,0.987862765789032,-0.011996269226074219,0.9343974590301514,0.012137234210968018,86.56959533691406,-71.65957641601562,106.2039566040039,15.0,-0.11143236607313156,-0.08365970104932785,44000,-0.07882577180862427,-0.02327137254178524,0.006625056266784668,-0.07785797119140625,-0.025115929543972015,0.011959075927734375,24294.435546875,1499.6085205078125,6.175041198730469
20251024_131637.547319,1.0119781494140625,0.06559866666793823,0.9878729581832886,-0.0119781494140625,0.9344013333320618,0.012127041816711426,86.538330078125,-71.34666442871094,106.58692932128906,15.0,-0.09547208994626999,-0.09101482480764389,44000,-0.07879555225372314,-0.023416869342327118,0.0030219554901123047,-0.07790911197662354,-0.025271696969866753,-0.005192756652832031,24294.5703125,1508.9525146484375,8.356571197509766
20251024_131637.557056,1.0119860172271729,0.06559344381093979,0.987877607345581,-0.011986017227172852,0.934406578540802,0.012122392654418945,86.4231185913086,-71.8856430053711,105.95101928710938,15.0,-0.09919046610593796,-0.10837356746196747,44000,-0.07884049415588379,-0.02356237918138504,-0.004494190216064453,-0.07803928852081299,-0.025427645072340965,-0.013217926025390625,24293.5390625,1518.29638671875,-63.490867614746094
20251024_131637.567247,1.0120060443878174,0.065633125603199,0.9878706932067871,-0.012006044387817383,0.9343668818473816,0.01212930679321289,86.41658782958984,-71.92485046386719,105.84228515625,15.0,-0.10689706355333328,-0.11668486148118973,44000,-0.07887691259384155,-0.02370796538889408,-0.003641843795776367,-0.07816094160079956,-0.025583844631910324,-0.012352466583251953,24291.9921875,1527.6397705078125,-95.18861389160156
20251024_131637.577585,1.0120247602462769,0.06569261848926544,0.9878650903701782,-0.012024760246276855,0.9343073964118958,0.012134909629821777,86.41595458984375,-72.54427337646484,105.27890014648438,15.0,-0.10622671991586685,-0.11609725654125214,44000,-0.07848250865936279,-0.02385322004556656,0.03944039344787598,-0.0788048505783081,-0.025740811601281166,-0.06538152694702148,24288.564453125,1536.982177734375,-210.89315795898438
20251024_131637.587518,1.0121238231658936,0.06582442671060562,0.9879257678985596,-0.012123823165893555,0.9341755509376526,0.01207423210144043,86.21062469482422,-71.84542846679688,106.19770812988281,15.0,-0.06289533525705338,-0.1699271947145462,44000,-0.07809779047966003,-0.023997755721211433,0.03847181797027588,-0.07865452766418457,-0.025898270308971405,0.015263557434082031,24291.689453125,1546.3245849609375,192.2607421875
20251024_131637.597461,1.0121006965637207,0.06570426374673843,0.9879849553108215,-0.012100696563720703,0.9342957139015198,0.012015044689178467,86.3695297241211,-72.53751373291016,105.22423553466797,15.0,-0.06362372636795044,-0.08928924053907394,44000,-0.07874014973640442,-0.02414252795279026,-0.06423592567443848,-0.07799899578094482,-0.026054924353957176,0.06656169891357422,24294.009765625,1555.66796875,142.84849548339844
20251024_131637.607026,1.0119998455047607,0.0656149834394455,0.9878861308097839,-0.011999845504760742,0.9343850016593933,0.012113869190216064,86.46753692626953,-71.9223403930664,105.9496841430664,15.0,-0.1671186089515686,-0.03749221935868263,44000,-0.07877540588378906,-0.024287927895784378,-0.0035256147384643555,-0.07793313264846802,-0.026210855692625046,0.006687641143798828,24293.865234375,1565.0118408203125,-8.928775787353516
20251024_131637.616919,1.011989712715149,0.06562056392431259,0.9878807067871094,-0.011989712715148926,0.9343794584274292,0.012119293212890625,86.46572875976562,-71.77291870117188,106.00399017333984,15.0,-0.1065889447927475,-0.09745635092258453,44000,-0.07875332236289978,-0.02443333901464939,0.0022083520889282227,-0.07796335220336914,-0.02636675164103508,-0.0030684471130371094,24293.7109375,1574.3555908203125,-9.47713851928711
20251024_131637.626668,1.0119943618774414,0.06562648713588715,0.9878841042518616,-0.011994361877441406,0.9343734979629517,0.012115895748138428,86.44207000732422,-71.8330078125,106.0215835571289,15.0,-0.1009783074259758,-0.10739855468273163,44000,-0.0781593918800354,-0.02457818202674389,0.05939304828643799,-0.07864135503768921,-0.02652335725724697,-0.06884336471557617,24292.052734375,1583.698974609375,-102.04315185546875
20251024_131637.636808,1.0120986700057983,0.06569026410579681,0.9879754781723022,-0.01209867000579834,0.934309720993042,0.012024521827697754,86.32675170898438,-71.83837127685547,105.9380111694336,15.0,-0.04334452375769615,-0.1740080714225769,44000,-0.07810786366462708,-0.024722427129745483,0.0051528215408325195,-0.07883119583129883,-0.026680829003453255,-0.019276142120361328,24290.916015625,1593.0418701171875,-70.01161193847656
20251024_131637.647176,1.0121278762817383,0.06573402136564255,0.9879834055900574,-0.012127876281738281,0.9342659711837769,0.012016594409942627,86.34000396728516,-72.6862564086914,105.12662506103516,15.0,-0.09767746925354004,-0.12478816509246826,44000,-0.07880213856697083,-0.024867268279194832,-0.069427490234375,-0.07805943489074707,-0.026837719604372978,0.07836341857910156,24291.484375,1602.3846435546875,35.059452056884766
20251024_131637.656898,1.0120091438293457,0.065712109208107,0.9878765940666199,-0.012009143829345703,0.9342879056930542,0.012123405933380127,86.38810729980469,-72.50454711914062,105.35099792480469,15.0,-0.1730968952178955,-0.026533735916018486,44000,-0.07875370979309082,-0.025012703612446785,0.004842877388000488,-0.07791686058044434,-0.02699369564652443,0.014476776123046875,24293.927734375,1611.72802734375,150.35867309570312
20251024_131637.667074,1.0119872093200684,0.065618135035038,0.9878840446472168,-0.01198720932006836,0.9343818426132202,0.012115955352783203,86.44088745117188,-72.03853607177734,105.70599365234375,15.0,-0.09892353415489197,-0.09043378382921219,44000,-0.07884475588798523,-0.02515817992389202,-0.009104609489440918,-0.07785719633102417,-0.027149470522999763,0.006058216094970703,24294.66015625,1621.0718994140625,44.96574401855469
20251024_131637.677133,1.011978030204773,0.0655900314450264,0.9878700375556946,-0.01197803020477295,0.9344099760055542,0.01212996244430542,86.5592269897461,-71.0201187133789,106.86399841308594,15.0,-0.11310754716396332,-0.09894844889640808,44000,-0.07805749773979187,-0.025303011760115623,0.07872581481933594,-0.07856309413909912,-0.02730588987469673,-0.07167577743530273,24293.123046875,1630.415771484375,-94.55680847167969
20251024_131637.687048,1.0120866298675537,0.0656491294503212,0.9879911541938782,-0.012086629867553711,0.934350848197937,0.012008845806121826,86.43151092529297,-71.71725463867188,106.10528564453125,15.0,-0.024634694680571556,-0.1775447577238083,44000,-0.07872813940048218,-0.02544773742556572,-0.06706416606903076,-0.07816171646118164,-0.027462614700198174,0.040755271911621094,24291.759765625,1639.759033203125,-83.81605529785156
20251024_131637.697445,1.0120248794555664,0.06570151448249817,0.987887978553772,-0.012024879455566406,0.9342985153198242,0.012112021446228027,86.42308044433594,-72.12571716308594,105.68155670166016,15.0,-0.17124004662036896,-0.06486906111240387,44000,-0.07805672287940979,-0.025592463091015816,0.06714165210723877,-0.07885599136352539,-0.027619633823633194,-0.07049560546875,24291.68359375,1649.1019287109375,-4.744529724121094
20251024_131637.707093,1.012131690979004,0.06570447981357574,0.9879912734031677,-0.012131690979003906,0.9342955350875854,0.012008726596832275,86.35356903076172,-72.61900329589844,105.14543151855469,15.0,-0.03650753200054169,-0.1769712269306183,44000,-0.07812762260437012,-0.025736631825566292,-0.007089972496032715,-0.07873356342315674,-0.02777722291648388,0.012431144714355469,24291.30078125,1658.44482421875,-23.567676544189453
20251024_131637.717117,1.0121128559112549,0.06571920961141586,0.9879803657531738,-0.012112855911254883,0.9342808127403259,0.012019634246826172,86.37181854248047,-72.29219055175781,105.44904327392578,15.0,-0.11095422506332397,-0.0940796434879303,44000,-0.07875525951385498,-0.02588144689798355,-0.06276369094848633,-0.07801604270935059,-0.02793397195637226,0.07285594940185547,24293.431640625,1667.7880859375,131.16598510742188
20251024_131637.727119,1.0120024681091309,0.06563723087310791,0.9878838062286377,-0.01200246810913086,0.9343627691268921,0.012116193771362305,86.39799499511719,-72.03237915039062,105.80341339111328,15.0,-0.16740040481090546,-0.03309406712651253,44000,-0.07873743772506714,-0.026026824489235878,0.0017821788787841797,-0.07791143655776978,-0.028089899569749832,0.01062154769897461,24293.859375,1677.1317138671875,26.309490203857422
20251024_131637.737368,1.0119863748550415,0.0656207874417305,0.9878865480422974,-0.011986374855041504,0.9343792200088501,0.012113451957702637,86.45677185058594,-71.68999481201172,106.17294311523438,15.0,-0.10298208147287369,-0.0953797921538353,44000,-0.07817256450653076,-0.026171665638685226,0.056487321853637695,-0.07859951257705688,-0.028246410191059113,-0.06986618041992188,24293.44921875,1686.4754638671875,-25.30813217163086
20251024_131637.747422,1.0120922327041626,0.06563660502433777,0.9879734516143799,-0.012092232704162598,0.9343633651733398,0.012026548385620117,86.4476318359375,-71.86174011230469,105.93679809570312,15.0,-0.04785690829157829,-0.17671211063861847,44000,-0.07815900444984436,-0.026315970346331596,0.0013560056686401367,-0.07872813940048218,-0.028403738513588905,-0.013060569763183594,24291.375,1695.8187255859375,-127.56585693359375
20251024_131637.757188,1.012112021446228,0.06571633368730545,0.987975537776947,-0.012112021446228027,0.9342836737632751,0.012024462223052979,86.42848205566406,-72.24207305908203,105.49822235107422,15.0,-0.10311897099018097,-0.12019244581460953,44000,-0.07887575030326843,-0.026460926979780197,-0.07167458534240723,-0.07808500528335571,-0.02856055088341236,0.06530284881591797,24292.322265625,1705.1617431640625,58.30526351928711
20251024_131637.767170,1.0120130777359009,0.0656798928976059,0.9878652691841125,-0.012013077735900879,0.9343200922012329,0.012134730815887451,86.41043853759766,-72.42608642578125,105.44208526611328,15.0,-0.17701126635074615,-0.041342709213495255,44000,-0.07888969779014587,-0.02660655602812767,-0.0013947486877441406,-0.0780036449432373,-0.028716640546917915,0.00826120376586914,24293.376953125,1714.505126953125,64.83793640136719
20251024_131637.777120,1.012000560760498,0.06563936918973923,0.9878631234169006,-0.012000560760498047,0.9343606233596802,0.012136876583099365,86.42157745361328,-72.33454895019531,105.46918487548828,15.0,-0.10689100623130798,-0.09845907986164093,44000,-0.07882499694824219,-0.026752138510346413,0.006470084190368652,-0.0779920220375061,-0.02887263521552086,0.0011801719665527344,24293.63671875,1723.8487548828125,15.997886657714844
20251024_131637.787211,1.0119987726211548,0.06562937051057816,0.9878730773925781,-0.011998772621154785,0.9343706369400024,0.012126922607421875,86.45536041259766,-72.21160888671875,105.61735534667969,15.0,-0.0991070494055748,-0.10568448901176453,44000,-0.0787602961063385,-0.026897601783275604,0.006470084190368652,-0.07795017957687378,-0.029028577730059624,0.004248619079589844,24293.205078125,1733.1923828125,-26.547908782958984
20251024_131637.797438,1.011992335319519,0.0656459629535675,0.9878830313682556,-0.011992335319519043,0.9343540668487549,0.012116968631744385,86.44908905029297,-71.75276184082031,106.15177154541016,15.0,-0.09918781369924545,-0.10273014008998871,44000,-0.0787428617477417,-0.027042990550398827,0.0017434358596801758,-0.07809585332870483,-0.029184624552726746,-0.014791488647460938,24292.236328125,1742.5357666015625,-59.604644775390625
20251024_131637.807180,1.0120147466659546,0.06568321585655212,0.9878857135772705,-0.01201474666595459,0.9343167543411255,0.012114286422729492,86.37015533447266,-72.28860473632812,105.48030090332031,15.0,-0.1040424183011055,-0.12207196652889252,44000,-0.07807454466819763,-0.02718774415552616,0.06683170795440674,-0.07864290475845337,-0.029341362416744232,-0.05554676055908203,24292.033203125,1751.87890625,-12.45737075805664
20251024_131637.817159,1.0120989084243774,0.06569100171327591,0.9879885315895081,-0.012098908424377441,0.9343090057373047,0.012011468410491943,86.36676025390625,-72.97882080078125,104.78227996826172,15.0,-0.038430582731962204,-0.16353103518486023,44000,-0.07815435528755188,-0.02733195573091507,-0.007981061935424805,-0.07863980531692505,-0.029498646035790443,0.0003147125244140625,24291.244140625,1761.2218017578125,-48.601627349853516
20251024_131637.827379,1.0120984315872192,0.06572137773036957,0.9879762530326843,-0.012098431587219238,0.9342786073684692,0.012023746967315674,86.27375030517578,-73.21401977539062,104.47576141357422,15.0,-0.11346737295389175,-0.10782373696565628,44000,-0.0787719190120697,-0.027476809918880463,-0.06175637245178223,-0.0779377818107605,-0.029655223712325096,0.07128238677978516,24293.490234375,1770.5650634765625,138.22317504882812
20251024_131637.837810,1.0119904279708862,0.06563498824834824,0.9878812432289124,-0.01199042797088623,0.9343650341033936,0.012118756771087646,86.42671203613281,-71.57838439941406,106.28359985351562,15.0,-0.168005108833313,-0.03631061688065529,44000,-0.07881298661231995,-0.027622273191809654,-0.004106760025024414,-0.07796645164489746,-0.029811127111315727,-0.002911090850830078,24293.884765625,1779.9088134765625,24.247169494628906
20251024_131637.847856,1.0119948387145996,0.06561983376741409,0.9878749251365662,-0.01199483871459961,0.9343801736831665,0.012125074863433838,86.42724609375,-71.96277618408203,105.83108520507812,15.0,-0.11054202169179916,-0.11068867146968842,44000,-0.07878082990646362,-0.027767743915319443,0.0032156705856323242,-0.07808887958526611,-0.029967183247208595,-0.012431144714355469,24292.474609375,1789.2523193359375,-86.8082046508789
20251024_131637.857298,1.0120136737823486,0.06567408889532089,0.9878798723220825,-0.012013673782348633,0.9343259334564209,0.01212012767791748,86.4530258178711,-71.95645904541016,105.84419250488281,15.0,-0.10333290696144104,-0.12048720568418503,44000,-0.07799860835075378,-0.02791246399283409,0.07822215557098389,-0.07871729135513306,-0.030123988166451454,-0.06380796432495117,24291.767578125,1798.595458984375,-43.487548828125
20251024_131637.867527,1.0121103525161743,0.06570126861333847,0.988000214099884,-0.012110352516174316,0.9342987537384033,0.011999785900115967,86.38166809082031,-72.49833679199219,105.11583709716797,15.0,-0.02768891677260399,-0.17264924943447113,44000,-0.0780055820941925,-0.028056468814611435,-0.0006973743438720703,-0.0787079930305481,-0.030281415209174156,0.0009441375732421875,24292.41796875,1807.9385986328125,40.0543212890625
20251024_131637.877304,1.0121089220046997,0.0656762346625328,0.9879991412162781,-0.012108922004699707,0.934323787689209,0.012000858783721924,86.4013900756836,-71.45247650146484,106.3445053100586,15.0,-0.10675942152738571,-0.10804527252912521,44000,-0.07878470420837402,-0.02820119820535183,-0.07791221141815186,-0.07802999019622803,-0.030438153073191643,0.06884336471557617,24292.916015625,1817.2818603515625,30.684471130371094
20251024_131637.887529,1.0120046138763428,0.06565705686807632,0.9878792762756348,-0.012004613876342773,0.9343429207801819,0.012120723724365234,86.47105407714844,-71.64104461669922,106.19608306884766,15.0,-0.18489810824394226,-0.03962477669119835,44000,-0.07881143689155579,-0.028346670791506767,-0.0026732683181762695,-0.07792925834655762,-0.03059411235153675,0.010228157043457031,24293.79296875,1826.62548828125,53.90644073486328
20251024_131637.897338,1.0119891166687012,0.06562336534261703,0.9878751635551453,-0.011989116668701172,0.9343766570091248,0.012124836444854736,86.48490142822266,-71.58622741699219,106.24700927734375,15.0,-0.10983137786388397,-0.09829521179199219,44000,-0.07878470420837402,-0.028492145240306854,0.0026732683181762695,-0.07797497510910034,-0.030750015750527382,-0.004642009735107422,24294.140625,1835.9693603515625,21.445751190185547
20251024_131637.907287,1.0119961500167847,0.06560996174812317,0.9878792762756348,-0.011996150016784668,0.9343900680541992,0.012120723724365234,86.43388366699219,-72.02882385253906,105.73493194580078,15.0,-0.10460358113050461,-0.11336699873209,44000,-0.07818496227264404,-0.02863703854382038,0.05997419357299805,-0.07862818241119385,-0.030906619504094124,-0.06632566452026367,24292.341796875,1845.3128662109375,-110.73350524902344
20251024_131637.917393,1.012096643447876,0.065679170191288,0.9879715442657471,-0.012096643447875977,0.9343208074569702,0.01202845573425293,86.33454895019531,-72.24687194824219,105.5872573852539,15.0,-0.046847809106111526,-0.1758604645729065,44000,-0.07809779047966003,-0.02878130041062832,0.008717179298400879,-0.07885289192199707,-0.031064100563526154,-0.02281665802001953,24290.1328125,1854.6556396484375,-135.97012329101562
20251024_131637.927277,1.0121312141418457,0.06576415151357651,0.9879849553108215,-0.012131214141845703,0.9342358708381653,0.012015044689178467,86.37261962890625,-72.36104583740234,105.36271667480469,15.0,-0.09816191345453262,-0.13273364305496216,44000,-0.07804858684539795,-0.02892543561756611,0.004920363426208496,-0.07875603437423706,-0.03122170828282833,0.009834766387939453,24290.37109375,1863.998046875,14.674663543701172
20251024_131637.937552,1.0121163129806519,0.0657549798488617,0.987992525100708,-0.012116312980651855,0.9342449903488159,0.012007474899291992,86.28128814697266,-72.4271011352539,105.32243347167969,15.0,-0.10205365717411041,-0.10014297813177109,44000,-0.07879284024238586,-0.029070211574435234,-0.0744253396987915,-0.07791298627853394,-0.031378377228975296,0.085601806640625,24293.1328125,1873.341064453125,169.96859741210938
20251024_131637.947379,1.0119866132736206,0.06564874947071075,0.9878780245780945,-0.011986613273620605,0.9343512654304504,0.012121975421905518,86.4052734375,-71.931396484375,105.91165161132812,15.0,-0.18228839337825775,-0.02368955686688423,44000,-0.07884281873703003,-0.029215721413493156,-0.004997849464416504,-0.0778951644897461,-0.031534187495708466,0.0018095970153808594,24295.236328125,1882.6849365234375,129.49705505371094
20251024_131637.957146,1.011983871459961,0.06556781381368637,0.9878703355789185,-0.011983871459960938,0.9344322085380554,0.012129664421081543,86.5315933227539,-71.2718505859375,106.61914825439453,15.0,-0.11305639147758484,-0.1076197549700737,44000,-0.078126460313797,-0.029360616579651833,0.07163584232330322,-0.07847708463668823,-0.031690556555986404,-0.059087276458740234,24294.263671875,1892.029052734375,-59.854984283447266
20251024_131637.967339,1.0120733976364136,0.06560522317886353,0.9879805445671082,-0.012073397636413574,0.9343947768211365,0.012019455432891846,86.44161987304688,-71.64840698242188,106.1596450805664,15.0,-0.035851236432790756,-0.16925491392612457,44000,-0.07817178964614868,-0.029504891484975815,-0.004532933235168457,-0.07870179414749146,-0.03184773772954941,-0.02281665802001953,24292.6796875,1901.3726806640625,-97.45359802246094
20251024_131637.977308,1.0121079683303833,0.06566613167524338,0.9879735708236694,-0.0121079683303833,0.934333860874176,0.012026429176330566,86.32833099365234,-72.50901794433594,105.20954132080078,15.0,-0.11220961809158325,-0.1333661824464798,44000,-0.07848212122917175,-0.02964949607849121,-0.03103315830230713,-0.07905280590057373,-0.032005492597818375,-0.03564119338989258,24288.40625,1910.7152099609375,-263.0829772949219
20251024_131637.987099,1.0121619701385498,0.06583055853843689,0.9879258275032043,-0.012161970138549805,0.9341694116592407,0.012074172496795654,86.1722183227539,-73.05913543701172,104.980712890625,15.0,-0.1391647756099701,-0.14669948816299438,44000,-0.07838448882102966,-0.029794296249747276,0.009763240814208984,-0.0791628360748291,-0.03216370567679405,-0.011172294616699219,24287.62890625,1920.0567626953125,-47.80292510986328
20251024_131637.997024,1.012178897857666,0.06586043536663055,0.9879408478736877,-0.012178897857666016,0.9341395497322083,0.012059152126312256,86.24297332763672,-72.16649627685547,105.8023452758789,15.0,-0.0984155461192131,-0.12249884009361267,44000,-0.07877153158187866,-0.02993936277925968,-0.0387042760848999,-0.07799899578094482,-0.03232086822390556,0.11817455291748047,24292.841796875,1929.399169921875,320.7922058105469
20251024_131638.006754,1.0119998455047607,0.06565994024276733,0.9878813028335571,-0.011999845504760742,0.9343400597572327,0.012118697166442871,86.46908569335938,-71.40950775146484,106.4459457397461,15.0,-0.1474151760339737,0.007854687981307507,44000,-0.0787041187286377,-0.030084725469350815,0.00674128532409668,-0.07792538404464722,-0.032476793974637985,0.007474422454833984,24295.630859375,1938.7431640625,171.63754272460938
20251024_131638.017050,1.0119885206222534,0.06555266678333282,0.987891674041748,-0.011988520622253418,0.9344473481178284,0.012108325958251953,86.50853729248047,-71.00045776367188,106.82716369628906,15.0,-0.10204755514860153,-0.10292775183916092,44000,-0.07881531119346619,-0.030230127274990082,-0.011119246482849121,-0.07782310247421265,-0.03263254091143608,0.010385513305664062,24294.17578125,1948.0872802734375,-89.58578491210938
20251024_131638.026799,1.0119727849960327,0.06560865789651871,0.9878745675086975,-0.011972784996032715,0.9343913197517395,0.01212543249130249,86.43858337402344,-71.96421813964844,105.7961654663086,15.0,-0.12016468495130539,-0.10007013380527496,44000,-0.07880136370658875,-0.03037562035024166,0.0013947486877441406,-0.07803696393966675,-0.03278840333223343,-0.021715164184570312,24291.802734375,1957.4307861328125,-146.0313720703125
20251024_131638.037135,1.0120056867599487,0.06569992750883102,0.9878767132759094,-0.01200568675994873,0.9343000650405884,0.012123286724090576,86.39346313476562,-72.1890640258789,105.55209350585938,15.0,-0.10778223723173141,-0.1325405240058899,44000,-0.07817178964614868,-0.030520517379045486,0.06295740604400635,-0.07881569862365723,-0.03294525668025017,-0.0790715217590332,24290.15625,1966.7734375,-101.28021240234375
20251024_131638.046998,1.0121254920959473,0.06576322764158249,0.9879735708236694,-0.012125492095947266,0.9342367649078369,0.012026429176330566,86.2900390625,-73.38157653808594,104.36688232421875,15.0,-0.04573490098118782,-0.1908324807882309,44000,-0.0783364474773407,-0.030664987862110138,-0.01646578311920166,-0.07873278856277466,-0.03310280293226242,0.008418560028076172,24289.818359375,1976.11572265625,-20.825862884521484
20251024_131638.056943,1.0121127367019653,0.06577624380588531,0.9879482388496399,-0.012112736701965332,0.9342237710952759,0.012051761150360107,86.26146697998047,-73.45099639892578,104.309814453125,15.0,-0.1254672110080719,-0.10341703146696091,44000,-0.07820355892181396,-0.030809486284852028,0.01328885555267334,-0.07868707180023193,-0.033260222524404526,0.004642009735107422,24292.115234375,1985.4583740234375,141.42990112304688
20251024_131638.067021,1.0121057033538818,0.06568785011768341,0.9879686832427979,-0.012105703353881836,0.9343121647834778,0.012031316757202148,86.32627868652344,-72.8692855834961,104.84541320800781,15.0,-0.0957241877913475,-0.10730528831481934,44000,-0.07866343855857849,-0.030954286456108093,-0.04598796367645264,-0.07786959409713745,-0.033416781574487686,0.08300542831420898,24295.923828125,1994.80224609375,234.38931274414062
20251024_131638.076855,1.0119799375534058,0.0655413568019867,0.9878979325294495,-0.011979937553405762,0.9344586133956909,0.012102067470550537,86.53054809570312,-71.38463592529297,106.4109878540039,15.0,-0.15560568869113922,-0.028280945494771004,44000,-0.0787564218044281,-0.031099596992135048,-0.009298324584960938,-0.07779830694198608,-0.033572446554899216,0.0072383880615234375,24296.419921875,2004.14697265625,30.469894409179688
20251024_131638.087195,1.011968970298767,0.06552231311798096,0.9878836274147034,-0.01196897029876709,0.934477686882019,0.01211637258529663,86.53678894042969,-70.85739135742188,106.97672271728516,15.0,-0.11915434151887894,-0.10413236916065216,44000,-0.07875913381576538,-0.031244995072484016,-0.00027120113372802734,-0.07798349857330322,-0.033728230744600296,-0.018804073333740234,24293.001953125,2013.4910888671875,-210.28518676757812
20251024_131638.097155,1.0119974613189697,0.0656537413597107,0.9878832101821899,-0.011997461318969727,0.9343462586402893,0.012116789817810059,86.46127319335938,-71.74964141845703,106.06771850585938,15.0,-0.11027532815933228,-0.13051579892635345,44000,-0.07803425192832947,-0.03138972818851471,0.07248818874359131,-0.07880252599716187,-0.03388501703739166,-0.08316278457641602,24290.48046875,2022.8341064453125,-155.1747283935547
20251024_131638.107151,1.012123465538025,0.06575072556734085,0.9879947304725647,-0.012123465538024902,0.9342492818832397,0.012005269527435303,86.27479553222656,-72.86833190917969,104.87606048583984,15.0,-0.03693579137325287,-0.19585032761096954,44000,-0.07849296927452087,-0.031534213572740555,-0.045871734619140625,-0.07913881540298462,-0.03404295817017555,-0.03414630889892578,24288.140625,2032.1761474609375,-144.01673889160156
20251024_131638.117099,1.01217520236969,0.06584073603153229,0.9879241585731506,-0.012175202369689941,0.9341592788696289,0.012075841426849365,86.16424560546875,-73.04226684570312,105.03822326660156,15.0,-0.15589891374111176,-0.14732807874679565,44000,-0.07824617624282837,-0.03167889639735222,0.02467930316925049,-0.07877230644226074,-0.034200869500637054,0.03721475601196289,24291.748046875,2041.5184326171875,221.9796142578125
20251024_131638.127207,1.0121188163757324,0.06570199877023697,0.9879621267318726,-0.012118816375732422,0.9342979788780212,0.012037873268127441,86.33483123779297,-73.04203796386719,104.659423828125,15.0,-0.0852457731962204,-0.0757584199309349,44000,-0.07882112264633179,-0.03182388097047806,-0.0574946403503418,-0.07791143655776978,-0.034357551485300064,0.08741140365600586,24293.884765625,2050.86181640625,131.5236053466797
20251024_131638.137397,1.0119863748550415,0.06561979651451111,0.9878736734390259,-0.011986374855041504,0.9343801736831665,0.012126326560974121,86.43331909179688,-71.65982818603516,106.22032165527344,15.0,-0.16813965141773224,-0.02485758438706398,44000,-0.07874634861946106,-0.031969327479600906,0.007477402687072754,-0.07778435945510864,-0.03451324626803398,0.012903213500976562,24295.525390625,2060.205810546875,100.8749008178711
20251024_131638.147184,1.0119668245315552,0.06555674970149994,0.9878851771354675,-0.011966824531555176,0.9344432353973389,0.01211482286453247,86.51812744140625,-70.97197723388672,106.92829132080078,15.0,-0.10323827713727951,-0.09939439594745636,44000,-0.07866808772087097,-0.03211463615298271,0.007826089859008789,-0.07782852649688721,-0.03466885909438133,-0.004484653472900391,24294.6875,2069.55029296875,-51.474571228027344
20251024_131638.157208,1.0119736194610596,0.06558892130851746,0.9878972172737122,-0.01197361946105957,0.9344110488891602,0.012102782726287842,86.46354675292969,-71.99268341064453,105.77969360351562,15.0,-0.1029566302895546,-0.11698204278945923,44000,-0.07815629243850708,-0.03225939720869064,0.05117952823638916,-0.07873666286468506,-0.03482542559504509,-0.09221076965332031,24290.712890625,2078.8935546875,-244.5697784423828
20251024_131638.167494,1.012113332748413,0.06574177742004395,0.9879759550094604,-0.012113332748413086,0.934258222579956,0.01202404499053955,86.32000732421875,-73.19501495361328,104.56147003173828,15.0,-0.05923616141080856,-0.20577286183834076,44000,-0.07842788100242615,-0.03240393474698067,-0.02715885639190674,-0.07900089025497437,-0.034983161836862564,-0.026829242706298828,24287.306640625,2088.2353515625,-209.70106506347656
20251024_131638.177141,1.01215398311615,0.06587284058332443,0.9879341721534729,-0.012153983116149902,0.934127151966095,0.0120658278465271,86.24447631835938,-72.09871673583984,105.90602111816406,15.0,-0.13799066841602325,-0.14081329107284546,44000,-0.07825082540512085,-0.032548561692237854,0.017705559730529785,-0.07880562543869019,-0.03514096885919571,0.019826889038085938,24292.037109375,2097.57763671875,291.18060302734375
20251024_131638.187114,1.012123942375183,0.06569085270166397,0.9879614114761353,-0.012123942375183105,0.9343091249465942,0.012038588523864746,86.35786437988281,-72.5319595336914,105.1758804321289,15.0,-0.09309382736682892,-0.09411970525979996,44000,-0.07882848381996155,-0.03269355744123459,-0.057765841484069824,-0.07806950807571411,-0.03529784455895424,0.07474422454833984,24294.48046875,2106.921142578125,150.37060546875
20251024_131638.197211,1.0120106935501099,0.06559687107801437,0.9878725409507751,-0.012010693550109863,0.934403121471405,0.012127459049224854,86.525146484375,-72.02467346191406,105.78612518310547,15.0,-0.16928789019584656,-0.038623128086328506,44000,-0.07874053716659546,-0.032839007675647736,0.008794665336608887,-0.07800674438476562,-0.0354539230465889,0.006372928619384766,24295.31640625,2116.265380859375,51.42688751220703
20251024_131638.207132,1.0120010375976562,0.06556472927331924,0.9878860712051392,-0.01200103759765625,0.934435248374939,0.01211392879486084,86.46723175048828,-71.28055572509766,106.52366638183594,15.0,-0.10278487950563431,-0.10708773881196976,44000,-0.0787118673324585,-0.03298434615135193,0.002866983413696289,-0.07794010639190674,-0.03560986742377281,0.006766319274902344,24294.564453125,2125.609619140625,-46.324729919433594
20251024_131638.217180,1.0119907855987549,0.06559368222951889,0.9878904819488525,-0.011990785598754883,0.9344063401222229,0.012109518051147461,86.49102783203125,-71.826904296875,105.98171997070312,15.0,-0.10882923007011414,-0.1067836582660675,44000,-0.07800868153572083,-0.0331290103495121,0.07031857967376709,-0.07852357625961304,-0.03576633334159851,-0.059244632720947266,24291.759765625,2134.953125,-172.59121704101562
20251024_131638.226912,1.0120805501937866,0.06570155173540115,0.9879986643791199,-0.012080550193786621,0.9342984557151794,0.012001335620880127,86.4192886352539,-71.75023651123047,106.1242446899414,15.0,-0.040819112211465836,-0.1735345423221588,44000,-0.07825508713722229,-0.033273253589868546,-0.024640560150146484,-0.07875758409500122,-0.035923611372709274,-0.02376079559326172,24290.525390625,2144.2958984375,-75.98400115966797
20251024_131638.237080,1.012116551399231,0.06574904173612595,0.9879607558250427,-0.012116551399230957,0.9342509508132935,0.012039244174957275,86.34840393066406,-73.21941375732422,104.49821472167969,15.0,-0.13616889715194702,-0.1384419947862625,44000,-0.0789063572883606,-0.03341832756996155,-0.06512701511383057,-0.07810980081558228,-0.03608047962188721,0.06577491760253906,24292.546875,2153.638671875,124.37104797363281
20251024_131638.247133,1.0120168924331665,0.06567130982875824,0.9878605604171753,-0.012016892433166504,0.9343286752700806,0.012139439582824707,86.44799041748047,-72.26009368896484,105.61289978027344,15.0,-0.1774516999721527,-0.04841536283493042,44000,-0.07828259468078613,-0.03356342390179634,0.06237626075744629,-0.07860726118087769,-0.0362371988594532,-0.05051136016845703,24293.328125,2162.982177734375,48.160552978515625
20251024_131638.257202,1.012093424797058,0.06564120948314667,0.9879565238952637,-0.012093424797058105,0.9343587756156921,0.012043476104736328,86.46894073486328,-72.19695281982422,105.56631469726562,15.0,-0.049469757825136185,-0.16535581648349762,44000,-0.07880795001983643,-0.03370843082666397,-0.0525355339050293,-0.07804083824157715,-0.036393843591213226,0.05751371383666992,24293.029296875,2172.32568359375,-18.44167709350586
20251024_131638.267108,1.0120062828063965,0.06565273553133011,0.9878756999969482,-0.012006282806396484,0.9343472719192505,0.012124300003051758,86.45442199707031,-72.0877456665039,105.70381164550781,15.0,-0.1650519222021103,-0.05692096799612045,44000,-0.07865685224533081,-0.03385378420352936,0.015109777450561523,-0.07786649465560913,-0.036549754440784454,0.017702579498291016,24293.59375,2181.669189453125,34.72566604614258
20251024_131638.277168,1.0119794607162476,0.06563103199005127,0.9878989458084106,-0.011979460716247559,0.9343689680099487,0.012101054191589355,86.43375396728516,-71.4010238647461,106.466552734375,15.0,-0.09740085899829865,-0.09671366959810257,44000,-0.0787409245967865,-0.03399907425045967,-0.008407235145568848,-0.07800209522247314,-0.0367056205868721,-0.013768672943115234,24293.564453125,2191.012939453125,-1.7642974853515625
20251024_131638.287142,1.012000322341919,0.06563213467597961,0.9878860116004944,-0.012000322341918945,0.9343678951263428,0.012113988399505615,86.44906616210938,-72.24706268310547,105.64999389648438,15.0,-0.12114723026752472,-0.12847639620304108,44000,-0.07880562543869019,-0.03414450213313103,-0.006470084190368652,-0.07812297344207764,-0.03686174750328064,-0.012273788452148438,24292.248046875,2200.3564453125,-80.97886657714844
20251024_131638.296999,1.0120189189910889,0.06568274646997452,0.9878760576248169,-0.012018918991088867,0.9343172311782837,0.012123942375183105,86.46202087402344,-72.01726531982422,105.80658721923828,15.0,-0.11942020803689957,-0.1272585093975067,44000,-0.07885521650314331,-0.03429003432393074,-0.0049591064453125,-0.07814699411392212,-0.03701801598072052,-0.0024390220642089844,24291.150390625,2209.699462890625,-67.59166717529297
20251024_131638.306947,1.012022614479065,0.06572499126195908,0.9878684282302856,-0.012022614479064941,0.9342750310897827,0.012131571769714355,86.35875701904297,-72.34917449951172,105.39812469482422,15.0,-0.11810436099767685,-0.11760403215885162,44000,-0.07882654666900635,-0.034435585141181946,0.002866983413696289,-0.07803153991699219,-0.03717419505119324,0.011723041534423828,24292.876953125,2219.04248046875,106.20355224609375
20251024_131638.317089,1.0120048522949219,0.06565861403942108,0.987872838973999,-0.012004852294921875,0.9343413710594177,0.012127161026000977,86.50389099121094,-72.00949096679688,105.78649139404297,15.0,-0.110395148396492,-0.1034826934337616,44000,-0.07885947823524475,-0.03458114340901375,-0.003293156623840332,-0.07792925834655762,-0.037330154329538345,0.010385513305664062,24293.58984375,2228.385986328125,43.9763069152832
20251024_131638.327088,1.0119891166687012,0.06563112884759903,0.9878677725791931,-0.011989116668701172,0.9343688488006592,0.012132227420806885,86.40557861328125,-72.29249572753906,105.49038696289062,15.0,-0.11673377454280853,-0.1048739030957222,44000,-0.07804819941520691,-0.03472598269581795,0.08112788200378418,-0.07858943939208984,-0.03748667612671852,-0.06703376770019531,24292.548828125,2237.7294921875,-64.11075592041016
20251024_131638.337227,1.0120906829833984,0.06567119807004929,0.9879925847053528,-0.012090682983398438,0.9343287944793701,0.012007415294647217,86.4117660522461,-71.42268371582031,106.39752960205078,15.0,-0.03164630010724068,-0.18310987949371338,44000,-0.07865220308303833,-0.03487062826752663,-0.06040036678314209,-0.07797497510910034,-0.03764323890209198,0.06239175796508789,24292.453125,2247.07275390625,-5.877017974853516
20251024_131638.347100,1.0119961500167847,0.06567487120628357,0.987899661064148,-0.011996150016784668,0.934325098991394,0.01210033893585205,86.46441650390625,-71.79673767089844,106.02323913574219,15.0,-0.17392319440841675,-0.05322645604610443,44000,-0.0781593918800354,-0.03501537814736366,0.04928112030029297,-0.0785871148109436,-0.03779980167746544,-0.062155723571777344,24292.83984375,2256.416015625,23.77033233642578
20251024_131638.356814,1.0120903253555298,0.0656600147485733,0.9879754781723022,-0.012090325355529785,0.9343400001525879,0.012024521827697754,86.36649322509766,-72.50886535644531,105.23133850097656,15.0,-0.0638936460018158,-0.17854264378547668,44000,-0.07881298661231995,-0.03516027331352234,-0.06535947322845459,-0.07800596952438354,-0.037956394255161285,0.05900859832763672,24292.72265625,2265.759521484375,-7.212162017822266
20251024_131638.367065,1.0120009183883667,0.06566452234983444,0.9878749251365662,-0.0120009183883667,0.934335470199585,0.012125074863433838,86.40270233154297,-71.75143432617188,106.11632537841797,15.0,-0.17933273315429688,-0.05695376545190811,44000,-0.07886219024658203,-0.035305820405483246,-0.004920363426208496,-0.07807260751724243,-0.038112472742795944,-0.006766319274902344,24291.80859375,2275.1025390625,-56.19525909423828
20251024_131638.376901,1.012011170387268,0.06569964438676834,0.9878673553466797,-0.012011170387268066,0.9343003630638123,0.012132644653320312,86.40559387207031,-72.06019592285156,105.68562316894531,15.0,-0.11908837407827377,-0.12295139580965042,44000,-0.07883352041244507,-0.035451386123895645,0.002866983413696289,-0.07795405387878418,-0.038268499076366425,0.01203775405883789,24291.533203125,2284.445556640625,-16.927719116210938
20251024_131638.387063,1.0119929313659668,0.06571022421121597,0.9878717660903931,-0.011992931365966797,0.9342897534370422,0.012128233909606934,86.4311294555664,-71.97801208496094,105.84904479980469,15.0,-0.11141791939735413,-0.10418479889631271,44000,-0.07889899611473083,-0.03559698536992073,-0.00654757022857666,-0.0779532790184021,-0.038424406200647354,7.867813110351562e-05,24292.3828125,2293.78857421875,52.225589752197266
20251024_131638.397211,1.0119928121566772,0.06567758321762085,0.987861692905426,-0.011992812156677246,0.9343224167823792,0.012138307094573975,86.39421844482422,-71.84519958496094,106.02687072753906,15.0,-0.12104354798793793,-0.11629901081323624,44000,-0.0787583589553833,-0.035742513835430145,0.014063715934753418,-0.07796722650527954,-0.03858032822608948,-0.0014162063598632812,24292.7734375,2303.132080078125,24.044513702392578
20251024_131638.407028,1.0119949579238892,0.06566255539655685,0.9878833293914795,-0.01199495792388916,0.9343374371528625,0.012116670608520508,86.45988464355469,-71.86793518066406,105.92655944824219,15.0,-0.10043715685606003,-0.1179637610912323,44000,-0.07873937487602234,-0.03588789701461792,0.0018984079360961914,-0.07801604270935059,-0.038736309856176376,-0.004956722259521484,24293.98828125,2312.4755859375,74.70846557617188
20251024_131638.417344,1.0120024681091309,0.06561586260795593,0.9878862500190735,-0.01200246810913086,0.9343841075897217,0.012113749980926514,86.39646911621094,-72.50565338134766,105.31673431396484,15.0,-0.11272886395454407,-0.12170907855033875,44000,-0.07888233661651611,-0.03603339567780495,-0.014296174049377441,-0.07801061868667603,-0.03889233618974686,0.0005507469177246094,24294.474609375,2321.819580078125,30.00497817993164
20251024_131638.427088,1.012001633644104,0.06559710949659348,0.9878642559051514,-0.012001633644104004,0.9344028830528259,0.012135744094848633,86.4428939819336,-71.7889633178711,106.02312469482422,15.0,-0.1292119026184082,-0.11635220795869827,44000,-0.0789741575717926,-0.036179106682538986,-0.009182095527648926,-0.07812142372131348,-0.03904847055673599,-0.011250972747802734,24292.87890625,2331.163330078125,-98.27613830566406
20251024_131638.437603,1.0120186805725098,0.06565853208303452,0.9878501296043396,-0.012018680572509766,0.9343414902687073,0.0121498703956604,86.43960571289062,-72.42640686035156,105.43563079833984,15.0,-0.12433536350727081,-0.1284208595752716,44000,-0.07799938321113586,-0.03632400557398796,0.09747743606567383,-0.07860493659973145,-0.039205197244882584,-0.04909515380859375,24290.919921875,2340.50634765625,-120.48483276367188
20251024_131638.447139,1.0120930671691895,0.06573383510112762,0.9880000948905945,-0.012093067169189453,0.9342661499977112,0.011999905109405518,86.3661117553711,-71.88868713378906,105.89376068115234,15.0,-0.016845954582095146,-0.16690528392791748,44000,-0.07869520783424377,-0.03646864742040634,-0.06958246231079102,-0.07818108797073364,-0.03936197981238365,0.04303693771362305,24292.126953125,2349.84912109375,74.2197036743164
20251024_131638.457374,1.0120278596878052,0.06568744778633118,0.9878930449485779,-0.012027859687805176,0.9343125820159912,0.01210695505142212,86.4439468383789,-71.80610656738281,105.91754150390625,15.0,-0.18474632501602173,-0.07450613379478455,44000,-0.0781690776348114,-0.03661344572901726,0.052613019943237305,-0.0786181092262268,-0.03951878100633621,-0.04437446594238281,24291.927734375,2359.192138671875,-12.195110321044922
20251024_131638.467078,1.0120950937271118,0.06569506973028183,0.9879739880561829,-0.012095093727111816,0.93430495262146,0.012026011943817139,86.3878173828125,-72.42156219482422,105.30936431884766,15.0,-0.062169503420591354,-0.16251134872436523,44000,-0.07884049415588379,-0.03675837814807892,-0.06714165210723877,-0.07796025276184082,-0.039675358682870865,0.06679773330688477,24293.59375,2368.53564453125,102.50807189941406
20251024_131638.477223,1.0119938850402832,0.06563100218772888,0.9878706932067871,-0.011993885040283203,0.9343689680099487,0.01212930679321289,86.49243927001953,-71.73040771484375,106.07022857666016,15.0,-0.18274052441120148,-0.05083787813782692,44000,-0.07885134220123291,-0.03690394014120102,-0.0010848045349121094,-0.07788044214248657,-0.03983119875192642,0.00810384750366211,24293.66796875,2377.87939453125,4.565715789794922
20251024_131638.487483,1.0119816064834595,0.06562814861536026,0.9878690242767334,-0.011981606483459473,0.934371829032898,0.012130975723266602,86.40790557861328,-72.19093322753906,105.65965270996094,15.0,-0.11684008687734604,-0.10960779339075089,44000,-0.07885327935218811,-0.037049513310194016,-0.00019371509552001953,-0.07795017957687378,-0.03998703137040138,-0.007081031799316406,24293.78515625,2387.22314453125,7.212162017822266
20251024_131638.497317,1.011992335319519,0.06562364101409912,0.9878687262535095,-0.011992335319519043,0.9343763589859009,0.012131273746490479,86.4937744140625,-71.8943862915039,105.9276123046875,15.0,-0.11609650403261185,-0.12501823902130127,44000,-0.07878470420837402,-0.03719502314925194,0.006857514381408691,-0.07806873321533203,-0.040143050253391266,-0.01203775405883789,24292.18359375,2396.56640625,-98.5860824584961
20251024_131638.507333,1.0120105743408203,0.06568525731563568,0.9878792762756348,-0.012010574340820312,0.9343147277832031,0.012120723724365234,86.36653137207031,-72.23509979248047,105.53278350830078,15.0,-0.10912221670150757,-0.1302495300769806,44000,-0.07860803604125977,-0.03734030947089195,0.01766681671142578,-0.07803541421890259,-0.040299154818058014,0.003383159637451172,24292.083984375,2405.90966796875,-6.091594696044922
20251024_131638.517194,1.0120054483413696,0.06568906456232071,0.9879064559936523,-0.012005448341369629,0.9343109130859375,0.012093544006347656,86.42029571533203,-72.18768310546875,105.63935852050781,15.0,-0.09828153252601624,-0.11495140939950943,44000,-0.07867854833602905,-0.03748549893498421,-0.007051229476928711,-0.07803618907928467,-0.040455225855112076,-7.867813110351562e-05,24293.2109375,2415.2529296875,69.37980651855469
20251024_131638.527089,1.0120055675506592,0.06564570218324661,0.9878956079483032,-0.01200556755065918,0.934354305267334,0.012104392051696777,86.5126724243164,-71.52284240722656,106.27113342285156,15.0,-0.12321527302265167,-0.11857008934020996,44000,-0.07877501845359802,-0.0376308411359787,-0.009647011756896973,-0.07802611589431763,-0.04061128571629524,0.0010228157043457031,24294.3125,2424.5966796875,67.69895935058594
20251024_131638.537741,1.012004017829895,0.06560339033603668,0.9878807663917542,-0.01200401782989502,0.9343966245651245,0.01211923360824585,86.53352355957031,-71.5868911743164,106.20094299316406,15.0,-0.1260528713464737,-0.11761458963155746,44000,-0.0787331759929657,-0.03777623176574707,0.004184246063232422,-0.07793080806732178,-0.04076724499464035,0.009677410125732422,24293.845703125,2433.940673828125,-28.74135971069336
20251024_131638.547321,1.0119893550872803,0.06562135368585587,0.9878872036933899,-0.011989355087280273,0.9343786239624023,0.012112796306610107,86.46194458007812,-71.59764862060547,106.2249526977539,15.0,-0.11232516169548035,-0.1090206429362297,44000,-0.07882732152938843,-0.03792167082428932,-0.00941455364227295,-0.07804238796234131,-0.04092321917414665,-0.01132965087890625,24293.447265625,2443.284423828125,-24.521350860595703
20251024_131638.557342,1.0120065212249756,0.06563667953014374,0.9878727197647095,-0.012006521224975586,0.9343633055686951,0.012127280235290527,86.48799133300781,-71.6566162109375,106.13956451416016,15.0,-0.1261635422706604,-0.1302952617406845,44000,-0.07889899611473083,-0.03806726634502411,-0.007167458534240723,-0.07803541421890259,-0.04107929393649101,0.0007081031799316406,24292.310546875,2452.627685546875,-69.88048553466797
20251024_131638.567199,1.0120054483413696,0.0656803548336029,0.987861692905426,-0.012005448341369629,0.9343196153640747,0.012138307094573975,86.36691284179688,-72.5078353881836,105.27610778808594,15.0,-0.12413372099399567,-0.11840660870075226,44000,-0.07795405387878418,-0.03821205347776413,0.09449422359466553,-0.07870101928710938,-0.0412360318005085,-0.06758451461791992,24291.314453125,2461.970703125,-61.261653900146484
20251024_131638.577611,1.0121078491210938,0.0657186433672905,0.9880070686340332,-0.01210784912109375,0.9342813491821289,0.011992931365966797,86.325927734375,-72.57819366455078,105.17491912841797,15.0,-0.021671883761882782,-0.1875215619802475,44000,-0.07870489358901978,-0.038356661796569824,-0.07508397102355957,-0.07804006338119507,-0.041392773389816284,0.06711244583129883,24292.52734375,2471.313720703125,74.63693237304688
20251024_131638.587366,1.012006163597107,0.06567199528217316,0.9878915548324585,-0.012006163597106934,0.934328019618988,0.012108445167541504,86.47445678710938,-71.88568878173828,105.94605255126953,15.0,-0.19214552640914917,-0.052320390939712524,44000,-0.0788106620311737,-0.03850205987691879,-0.010576844215393066,-0.07788664102554321,-0.041548699140548706,0.015578269958496094,24294.375,2480.657470703125,113.677978515625
