time_s,x,y,z,yaw,pitch,roll
20250807_155609,0.025836993008852005,1.1080106496810913,3.00132417678833,0.7951882481575012,0.5283468961715698,-2.227506399154663
20250807_155609,0.02583819068968296,1.1079868078231812,3.0013322830200195,0.7897281050682068,0.5026856064796448,-2.232781410217285
20250807_155609,0.025863589718937874,1.1079381704330444,3.001309871673584,0.7932425141334534,0.47124311327934265,-2.2180447578430176
20250807_155609,0.025867806747555733,1.107909083366394,3.0012738704681396,0.7840044498443604,0.48700442910194397,-2.206660032272339
20250807_155609,0.025876110419631004,1.1078795194625854,3.0012662410736084,0.7839317917823792,0.4616234600543976,-2.2033681869506836
20250807_155609,0.0258371289819479,1.1079100370407104,3.0012786388397217,0.7954418659210205,0.48925715684890747,-2.2072486877441406
20250807_155609,0.025846106931567192,1.1079634428024292,3.001307249069214,0.7899494171142578,0.5127716064453125,-2.2250120639801025
20250807_155609,0.025846093893051147,1.1080021858215332,3.0013206005096436,0.786884069442749,0.49808022379875183,-2.235243558883667
20250807_155609,0.025844015181064606,1.1080167293548584,3.001311779022217,0.7761456370353699,0.4942203760147095,-2.219700336456299
20250807_155609,0.025855960324406624,1.1079704761505127,3.0013105869293213,0.782964289188385,0.5009954571723938,-2.204186201095581
20250807_155609,0.025795945897698402,1.107966661453247,3.001264810562134,0.8403480648994446,0.6087086200714111,-2.211420774459839
20250807_155609,0.0258749071508646,1.1078603267669678,3.0012598037719727,0.796535313129425,0.4880351126194,-2.1876258850097656
20250807_155609,0.025855662301182747,1.107884168624878,3.0012543201446533,0.7820173501968384,0.487470805644989,-2.210592746734619
20250807_155609,0.02584943175315857,1.1079630851745605,3.001293182373047,0.7847840189933777,0.5069466829299927,-2.216862440109253
20250807_155609,0.02582864835858345,1.1080325841903687,3.001342535018921,0.7892773747444153,0.5127658843994141,-2.231487512588501
20250807_155609,0.025827456265687943,1.1080394983291626,3.0013387203216553,0.7798835635185242,0.5014428496360779,-2.2438607215881348
20250807_155609,0.025868408381938934,1.1079556941986084,3.0013039112091064,0.7822747230529785,0.5123346447944641,-2.1998798847198486
20250807_155609,0.025842398405075073,1.1078964471817017,3.001260280609131,0.7939361929893494,0.47801777720451355,-2.2244348526000977
20250807_155609,0.025869224220514297,1.1078470945358276,3.001258134841919,0.7865415811538696,0.48243746161460876,-2.1890711784362793
20250807_155609,0.02586572989821434,1.107871413230896,3.0012598037719727,0.7866061329841614,0.48056337237358093,-2.201730728149414
20250807_155609,0.02584424987435341,1.107967495918274,3.0012965202331543,0.7838928699493408,0.5109037756919861,-2.2335009574890137
20250807_155609,0.025841020047664642,1.1080396175384521,3.0013394355773926,0.7885550856590271,0.5178297162055969,-2.230896234512329
20250807_155609,0.02581721358001232,1.1080498695373535,3.0013415813446045,0.7904829978942871,0.49632588028907776,-2.2500476837158203
20250807_155609,0.025879444554448128,1.1079578399658203,3.00132155418396,0.773931086063385,0.49095600843429565,-2.214106321334839
20250807_155609,0.02586524933576584,1.1078786849975586,3.0012738704681396,0.7909127473831177,0.47970372438430786,-2.2059128284454346
20250807_155609,0.02586219646036625,1.1078450679779053,3.001235008239746,0.7845908999443054,0.4865055978298187,-2.1902430057525635
20250807_155609,0.025862520560622215,1.107859492301941,3.001258373260498,0.795313835144043,0.48748403787612915,-2.2207396030426025
20250807_155609,0.025842858478426933,1.1079602241516113,3.001312017440796,0.785322904586792,0.5038101673126221,-2.2202446460723877
20250807_155609,0.025848442688584328,1.108039140701294,3.0013489723205566,0.7867785096168518,0.4962995648384094,-2.2346408367156982
20250807_155609,0.025819677859544754,1.1080740690231323,3.0013296604156494,0.7715919017791748,0.48931968212127686,-2.229053258895874
20250807_155609,0.02584485523402691,1.1079775094985962,3.0012989044189453,0.7848779559135437,0.497774600982666,-2.2199697494506836
20250807_155609,0.025868138298392296,1.1078554391860962,3.001255989074707,0.7929171919822693,0.4860551655292511,-2.2044386863708496
20250807_155609,0.02587365172803402,1.107822060585022,3.001234769821167,0.7789981961250305,0.48064517974853516,-2.210559606552124
20250807_155609,0.02587529830634594,1.1078755855560303,3.0012571811676025,0.7734702229499817,0.46714407205581665,-2.2171459197998047
20250807_155609,0.025823455303907394,1.1079919338226318,3.001311779022217,0.7827507257461548,0.5145154595375061,-2.235264301300049
20250807_155609,0.025834135711193085,1.1080466508865356,3.001347780227661,0.7913139462471008,0.49998533725738525,-2.2347097396850586
20250807_155609,0.025831688195466995,1.1080375909805298,3.00132417678833,0.7875227332115173,0.511100709438324,-2.2517056465148926
20250807_155609,0.025858985260128975,1.1079556941986084,3.0012924671173096,0.7799784541130066,0.4941762089729309,-2.227539539337158
20250807_155609,0.025874914601445198,1.1078531742095947,3.001258373260498,0.783069908618927,0.47483354806900024,-2.2047412395477295
20250807_155609,0.02585490606725216,1.107842206954956,3.0012497901916504,0.7834301590919495,0.481780469417572,-2.2130017280578613
20250807_155609,0.025861887261271477,1.1079009771347046,3.0012640953063965,0.7969233989715576,0.4828473627567291,-2.2136170864105225
20250807_155609,0.02583250217139721,1.1079868078231812,3.0013034343719482,0.7927724123001099,0.5176188349723816,-2.2416274547576904
20250807_155609,0.025837279856204987,1.1080251932144165,3.001328468322754,0.7873392701148987,0.5085005164146423,-2.2245466709136963
20250807_155609,0.02584763988852501,1.1080130338668823,3.0013275146484375,0.7909924387931824,0.4958685636520386,-2.2220351696014404
20250807_155609,0.02584364451467991,1.1079691648483276,3.0013012886047363,0.7898390889167786,0.4995759427547455,-2.2098779678344727
20250807_155609,0.025865979492664337,1.1078901290893555,3.001260757446289,0.7967650294303894,0.5021393895149231,-2.2027950286865234
20250807_155609,0.025844603776931763,1.1078557968139648,3.001251459121704,0.7939909100532532,0.49446001648902893,-2.2159388065338135
20250807_155609,0.02586759254336357,1.1078766584396362,3.001272678375244,0.7916386723518372,0.482647567987442,-2.2027196884155273
20250807_155609,0.025846272706985474,1.107991337776184,3.0013136863708496,0.7921011447906494,0.5110716819763184,-2.2156267166137695
20250807_155609,0.025818299502134323,1.108058214187622,3.0013251304626465,0.7857776284217834,0.5120660066604614,-2.2141261100769043
20250807_155609,0.025841189548373222,1.1080292463302612,3.001323699951172,0.7878280878067017,0.5035458207130432,-2.2183682918548584
20250807_155609,0.025831883773207664,1.1079559326171875,3.001305103302002,0.7866507768630981,0.5158202648162842,-2.226677894592285
20250807_155609,0.025879565626382828,1.1078604459762573,3.0012741088867188,0.7848674654960632,0.4783933162689209,-2.2015538215637207
20250807_155609,0.02586076222360134,1.1078463792800903,3.001244068145752,0.7873644828796387,0.49082446098327637,-2.196873664855957
20250807_155609,0.02585761994123459,1.1078740358352661,3.0012621879577637,0.7839360237121582,0.4956234395503998,-2.217500686645508
20250807_155609,0.025843508541584015,1.10798978805542,3.0013132095336914,0.789526104927063,0.5089936852455139,-2.2377378940582275
20250807_155609,0.02581370435655117,1.108069658279419,3.0013418197631836,0.7908120155334473,0.5049166083335876,-2.226989984512329
20250807_155609,0.025854382663965225,1.1080268621444702,3.0013487339019775,0.7872555255889893,0.4857023358345032,-2.225472927093506
20250807_155609,0.025835461914539337,1.107973337173462,3.001314401626587,0.7871524691581726,0.5230146050453186,-2.2149391174316406
20250807_155609,0.025854554027318954,1.1078542470932007,3.00126314163208,0.7875722646713257,0.485117107629776,-2.1898438930511475
20250807_155609,0.025864940136671066,1.107837200164795,3.0012340545654297,0.7873782515525818,0.4790368974208832,-2.220968246459961
20250807_155609,0.025858957320451736,1.1078749895095825,3.0012524127960205,0.7818366289138794,0.48729395866394043,-2.2154541015625
20250807_155609,0.02586778812110424,1.1079766750335693,3.001304864883423,0.7727432250976562,0.48439404368400574,-2.2178757190704346
20250807_155609,0.025825904682278633,1.1080594062805176,3.001342296600342,0.7817708849906921,0.5076443552970886,-2.2294883728027344
20250807_155609,0.025847695767879486,1.1080385446548462,3.001354932785034,0.7852441668510437,0.49887338280677795,-2.226252317428589
20250807_155609,0.025844523683190346,1.1079668998718262,3.00132417678833,0.7890649437904358,0.518383800983429,-2.224334239959717
20250807_155609,0.025855328887701035,1.107875943183899,3.0012660026550293,0.7921534776687622,0.48437270522117615,-2.22786808013916
20250807_155609,0.025868436321616173,1.1078407764434814,3.001253843307495,0.786515474319458,0.4972420930862427,-2.2017364501953125
20250807_155609,0.025854725390672684,1.1078821420669556,3.001283884048462,0.791282594203949,0.4727349877357483,-2.210455894470215
20250807_155609,0.025870878249406815,1.1079717874526978,3.001322031021118,0.7800840735435486,0.5045419931411743,-2.204597234725952
20250807_155609,0.025823375210165977,1.108051061630249,3.0013222694396973,0.7872114777565002,0.49730637669563293,-2.2278149127960205
20250807_155609,0.025850817561149597,1.1079961061477661,3.0013184547424316,0.7816128134727478,0.5029397010803223,-2.2253377437591553
20250807_155609,0.025856146588921547,1.1079421043395996,3.001312494277954,0.7840301990509033,0.49043554067611694,-2.2351534366607666
20250807_155609,0.025873476639389992,1.107869267463684,3.0012733936309814,0.7885808348655701,0.481489360332489,-2.212599277496338
20250807_155609,0.025875354185700417,1.1078746318817139,3.0012643337249756,0.7871681451797485,0.48495689034461975,-2.2023062705993652
20250807_155609,0.025823155418038368,1.1079211235046387,3.0012900829315186,0.8055582642555237,0.49259239435195923,-2.2353909015655518
20250807_155609,0.025851523503661156,1.1079634428024292,3.0013208389282227,0.7981001138687134,0.5172557234764099,-2.2135093212127686
20250807_155609,0.025839265435934067,1.1080021858215332,3.001328468322754,0.7830817103385925,0.4840813875198364,-2.235196590423584
20250807_155609,0.025833189487457275,1.1080036163330078,3.0013115406036377,0.7786015868186951,0.5027169585227966,-2.2228012084960938
20250807_155609,0.025855427607893944,1.1079474687576294,3.001291275024414,0.7947203516960144,0.47643545269966125,-2.2348365783691406
20250807_155609,0.025837179273366928,1.107886791229248,3.0012738704681396,0.791935384273529,0.4807945191860199,-2.232232093811035
20250807_155609,0.025874022394418716,1.1078736782073975,3.001277446746826,0.796210765838623,0.5017194151878357,-2.2144525051116943
20250807_155609,0.025850703939795494,1.107922911643982,3.001288890838623,0.7913238406181335,0.4913281798362732,-2.2098162174224854
20250807_155609,0.025858117267489433,1.1079773902893066,3.00131893157959,0.7831790447235107,0.506474494934082,-2.2284533977508545
20250807_155609,0.02584213949739933,1.1080137491226196,3.0013318061828613,0.7868449091911316,0.5077335834503174,-2.229959011077881
20250807_155609,0.025840619578957558,1.1080117225646973,3.001333713531494,0.7915260791778564,0.5072953701019287,-2.228577136993408
20250807_155609,0.025858096778392792,1.107950210571289,3.0013115406036377,0.7846084833145142,0.5017651319503784,-2.2233176231384277
20250807_155609,0.025849640369415283,1.1078822612762451,3.0012693405151367,0.7907331585884094,0.48834264278411865,-2.2130277156829834
20250807_155609,0.025882015004754066,1.1078319549560547,3.0012779235839844,0.785618007183075,0.4877997636795044,-2.1700096130371094
20250807_155609,0.025846943259239197,1.1079063415527344,3.001293659210205,0.7955245971679688,0.4902770221233368,-2.2175493240356445
20250807_155609,0.02583969570696354,1.1080139875411987,3.0013179779052734,0.7855409979820251,0.5154847502708435,-2.23066782951355
20250807_155609,0.02583913505077362,1.1080418825149536,3.0013256072998047,0.7862637639045715,0.5043947696685791,-2.2339284420013428
20250807_155609,0.02582804299890995,1.1080024242401123,3.001332998275757,0.7937520146369934,0.5180553793907166,-2.2127206325531006
20250807_155610,0.025879302993416786,1.1079297065734863,3.001316785812378,0.7856166362762451,0.4823041558265686,-2.2104108333587646
20250807_155610,0.025848394259810448,1.107878565788269,3.0012669563293457,0.7912865281105042,0.48645758628845215,-2.20625638961792
20250807_155610,0.025864433497190475,1.107866644859314,3.0012550354003906,0.7907583117485046,0.4917670786380768,-2.197786569595337
20250807_155610,0.025853727012872696,1.1078985929489136,3.001281261444092,0.7923460602760315,0.4948500394821167,-2.21307373046875
20250807_155610,0.0258235614746809,1.1080013513565063,3.0013279914855957,0.7900917530059814,0.5131669640541077,-2.2487199306488037
20250807_155610,0.02585505321621895,1.1080271005630493,3.0013489723205566,0.7829363942146301,0.48864737153053284,-2.2276690006256104
20250807_155610,0.02583053521811962,1.108033299446106,3.0013222694396973,0.7905978560447693,0.5156369209289551,-2.2223827838897705
20250807_155610,0.025861375033855438,1.1079405546188354,3.0012872219085693,0.7765270471572876,0.5029414892196655,-2.2076916694641113
20250807_155610,0.0258469358086586,1.1078686714172363,3.001254081726074,0.788052499294281,0.4728270173072815,-2.204497814178467
20250807_155610,0.025854194536805153,1.1078652143478394,3.001253366470337,0.7878679633140564,0.46950599551200867,-2.209491491317749
20250807_155610,0.025851158425211906,1.1079118251800537,3.00126576423645,0.7945143580436707,0.4912484586238861,-2.1879961490631104
20250807_155610,0.02583356201648712,1.1079753637313843,3.0013060569763184,0.7834251523017883,0.5226345658302307,-2.2260472774505615
20250807_155610,0.025850795209407806,1.108012080192566,3.001328945159912,0.7901144027709961,0.4973633587360382,-2.219848871231079
20250807_155610,0.025814110413193703,1.1080247163772583,3.0013394355773926,0.7990134954452515,0.5204892158508301,-2.229975461959839
20250807_155610,0.025862405076622963,1.1079624891281128,3.001309394836426,0.7803311347961426,0.5118154883384705,-2.216679811477661
20250807_155610,0.025846341624855995,1.107893943786621,3.00128436088562,0.7913829684257507,0.4794289171695709,-2.21748423576355
20250807_155610,0.025842837989330292,1.1078661680221558,3.001272439956665,0.7843846678733826,0.49019551277160645,-2.1954715251922607
20250807_155610,0.02586689591407776,1.1078972816467285,3.0012781620025635,0.7942712903022766,0.49141430854797363,-2.202242374420166
20250807_155610,0.025832083076238632,1.1079720258712769,3.001298189163208,0.7892884612083435,0.5097349882125854,-2.2146546840667725
20250807_155610,0.025866348296403885,1.1079825162887573,3.0013184547424316,0.7868621349334717,0.5035848021507263,-2.237593412399292
20250807_155610,0.02584690786898136,1.1079983711242676,3.0013322830200195,0.7846629023551941,0.5025651454925537,-2.2343029975891113
20250807_155610,0.025843337178230286,1.1079726219177246,3.0013203620910645,0.7952579259872437,0.5145667791366577,-2.2251486778259277
20250807_155610,0.02586076594889164,1.107921838760376,3.001291513442993,0.8019568920135498,0.48668307065963745,-2.2278671264648438
20250807_155610,0.025835467502474785,1.1078903675079346,3.001276731491089,0.7978188395500183,0.48576030135154724,-2.220552444458008
20250807_155610,0.025861693546175957,1.107885718345642,3.001298666000366,0.796377420425415,0.4867282509803772,-2.1952667236328125
20250807_155610,0.02585427090525627,1.1079453229904175,3.001312017440796,0.7908124923706055,0.5294309854507446,-2.2181038856506348
20250807_155610,0.025862406939268112,1.10798978805542,3.0013177394866943,0.7887489199638367,0.49717479944229126,-2.2369208335876465
20250807_155610,0.025843385607004166,1.1080107688903809,3.0013186931610107,0.7860453724861145,0.5263767242431641,-2.218472719192505
20250807_155610,0.02584243379533291,1.1079660654067993,3.0013039112091064,0.7962883710861206,0.5179067254066467,-2.2165112495422363
20250807_155610,0.02587324194610119,1.1078819036483765,3.0012776851654053,0.799405574798584,0.48620519042015076,-2.184191942214966
20250807_155610,0.02583450637757778,1.1078989505767822,3.001272201538086,0.7846696376800537,0.4847831726074219,-2.21256685256958
20250807_155610,0.025857403874397278,1.1079375743865967,3.0013012886047363,0.782265841960907,0.5196889042854309,-2.2214303016662598
20250807_155610,0.02583046443760395,1.1079766750335693,3.0013177394866943,0.7899328470230103,0.5137314796447754,-2.2303545475006104
20250807_155610,0.02584444172680378,1.107987403869629,3.001319646835327,0.7861257195472717,0.5003739595413208,-2.207279682159424
20250807_155610,0.025850284844636917,1.10798180103302,3.0013132095336914,0.7942934632301331,0.5017426609992981,-2.2536118030548096
20250807_155610,0.025823714211583138,1.1079243421554565,3.0012874603271484,0.792201817035675,0.492399126291275,-2.223618745803833
20250807_155610,0.025867938995361328,1.1078566312789917,3.001275062561035,0.7885306477546692,0.47983863949775696,-2.2010228633880615
20250807_155610,0.025837646797299385,1.1078946590423584,3.0012905597686768,0.7991246581077576,0.4908475875854492,-2.2241411209106445
20250807_155610,0.025827059522271156,1.1079835891723633,3.0013136863708496,0.7980894446372986,0.5057804584503174,-2.243386745452881
20250807_155610,0.025839991867542267,1.1080118417739868,3.001323699951172,0.783649206161499,0.5086780190467834,-2.2292075157165527
20250807_155610,0.025843050330877304,1.1079728603363037,3.0013253688812256,0.7902299761772156,0.5012137293815613,-2.206606388092041
20250807_155610,0.025864072144031525,1.1079378128051758,3.001307249069214,0.7909672856330872,0.5210008025169373,-2.2230679988861084
20250807_155610,0.025831205770373344,1.1079078912734985,3.001269817352295,0.7943958044052124,0.49930423498153687,-2.2151939868927
20250807_155610,0.025849202647805214,1.1078770160675049,3.0012621879577637,0.783653736114502,0.47734829783439636,-2.2127578258514404
20250807_155610,0.025845374912023544,1.1078922748565674,3.0013012886047363,0.7931253910064697,0.4868202209472656,-2.226215124130249
20250807_155610,0.025855356827378273,1.1079652309417725,3.0013420581817627,0.7775580883026123,0.4941856861114502,-2.2109124660491943
20250807_155610,0.025851352140307426,1.108016014099121,3.001352071762085,0.7863051891326904,0.5020698308944702,-2.202080726623535
20250807_155610,0.02582867071032524,1.108019232749939,3.0013251304626465,0.7923729419708252,0.5111828446388245,-2.218890905380249
20250807_155610,0.025860868394374847,1.1079274415969849,3.001297950744629,0.7963218092918396,0.48986732959747314,-2.2013895511627197
20250807_155610,0.02585241012275219,1.1078693866729736,3.0012781620025635,0.79156094789505,0.49869006872177124,-2.2190515995025635
20250807_155610,0.025865579023957253,1.10786771774292,3.001272678375244,0.7977589964866638,0.49236592650413513,-2.214689254760742
20250807_155610,0.025849176570773125,1.1079334020614624,3.0012855529785156,0.7959297299385071,0.48399972915649414,-2.214761257171631
20250807_155610,0.02582418918609619,1.107993483543396,3.00131893157959,0.7831159830093384,0.4837251603603363,-2.2419703006744385
20250807_155610,0.025848345831036568,1.1080044507980347,3.001342535018921,0.7803311944007874,0.4987976849079132,-2.2272450923919678
20250807_155610,0.02582119219005108,1.1080025434494019,3.0013315677642822,0.790307879447937,0.5154941082000732,-2.228837251663208
20250807_155610,0.025846295058727264,1.1079312562942505,3.001286506652832,0.7951489090919495,0.4830363690853119,-2.2130613327026367
20250807_155610,0.02583678625524044,1.1078819036483765,3.001264810562134,0.8012700080871582,0.48806875944137573,-2.2241737842559814
20250807_155610,0.02583565004169941,1.107849359512329,3.0012729167938232,0.7990816831588745,0.494978129863739,-2.2126338481903076
20250807_155610,0.02584255486726761,1.107918381690979,3.001288652420044,0.7989566922187805,0.48951685428619385,-2.2161898612976074
20250807_155610,0.025825515389442444,1.1079961061477661,3.0013046264648438,0.7919706106185913,0.5174553990364075,-2.2425620555877686
20250807_155610,0.025850092992186546,1.1080114841461182,3.0013210773468018,0.7764501571655273,0.47738179564476013,-2.2064943313598633
20250807_155610,0.025826700031757355,1.1079894304275513,3.001317262649536,0.7925955653190613,0.49201565980911255,-2.233823537826538
20250807_155610,0.025840865448117256,1.107956886291504,3.001293659210205,0.7886431217193604,0.5054126381874084,-2.213834524154663
20250807_155610,0.025846056640148163,1.1078916788101196,3.001256227493286,0.7960963845252991,0.4951927959918976,-2.199352264404297
20250807_155610,0.025838499888777733,1.107840895652771,3.0012459754943848,0.7894244194030762,0.4703849256038666,-2.209777593612671
20250807_155610,0.025861836969852448,1.1078625917434692,3.001277208328247,0.7989512085914612,0.47996312379837036,-2.1987078189849854
20250807_155610,0.025826601311564445,1.1079901456832886,3.001316547393799,0.7962697744369507,0.5088836550712585,-2.243583917617798
20250807_155610,0.02581300586462021,1.1080574989318848,3.001340866088867,0.7895077466964722,0.5188575983047485,-2.2149784564971924
20250807_155610,0.025815248489379883,1.1080565452575684,3.001335382461548,0.7920438647270203,0.5159514546394348,-2.2324907779693604
20250807_155610,0.02584412693977356,1.1079500913619995,3.00130033493042,0.7900124788284302,0.5004861950874329,-2.2004504203796387
20250807_155610,0.02586585469543934,1.1078482866287231,3.0012612342834473,0.7866448760032654,0.47380125522613525,-2.1951005458831787
20250807_155610,0.025845393538475037,1.1078506708145142,3.0012354850769043,0.7901636958122253,0.4921029508113861,-2.2123405933380127
20250807_155610,0.025857526808977127,1.1078968048095703,3.0012552738189697,0.7920935750007629,0.5030131340026855,-2.216338634490967
20250807_155610,0.025834305211901665,1.107964277267456,3.001314163208008,0.7864726781845093,0.5088586807250977,-2.215695858001709
20250807_155610,0.025833534076809883,1.1080394983291626,3.001357316970825,0.8006623387336731,0.5202377438545227,-2.224653959274292
20250807_155610,0.02582613378763199,1.1080657243728638,3.0013551712036133,0.7962002754211426,0.5081814527511597,-2.208375930786133
20250807_155610,0.025824081152677536,1.1079883575439453,3.0013134479522705,0.787322998046875,0.5162608623504639,-2.2424092292785645
20250807_155610,0.025868834927678108,1.1078484058380127,3.001265287399292,0.7941319942474365,0.48761072754859924,-2.1943814754486084
20250807_155610,0.025847703218460083,1.1078182458877563,3.0012471675872803,0.7961957454681396,0.49897849559783936,-2.2025856971740723
20250807_155610,0.025859735906124115,1.1078779697418213,3.0012640953063965,0.7875487208366394,0.48109564185142517,-2.2041499614715576
20250807_155610,0.025841685011982918,1.1079869270324707,3.001300573348999,0.7817103862762451,0.5208069086074829,-2.2065210342407227
20250807_155610,0.02583017572760582,1.1080307960510254,3.0013427734375,0.7973716855049133,0.5119712948799133,-2.212628126144409
20250807_155610,0.025841783732175827,1.1080373525619507,3.0013530254364014,0.7927783131599426,0.5011974573135376,-2.2158868312835693
20250807_155610,0.025826094672083855,1.1080023050308228,3.001310348510742,0.7889232039451599,0.4997406601905823,-2.249526262283325
20250807_155610,0.025862397626042366,1.1078795194625854,3.0012545585632324,0.7953031063079834,0.47637951374053955,-2.2079622745513916
20250807_155610,0.02585454471409321,1.1078275442123413,3.0012423992156982,0.7892759442329407,0.4890480041503906,-2.1994621753692627
20250807_155610,0.025847408920526505,1.107847809791565,3.001263380050659,0.787761390209198,0.4763387143611908,-2.20345139503479
20250807_155610,0.025833534076809883,1.1079597473144531,3.001295804977417,0.7911466360092163,0.5338664650917053,-2.206449031829834
20250807_155610,0.02580178901553154,1.1080440282821655,3.0013270378112793,0.7963613271713257,0.5186113119125366,-2.2379140853881836
20250807_155610,0.02584412693977356,1.1080223321914673,3.001347780227661,0.7915910482406616,0.48927900195121765,-2.2140941619873047
20250807_155610,0.025831226259469986,1.107993245124817,3.001319646835327,0.7888938784599304,0.49787411093711853,-2.218000650405884
20250807_155610,0.025854572653770447,1.1079187393188477,3.0012710094451904,0.8025050759315491,0.4935964047908783,-2.2237050533294678
20250807_155610,0.02584603987634182,1.107869267463684,3.0012285709381104,0.7873663306236267,0.4905359745025635,-2.208165407180786
20250807_155610,0.025848722085356712,1.1078383922576904,3.0012292861938477,0.7907871007919312,0.49398788809776306,-2.2034621238708496
20250807_155610,0.02585783042013645,1.1078816652297974,3.001279830932617,0.7922179698944092,0.48273518681526184,-2.2114338874816895
20250807_155610,0.025814823806285858,1.1080294847488403,3.0013418197631836,0.8000540137290955,0.5181706547737122,-2.2077419757843018
20250807_155610,0.02582097426056862,1.1080976724624634,3.0013551712036133,0.7861922979354858,0.4938306212425232,-2.237175941467285
20250807_155610,0.025817357003688812,1.1080372333526611,3.001328468322754,0.7939431667327881,0.5188711285591125,-2.2276909351348877
20250807_155610,0.02584925666451454,1.107893466949463,3.0012896060943604,0.7970585823059082,0.4759007394313812,-2.2069766521453857
20250807_155610,0.025861673057079315,1.107839584350586,3.001246213912964,0.7914927005767822,0.49281787872314453,-2.2270302772521973
20250807_155611,0.02584865503013134,1.1078367233276367,3.0012366771698,0.7866294384002686,0.49605798721313477,-2.213282346725464
20250807_155611,0.02586548402905464,1.1078851222991943,3.0012717247009277,0.7894454598426819,0.47811752557754517,-2.2068417072296143
20250807_155611,0.02581527829170227,1.108014464378357,3.0013294219970703,0.7958846688270569,0.5079517364501953,-2.246013879776001
20250807_155611,0.025822589173913002,1.1080920696258545,3.001361608505249,0.787141740322113,0.4877161383628845,-2.2383270263671875
20250807_155611,0.0258235651999712,1.108054757118225,3.0013344287872314,0.7937265634536743,0.492319256067276,-2.2404468059539795
20250807_155611,0.025843948125839233,1.107906699180603,3.0012729167938232,0.7973822951316833,0.49042513966560364,-2.211083173751831
20250807_155611,0.02587030827999115,1.1078166961669922,3.001244068145752,0.7922629714012146,0.49675142765045166,-2.189340591430664
20250807_155611,0.0258217491209507,1.1078416109085083,3.0012452602386475,0.8013994097709656,0.4927106499671936,-2.208770513534546
20250807_155611,0.025836996734142303,1.1079283952713013,3.001282215118408,0.798864483833313,0.48491770029067993,-2.2226955890655518
20250807_155611,0.02582063525915146,1.1080269813537598,3.001328706741333,0.7958155274391174,0.5133406519889832,-2.2217631340026855
20250807_155611,0.025834450498223305,1.1080217361450195,3.0013504028320312,0.7939233183860779,0.48901116847991943,-2.202148199081421
20250807_155611,0.025838417932391167,1.1080135107040405,3.0013320446014404,0.8006048798561096,0.49416276812553406,-2.2268922328948975
20250807_155611,0.025812745094299316,1.1079492568969727,3.0012781620025635,0.808118462562561,0.5059047341346741,-2.2275397777557373
20250807_155611,0.025851869955658913,1.1078544855117798,3.0012457370758057,0.7959112524986267,0.4881381392478943,-2.2246601581573486
20250807_155611,0.025844857096672058,1.1078435182571411,3.001242160797119,0.7941303253173828,0.4747645854949951,-2.212416887283325
20250807_155611,0.025842580944299698,1.1078999042510986,3.0012881755828857,0.7981476783752441,0.47463560104370117,-2.2088732719421387
20250807_155611,0.025819558650255203,1.1080323457717896,3.0013186931610107,0.7909660339355469,0.501431405544281,-2.21802020072937
20250807_155611,0.02581845223903656,1.1080479621887207,3.0013232231140137,0.791124165058136,0.5086764097213745,-2.232771396636963
20250807_155611,0.025843439623713493,1.1079747676849365,3.001311779022217,0.7883082628250122,0.4956713318824768,-2.208622694015503
20250807_155611,0.025822199881076813,1.107917308807373,3.0012974739074707,0.7973797917366028,0.4889293313026428,-2.1969335079193115
20250807_155611,0.02585131675004959,1.107895016670227,3.0012688636779785,0.7882267236709595,0.4778110682964325,-2.19700026512146
20250807_155611,0.02582854963839054,1.1078872680664062,3.00125789642334,0.792497456073761,0.48003533482551575,-2.2252633571624756
20250807_155611,0.025835758075118065,1.1078988313674927,3.0012741088867188,0.7947827577590942,0.49501940608024597,-2.202632427215576
20250807_155611,0.025850167497992516,1.1079597473144531,3.001307487487793,0.7857810854911804,0.48984870314598083,-2.2310550212860107
20250807_155611,0.025801386684179306,1.1080211400985718,3.001309394836426,0.8027914762496948,0.537813127040863,-2.2381887435913086
20250807_155611,0.025835972279310226,1.10799241065979,3.0013017654418945,0.7915211319923401,0.5070124268531799,-2.229670524597168
20250807_155611,0.025823106989264488,1.1079570055007935,3.00129771232605,0.792281448841095,0.5090010762214661,-2.2348294258117676
20250807_155611,0.025830470025539398,1.1078907251358032,3.001276969909668,0.7900518774986267,0.4829840660095215,-2.203462600708008
20250807_155611,0.02579084224998951,1.1079484224319458,3.001235008239746,0.8573881387710571,0.6188693642616272,-2.2136623859405518
20250807_155611,0.025824030861258507,1.1079143285751343,3.001255512237549,0.7970583438873291,0.4928051829338074,-2.2129428386688232
20250807_155611,0.025846747681498528,1.1079421043395996,3.0012924671173096,0.7821930050849915,0.5104783177375793,-2.2138664722442627
20250807_155611,0.025815041735768318,1.1079957485198975,3.0013253688812256,0.7958319187164307,0.5071666836738586,-2.2233786582946777
20250807_155611,0.025835508480668068,1.108005166053772,3.0013206005096436,0.7977046370506287,0.5129024982452393,-2.235506534576416
20250807_155611,0.02582348883152008,1.1079663038253784,3.0012922286987305,0.792342483997345,0.5288369059562683,-2.2265851497650146
20250807_155611,0.025846749544143677,1.1078671216964722,3.001258134841919,0.7954204082489014,0.46968311071395874,-2.181534767150879
20250807_155611,0.02586170844733715,1.107846975326538,3.0012669563293457,0.7893913984298706,0.4748994708061218,-2.2191600799560547
20250807_155611,0.025821229442954063,1.1079353094100952,3.0012800693511963,0.8045861721038818,0.49303871393203735,-2.2381861209869385
20250807_155611,0.025826578959822655,1.107998013496399,3.0013060569763184,0.7963998913764954,0.5106000304222107,-2.2060415744781494
20250807_155611,0.025810210034251213,1.1079893112182617,3.001298427581787,0.790570855140686,0.506848931312561,-2.219813823699951
20250807_155611,0.02583717554807663,1.1079285144805908,3.001298666000366,0.7919213175773621,0.5098994970321655,-2.207237482070923
20250807_155611,0.02584208734333515,1.1078888177871704,3.0012948513031006,0.8012064695358276,0.4778392016887665,-2.2151684761047363
20250807_155611,0.025823475793004036,1.1079176664352417,3.001264810562134,0.802604615688324,0.4833856523036957,-2.235856771469116
20250807_155611,0.025849193334579468,1.1079131364822388,3.001265525817871,0.7863821983337402,0.47877955436706543,-2.20497465133667
20250807_155611,0.025819214060902596,1.107956051826477,3.0013046264648438,0.8004646301269531,0.5200150609016418,-2.2432291507720947
20250807_155611,0.02583121508359909,1.1079885959625244,3.0013341903686523,0.7981114387512207,0.49985137581825256,-2.228558301925659
20250807_155611,0.0258305836468935,1.1079795360565186,3.001314401626587,0.7904685735702515,0.5051146745681763,-2.238602638244629
20250807_155611,0.02584437094628811,1.1079131364822388,3.0012779235839844,0.788129985332489,0.4739670753479004,-2.2086095809936523
20250807_155611,0.025857513770461082,1.1078583002090454,3.0012567043304443,0.7990593314170837,0.4858923852443695,-2.1967971324920654
20250807_155611,0.02582833543419838,1.1078814268112183,3.001264810562134,0.8024463057518005,0.5010073184967041,-2.2215702533721924
20250807_155611,0.02584603615105152,1.1079120635986328,3.0012757778167725,0.7887663841247559,0.48467203974723816,-2.1910157203674316
20250807_155611,0.025820553302764893,1.1079838275909424,3.0013089179992676,0.8024340867996216,0.5230064988136292,-2.219656229019165
20250807_155611,0.02583756297826767,1.1079905033111572,3.0013153553009033,0.7874706983566284,0.505627453327179,-2.2095704078674316
20250807_155611,0.025817861780524254,1.1079916954040527,3.001314640045166,0.7991341948509216,0.5250409841537476,-2.222219228744507
20250807_155611,0.025814292952418327,1.1079493761062622,3.001281976699829,0.8111273050308228,0.4901193678379059,-2.2243099212646484
20250807_155611,0.025869987905025482,1.1078680753707886,3.0012593269348145,0.7931767702102661,0.4795796871185303,-2.208935022354126
20250807_155611,0.02584572695195675,1.1078490018844604,3.0012478828430176,0.7904451489448547,0.4713096618652344,-2.204458713531494
20250807_155611,0.02583818882703781,1.1079035997390747,3.0012714862823486,0.7891865968704224,0.4741027355194092,-2.2236735820770264
20250807_155611,0.025805601850152016,1.1080002784729004,3.00130295753479,0.8036404252052307,0.5136280059814453,-2.2351138591766357
20250807_155611,0.02579132467508316,1.1080374717712402,3.0013129711151123,0.7988397479057312,0.5258095860481262,-2.2189176082611084
20250807_155611,0.025840409100055695,1.107987403869629,3.0013179779052734,0.7904872894287109,0.489653617143631,-2.220431327819824
20250807_155611,0.02581704780459404,1.1079634428024292,3.001288414001465,0.793064534664154,0.5079411268234253,-2.2305774688720703
20250807_155611,0.025843150913715363,1.107899785041809,3.0012474060058594,0.7965688109397888,0.47454050183296204,-2.194085121154785
20250807_155611,0.02583952248096466,1.107877492904663,3.0012335777282715,0.7956936359405518,0.48130324482917786,-2.2147207260131836
20250807_155611,0.025848932564258575,1.1078578233718872,3.0012576580047607,0.7996716499328613,0.4909439980983734,-2.207172393798828
20250807_155611,0.025830216705799103,1.107961893081665,3.001302719116211,0.8004264831542969,0.5102691054344177,-2.232283115386963
20250807_155611,0.025802792981266975,1.1080600023269653,3.0013341903686523,0.8013077974319458,0.5124092102050781,-2.223788261413574
20250807_155611,0.025818433612585068,1.1080492734909058,3.0013294219970703,0.785193920135498,0.49127453565597534,-2.227827787399292
20250807_155611,0.025818653404712677,1.1079785823822021,3.0012989044189453,0.7919173240661621,0.49201369285583496,-2.239426612854004
20250807_155611,0.025858934968709946,1.1078678369522095,3.001258134841919,0.793563187122345,0.466848760843277,-2.2245547771453857
20250807_155611,0.02584143914282322,1.107838749885559,3.0012285709381104,0.796978771686554,0.49839118123054504,-2.196377754211426
20250807_155611,0.025845307856798172,1.1078606843948364,3.001239538192749,0.7908661365509033,0.48276403546333313,-2.2074122428894043
20250807_155611,0.025856219232082367,1.1079535484313965,3.0012998580932617,0.7933372259140015,0.5121995806694031,-2.2305660247802734
20250807_155611,0.02579045109450817,1.1080483198165894,3.0013442039489746,0.7971636652946472,0.5052521824836731,-2.223785400390625
20250807_155611,0.025820862501859665,1.1080641746520996,3.001343011856079,0.7880980968475342,0.48435544967651367,-2.233541488647461
20250807_155611,0.025818148627877235,1.108008861541748,3.0013136863708496,0.7963404655456543,0.5046368837356567,-2.232170581817627
20250807_155611,0.02583962306380272,1.1078697443008423,3.0012545585632324,0.7948575019836426,0.4864395260810852,-2.1959197521209717
20250807_155611,0.025861376896500587,1.1078052520751953,3.0012259483337402,0.7891727089881897,0.4798886775970459,-2.1900672912597656
20250807_155611,0.02582475170493126,1.1078671216964722,3.001237392425537,0.8001888394355774,0.48312267661094666,-2.2269487380981445
20250807_155611,0.025832952931523323,1.1079710721969604,3.0012905597686768,0.7974025011062622,0.5138809680938721,-2.2332255840301514
20250807_155611,0.025809867307543755,1.1080543994903564,3.0013320446014404,0.8018718957901001,0.5170139670372009,-2.2230966091156006
20250807_155611,0.025828957557678223,1.1080390214920044,3.0013442039489746,0.7977189421653748,0.4973912239074707,-2.2148244380950928
20250807_155611,0.025819547474384308,1.108005404472351,3.001333236694336,0.797978937625885,0.49715590476989746,-2.240150213241577
20250807_155611,0.025830499827861786,1.1079021692276,3.0012598037719727,0.7940086126327515,0.4959363341331482,-2.189774990081787
20250807_155611,0.02586032822728157,1.1078085899353027,3.0012097358703613,0.7831025123596191,0.5066555738449097,-2.1759884357452393
20250807_155611,0.02584872953593731,1.107813835144043,3.0012295246124268,0.7966150045394897,0.4945656359195709,-2.2027344703674316
20250807_155611,0.025842374190688133,1.1079269647598267,3.0012917518615723,0.7987180352210999,0.47671255469322205,-2.2328343391418457
20250807_155611,0.02580362930893898,1.1080858707427979,3.001335382461548,0.8039754033088684,0.5343879461288452,-2.2263057231903076
20250807_155611,0.02581869065761566,1.1080743074417114,3.001333236694336,0.7905818223953247,0.49398165941238403,-2.2223262786865234
20250807_155611,0.02583848126232624,1.1079785823822021,3.0013134479522705,0.7995185256004333,0.5022476315498352,-2.2276804447174072
20250807_155611,0.025819845497608185,1.1078838109970093,3.001267910003662,0.7993894815444946,0.46514275670051575,-2.228472948074341
20250807_155611,0.025857772678136826,1.1078109741210938,3.0012240409851074,0.7845246195793152,0.4833240807056427,-2.1898984909057617
20250807_155611,0.02584233321249485,1.1078306436538696,3.0012218952178955,0.7911205291748047,0.47928711771965027,-2.193932294845581
20250807_155611,0.025849124416708946,1.1078970432281494,3.001262903213501,0.7949848771095276,0.4880959093570709,-2.227499485015869
20250807_155611,0.025816120207309723,1.1080358028411865,3.0013279914855957,0.8087263107299805,0.5210120677947998,-2.244044542312622
20250807_155611,0.025803755968809128,1.108092188835144,3.0013554096221924,0.8032082915306091,0.5065968632698059,-2.237607479095459
20250807_155611,0.02584092877805233,1.1080286502838135,3.001347780227661,0.7961788773536682,0.502538800239563,-2.206151247024536
20250807_155611,0.025817014276981354,1.107917070388794,3.0012781620025635,0.794899046421051,0.4776048958301544,-2.235769748687744
20250807_155611,0.025849102064967155,1.107828974723816,3.0012402534484863,0.7931122183799744,0.48640167713165283,-2.200093984603882
20250807_155611,0.025828983634710312,1.1078447103500366,3.001234769821167,0.8024832606315613,0.5049736499786377,-2.2314629554748535
20250807_155611,0.02583959326148033,1.10791015625,3.0012638568878174,0.795591413974762,0.4800008535385132,-2.2248077392578125
20250807_155612,0.02582952193915844,1.1080137491226196,3.0013186931610107,0.8024633526802063,0.5145804286003113,-2.2278239727020264
20250807_155612,0.025795359164476395,1.1080609560012817,3.0013515949249268,0.7993162870407104,0.5030340552330017,-2.2211430072784424
20250807_155612,0.025825098156929016,1.1080440282821655,3.001344919204712,0.7983998656272888,0.5127461552619934,-2.2153069972991943
20250807_155612,0.02582385577261448,1.1079624891281128,3.0012924671173096,0.7946265339851379,0.5234341025352478,-2.2420785427093506
20250807_155612,0.025862446054816246,1.1078330278396606,3.0012502670288086,0.7930660843849182,0.48277726769447327,-2.201296091079712
20250807_155612,0.025856338441371918,1.107839822769165,3.0012412071228027,0.7971557974815369,0.4949624240398407,-2.223463296890259
20250807_155612,0.025833284482359886,1.107927918434143,3.001267910003662,0.80351322889328,0.49042338132858276,-2.213350296020508
20250807_155612,0.025841467082500458,1.1080230474472046,3.0013041496276855,0.7970428466796875,0.5107237100601196,-2.2220821380615234
20250807_155612,0.02580290101468563,1.1080403327941895,3.0013251304626465,0.7979137301445007,0.5131611227989197,-2.2466070652008057
20250807_155612,0.02583869732916355,1.1079849004745483,3.0013227462768555,0.7935070395469666,0.4954145550727844,-2.2396883964538574
20250807_155612,0.025825146585702896,1.1079548597335815,3.001281499862671,0.7921334505081177,0.5126544833183289,-2.243281364440918
20250807_155612,0.025838647037744522,1.1078822612762451,3.0012402534484863,0.8025200366973877,0.49755316972732544,-2.206899642944336
20250807_155612,0.025849713012576103,1.1078635454177856,3.0012388229370117,0.7851610779762268,0.47323012351989746,-2.2059624195098877
20250807_155612,0.025808507576584816,1.107925295829773,3.0012693405151367,0.7993916273117065,0.4941706955432892,-2.208505392074585
20250807_155612,0.025833768770098686,1.1079899072647095,3.0013198852539062,0.7912907600402832,0.4885927438735962,-2.2376151084899902
20250807_155612,0.025810396298766136,1.108039379119873,3.001329183578491,0.8048222064971924,0.5147742033004761,-2.236748218536377
20250807_155612,0.025854747742414474,1.1079996824264526,3.0013113021850586,0.8011879324913025,0.5164505243301392,-2.214006185531616
20250807_155612,0.025835247710347176,1.1079357862472534,3.0012714862823486,0.8035262823104858,0.48835134506225586,-2.2124013900756836
20250807_155612,0.025827666744589806,1.1078821420669556,3.00126051902771,0.807150661945343,0.4937891364097595,-2.2198562622070312
20250807_155612,0.025844387710094452,1.1078810691833496,3.0012574195861816,0.8004412055015564,0.5033003091812134,-2.197463035583496
20250807_155612,0.025823697447776794,1.1079508066177368,3.001274347305298,0.7849937081336975,0.5190330147743225,-2.1993906497955322
20250807_155612,0.025834733620285988,1.1079869270324707,3.001312494277954,0.7869446873664856,0.5186694860458374,-2.2055957317352295
20250807_155612,0.025804203003644943,1.1080304384231567,3.001343011856079,0.7941650748252869,0.5047070384025574,-2.2560553550720215
20250807_155612,0.025824790820479393,1.1080113649368286,3.0013296604156494,0.7980620861053467,0.5249355435371399,-2.24617600440979
20250807_155612,0.025874000042676926,1.1078994274139404,3.0012755393981934,0.7966399192810059,0.4958200454711914,-2.1963303089141846
20250807_155612,0.02585454098880291,1.1078389883041382,3.0012528896331787,0.7972224950790405,0.49384045600891113,-2.200765609741211
20250807_155612,0.025861354544758797,1.1078636646270752,3.0012710094451904,0.8069503307342529,0.48867401480674744,-2.2047507762908936
20250807_155612,0.025830743834376335,1.1079790592193604,3.001295566558838,0.8027001619338989,0.5446377992630005,-2.2291228771209717
20250807_155612,0.025854118168354034,1.1080037355422974,3.001300573348999,0.7920520901679993,0.525624692440033,-2.2191832065582275
20250807_155612,0.025852669030427933,1.107983946800232,3.0013091564178467,0.8020512461662292,0.5038885474205017,-2.212481737136841
20250807_155612,0.025825021788477898,1.107953429222107,3.001297950744629,0.7907469868659973,0.5108761191368103,-2.231454610824585
20250807_155612,0.025830507278442383,1.1078909635543823,3.0012664794921875,0.8041850328445435,0.48777955770492554,-2.2100799083709717
20250807_155612,0.02581886015832424,1.1078746318817139,3.0012428760528564,0.804314911365509,0.5012300610542297,-2.219447374343872
20250807_155612,0.02584497071802616,1.1078763008117676,3.0012598037719727,0.7938213348388672,0.47752612829208374,-2.208030939102173
20250807_155612,0.02580750733613968,1.1079667806625366,3.0013110637664795,0.7969093322753906,0.5188910961151123,-2.2208473682403564
20250807_155612,0.025813233107328415,1.1080358028411865,3.001330852508545,0.7927834987640381,0.5099125504493713,-2.2206809520721436
20250807_155612,0.025818098336458206,1.108039379119873,3.0013186931610107,0.8039478659629822,0.5174201726913452,-2.238208532333374
20250807_155612,0.025813018903136253,1.1079392433166504,3.001286268234253,0.7969063520431519,0.47528836131095886,-2.1993472576141357
20250807_155612,0.0258446354418993,1.1078540086746216,3.001253843307495,0.7989187240600586,0.47374358773231506,-2.2039506435394287
20250807_155612,0.025811485946178436,1.1078760623931885,3.001251220703125,0.8065444827079773,0.49636343121528625,-2.2005455493927
20250807_155612,0.025846486911177635,1.1079216003417969,3.001272439956665,0.8006196022033691,0.4786915183067322,-2.20821475982666
20250807_155612,0.025828085839748383,1.1079922914505005,3.0013058185577393,0.7901109457015991,0.5014761090278625,-2.2123630046844482
20250807_155612,0.025793714448809624,1.1080193519592285,3.0013232231140137,0.7975128293037415,0.5056864619255066,-2.2132370471954346
20250807_155612,0.025811003521084785,1.1080127954483032,3.001328229904175,0.8043798804283142,0.5130159854888916,-2.2103168964385986
20250807_155612,0.02581477165222168,1.1079317331314087,3.001278877258301,0.8116838335990906,0.5011518597602844,-2.222010850906372
20250807_155612,0.025860898196697235,1.1078295707702637,3.0012471675872803,0.7928338050842285,0.4760993719100952,-2.19822096824646
20250807_155612,0.02582944743335247,1.1078574657440186,3.001258134841919,0.7988553047180176,0.49164050817489624,-2.2149479389190674
20250807_155612,0.02581661194562912,1.1079306602478027,3.0012805461883545,0.8052613735198975,0.49779003858566284,-2.230151653289795
20250807_155612,0.025841090828180313,1.10800302028656,3.001303195953369,0.7957977056503296,0.507096529006958,-2.240449905395508
20250807_155612,0.025827603414654732,1.108011245727539,3.001311779022217,0.79867023229599,0.5022449493408203,-2.2323107719421387
20250807_155612,0.025854190811514854,1.107969880104065,3.0013086795806885,0.7964707612991333,0.49688154458999634,-2.2202088832855225
20250807_155612,0.025815552100539207,1.1079589128494263,3.001279830932617,0.8003426790237427,0.5009704232215881,-2.2191193103790283
20250807_155612,0.025845441967248917,1.1079020500183105,3.00126051902771,0.8001976013183594,0.4877605140209198,-2.2091612815856934
20250807_155612,0.025848418474197388,1.107875943183899,3.001262664794922,0.7934562563896179,0.4733830988407135,-2.1971864700317383
20250807_155612,0.02584139257669449,1.1079092025756836,3.0012757778167725,0.7977637648582458,0.4930577874183655,-2.2238986492156982
20250807_155612,0.025846442207694054,1.1079621315002441,3.0013067722320557,0.7876148819923401,0.49890193343162537,-2.217097043991089
20250807_155612,0.025809137150645256,1.108032464981079,3.0013227462768555,0.7949207425117493,0.5256916880607605,-2.2315516471862793
20250807_155612,0.025830740109086037,1.1080024242401123,3.001309871673584,0.8014864921569824,0.5323296785354614,-2.2261693477630615
20250807_155612,0.025823650881648064,1.107934594154358,3.001277446746826,0.8043566942214966,0.4846562445163727,-2.2300610542297363
20250807_155612,0.02582843229174614,1.107884168624878,3.001269817352295,0.8105723261833191,0.48793819546699524,-2.1981728076934814
20250807_155612,0.025856170803308487,1.1078969240188599,3.0012733936309814,0.7947614192962646,0.4980129599571228,-2.205423355102539
20250807_155612,0.025835856795310974,1.1079221963882446,3.0012705326080322,0.8007598519325256,0.4930800497531891,-2.2054014205932617
20250807_155612,0.025832831859588623,1.107972264289856,3.0012950897216797,0.7849670648574829,0.5176851749420166,-2.2317378520965576
20250807_155612,0.025800853967666626,1.1080288887023926,3.0013248920440674,0.8097628355026245,0.5176170468330383,-2.2234432697296143
20250807_155612,0.025829114019870758,1.1080127954483032,3.001319169998169,0.7963709831237793,0.5139893293380737,-2.240385055541992
20250807_155612,0.02585734613239765,1.1079341173171997,3.0012998580932617,0.787373423576355,0.4983799457550049,-2.2163634300231934
20250807_155612,0.025848625227808952,1.1078671216964722,3.0012893676757812,0.8000965714454651,0.47814059257507324,-2.183908224105835
20250807_155612,0.025843510404229164,1.1078966856002808,3.001283884048462,0.7988336682319641,0.48484015464782715,-2.216052293777466
20250807_155612,0.02581154555082321,1.1079542636871338,3.00128436088562,0.8069331049919128,0.4929559528827667,-2.2586421966552734
20250807_155612,0.025865456089377403,1.1079727411270142,3.0012989044189453,0.7842040657997131,0.49801963567733765,-2.2189571857452393
20250807_155612,0.025842640548944473,1.1079797744750977,3.001314163208008,0.7922086715698242,0.501861572265625,-2.2003438472747803
20250807_155612,0.025821346789598465,1.107988715171814,3.001312255859375,0.8081594109535217,0.5238514542579651,-2.2356045246124268
20250807_155612,0.025846339762210846,1.1079621315002441,3.0012965202331543,0.7948795557022095,0.512520432472229,-2.225045680999756
20250807_155612,0.025838041678071022,1.1079187393188477,3.001270294189453,0.8038350343704224,0.4922303855419159,-2.2134974002838135
20250807_155612,0.025871170684695244,1.107877254486084,3.0012848377227783,0.7887049913406372,0.48449620604515076,-2.2075297832489014
20250807_155612,0.02584301494061947,1.1079251766204834,3.0013041496276855,0.7989960312843323,0.47158125042915344,-2.2171311378479004
20250807_155612,0.02583564817905426,1.1079951524734497,3.0013227462768555,0.7980550527572632,0.5268445611000061,-2.2218000888824463
20250807_155612,0.02582438662648201,1.1080149412155151,3.0013155937194824,0.8029244542121887,0.5355595946311951,-2.236769914627075
20250807_155612,0.02581767365336418,1.1079740524291992,3.001309394836426,0.8019293546676636,0.5202696919441223,-2.2218308448791504
20250807_155612,0.025853704661130905,1.1078978776931763,3.001293420791626,0.7995368242263794,0.4773108661174774,-2.2111096382141113
20250807_155612,0.025838254019618034,1.107907772064209,3.00128173828125,0.8006138801574707,0.4841978847980499,-2.246375799179077
20250807_155612,0.025856543332338333,1.1079193353652954,3.0012784004211426,0.7972586750984192,0.486208975315094,-2.2173221111297607
20250807_155612,0.025838803499937057,1.1079820394515991,3.001290798187256,0.7916951775550842,0.522717297077179,-2.222506284713745
20250807_155612,0.02582537569105625,1.1079992055892944,3.0013158321380615,0.8000052571296692,0.5038578510284424,-2.2287471294403076
20250807_155612,0.02584700472652912,1.1080032587051392,3.001330852508545,0.8042113780975342,0.5186143517494202,-2.218031644821167
20250807_155612,0.025828499346971512,1.1079833507537842,3.0012989044189453,0.8026697635650635,0.5269657373428345,-2.241121292114258
20250807_155612,0.025867823511362076,1.107893943786621,3.0012712478637695,0.795332133769989,0.4756011664867401,-2.209193706512451
20250807_155612,0.025840215384960175,1.107906460762024,3.0012710094451904,0.8084773421287537,0.5029800534248352,-2.2190914154052734
20250807_155612,0.02584073878824711,1.107919454574585,3.0012989044189453,0.8054472804069519,0.495309054851532,-2.219822645187378
20250807_155612,0.02584678865969181,1.1079652309417725,3.001310110092163,0.8018099665641785,0.5091173648834229,-2.2372617721557617
20250807_155612,0.025823622941970825,1.1079920530319214,3.001322031021118,0.7963775396347046,0.5065670013427734,-2.2180418968200684
20250807_155612,0.025832779705524445,1.1079847812652588,3.0013225078582764,0.8038201928138733,0.5181265473365784,-2.226118326187134
20250807_155612,0.02580692246556282,1.1080032587051392,3.00130558013916,0.8080864548683167,0.5250693559646606,-2.2435011863708496
20250807_155612,0.025859976187348366,1.107911467552185,3.0012643337249756,0.800624430179596,0.4924544095993042,-2.2088863849639893
20250807_155612,0.025875523686408997,1.1078649759292603,3.001262903213501,0.7984479069709778,0.4853619933128357,-2.1916730403900146
20250807_155612,0.025853335857391357,1.1078834533691406,3.0012764930725098,0.7959954738616943,0.4832463562488556,-2.2036960124969482
20250807_155612,0.02585115097463131,1.1079519987106323,3.0013017654418945,0.7957587242126465,0.5246965885162354,-2.222275972366333
20250807_155612,0.025809859856963158,1.1080254316329956,3.001319169998169,0.8082585334777832,0.5409359931945801,-2.2358944416046143
20250807_155612,0.02583731710910797,1.1080036163330078,3.0013327598571777,0.8083713054656982,0.5171198844909668,-2.243913412094116
20250807_155612,0.025829369202256203,1.107978343963623,3.001314163208008,0.7903187870979309,0.4918071925640106,-2.2108731269836426
20250807_155613,0.025845324620604515,1.1079063415527344,3.001291275024414,0.8022257089614868,0.49192625284194946,-2.2215616703033447
20250807_155613,0.02585008554160595,1.1079139709472656,3.001268148422241,0.8024000525474548,0.4903237521648407,-2.234238862991333
20250807_155613,0.025845471769571304,1.1078962087631226,3.00124454498291,0.8029087781906128,0.49022629857063293,-2.222832679748535
20250807_155613,0.02586669661104679,1.1078882217407227,3.001264810562134,0.7976042628288269,0.4816938638687134,-2.2140979766845703
20250807_155613,0.025832191109657288,1.1079775094985962,3.0013070106506348,0.793746292591095,0.5146751999855042,-2.221395969390869
20250807_155613,0.02584083378314972,1.1080193519592285,3.0013315677642822,0.7958519458770752,0.5117285847663879,-2.2324116230010986
20250807_155613,0.02583225816488266,1.1080152988433838,3.001316547393799,0.7947041988372803,0.4943450391292572,-2.2307703495025635
20250807_155613,0.025837285444140434,1.1079555749893188,3.0012991428375244,0.8031493425369263,0.48817193508148193,-2.21242618560791
20250807_155613,0.025853514671325684,1.107893943786621,3.0012805461883545,0.8028945922851562,0.48489558696746826,-2.210583209991455
20250807_155613,0.025827080011367798,1.1078838109970093,3.0012664794921875,0.810380220413208,0.5030517578125,-2.213515520095825
20250807_155613,0.025860818102955818,1.1078985929489136,3.001279354095459,0.7990251183509827,0.4907141923904419,-2.2147696018218994
20250807_155613,0.025824638083577156,1.1079704761505127,3.001305341720581,0.7946991324424744,0.5049954652786255,-2.232041835784912
20250807_155613,0.0258136335760355,1.1080241203308105,3.001326322555542,0.7978004217147827,0.49852079153060913,-2.2331371307373047
20250807_155613,0.025822479277849197,1.1080291271209717,3.0013344287872314,0.8047030568122864,0.49610885977745056,-2.221489667892456
20250807_155613,0.025833996012806892,1.1079647541046143,3.001305341720581,0.8037968277931213,0.5104624032974243,-2.212775468826294
20250807_155613,0.02585594728589058,1.1078895330429077,3.001276731491089,0.8000016808509827,0.479078471660614,-2.2111926078796387
20250807_155613,0.025817573070526123,1.1078870296478271,3.001253128051758,0.8015936017036438,0.4990893602371216,-2.2200117111206055
20250807_155613,0.025843674317002296,1.1078946590423584,3.0012807846069336,0.799356997013092,0.48913154006004333,-2.2181687355041504
20250807_155613,0.02583962492644787,1.10794997215271,3.001298427581787,0.81053227186203,0.4968624413013458,-2.243934392929077
20250807_155613,0.02583765611052513,1.1079895496368408,3.0013251304626465,0.7953015565872192,0.49733680486679077,-2.235722303390503
20250807_155613,0.025842610746622086,1.1080056428909302,3.001331329345703,0.7909379005432129,0.5029613971710205,-2.234058380126953
20250807_155613,0.0258164219558239,1.1079894304275513,3.0013160705566406,0.7977232336997986,0.5118716359138489,-2.226206064224243
20250807_155613,0.025847095996141434,1.107916235923767,3.0012729167938232,0.803917646408081,0.4893497824668884,-2.2091290950775146
20250807_155613,0.025836501270532608,1.1078667640686035,3.001253366470337,0.8000228404998779,0.4801492691040039,-2.205000877380371
20250807_155613,0.025857865810394287,1.107864499092102,3.0012640953063965,0.804121732711792,0.47617244720458984,-2.2161216735839844
20250807_155613,0.025845717638731003,1.1079623699188232,3.0013089179992676,0.8027784824371338,0.5338556170463562,-2.2444379329681396
20250807_155613,0.025820137932896614,1.1080273389816284,3.001325845718384,0.8013982176780701,0.5164890289306641,-2.2379908561706543
20250807_155613,0.025846948847174644,1.1080251932144165,3.0013179779052734,0.8015125393867493,0.5105426907539368,-2.225818395614624
20250807_155613,0.025832584127783775,1.1079665422439575,3.00130295753479,0.8013657927513123,0.5201675891876221,-2.2284276485443115
20250807_155613,0.025844756513834,1.1079031229019165,3.001283884048462,0.8014011979103088,0.4907285273075104,-2.2204201221466064
20250807_155613,0.025846393778920174,1.1078907251358032,3.0012638568878174,0.7951588034629822,0.492329865694046,-2.222126007080078
20250807_155613,0.025836609303951263,1.107895851135254,3.0012710094451904,0.803798496723175,0.499727338552475,-2.2338907718658447
20250807_155613,0.025841178372502327,1.1079597473144531,3.0013070106506348,0.8022430539131165,0.5116981863975525,-2.201857328414917
20250807_155613,0.025794846937060356,1.1080329418182373,3.001323938369751,0.8118053078651428,0.523772656917572,-2.2516863346099854
20250807_155613,0.025831107050180435,1.1080095767974854,3.0013227462768555,0.7989758849143982,0.5023952126502991,-2.2165255546569824
20250807_155613,0.02585120126605034,1.1079583168029785,3.001298666000366,0.7895892858505249,0.5072447657585144,-2.2256200313568115
20250807_155613,0.025847401469945908,1.1078922748565674,3.0012636184692383,0.7966371178627014,0.49594882130622864,-2.19777512550354
20250807_155613,0.025833699852228165,1.107892394065857,3.0012638568878174,0.8049268126487732,0.48609814047813416,-2.2148985862731934
20250807_155613,0.025814048945903778,1.1079440116882324,3.001288414001465,0.8016722798347473,0.49127110838890076,-2.2218756675720215
20250807_155613,0.025855282321572304,1.107960820198059,3.001309394836426,0.8007691502571106,0.5274201035499573,-2.2038323879241943
20250807_155613,0.025833971798419952,1.1079789400100708,3.0013110637664795,0.7954814434051514,0.5009862184524536,-2.2312228679656982
20250807_155613,0.025843294337391853,1.107973337173462,3.001309394836426,0.8050561547279358,0.5274458527565002,-2.227083444595337
20250807_155613,0.02582637406885624,1.1079562902450562,3.0012898445129395,0.8161392211914062,0.5085523128509521,-2.2243845462799072
20250807_155613,0.025831913575530052,1.107912540435791,3.0012800693511963,0.8099594116210938,0.4925122559070587,-2.2290782928466797
20250807_155613,0.02585839480161667,1.1078916788101196,3.0012764930725098,0.8030455112457275,0.5048462748527527,-2.2110376358032227
20250807_155613,0.02580418810248375,1.1079541444778442,3.0013113021850586,0.8083673715591431,0.5282620191574097,-2.2532382011413574
20250807_155613,0.02582871913909912,1.108001470565796,3.0013222694396973,0.8011558651924133,0.507861852645874,-2.223226547241211
20250807_155613,0.02583329938352108,1.1080125570297241,3.0013034343719482,0.7923144698143005,0.494320809841156,-2.2269561290740967
20250807_155613,0.025835849344730377,1.10796058177948,3.001293182373047,0.7998590469360352,0.5137776136398315,-2.222358465194702
20250807_155613,0.025852974504232407,1.1079161167144775,3.001286029815674,0.7984970808029175,0.48852187395095825,-2.21448016166687
20250807_155613,0.02582658641040325,1.1078978776931763,3.0012784004211426,0.8095428943634033,0.4827963411808014,-2.243851661682129
20250807_155613,0.02586451917886734,1.1078985929489136,3.0012853145599365,0.799988329410553,0.4913795292377472,-2.212481737136841
20250807_155613,0.025830712169408798,1.1079727411270142,3.001293659210205,0.8108992576599121,0.5389970541000366,-2.2467947006225586
20250807_155613,0.02582457847893238,1.10800039768219,3.001311779022217,0.803203821182251,0.5152732133865356,-2.2364072799682617
20250807_155613,0.025820793583989143,1.1080052852630615,3.0013277530670166,0.8040783405303955,0.5137016773223877,-2.233292579650879
20250807_155613,0.02583877369761467,1.1079745292663574,3.001314163208008,0.797430157661438,0.5058774948120117,-2.219313383102417
20250807_155613,0.025847040116786957,1.107918620109558,3.0012733936309814,0.7953461408615112,0.4706505835056305,-2.209984302520752
20250807_155613,0.025816556066274643,1.1079249382019043,3.001255750656128,0.8052319288253784,0.4869597554206848,-2.2289111614227295
20250807_155613,0.025843653827905655,1.1079003810882568,3.0012741088867188,0.7992317080497742,0.4880901873111725,-2.2281558513641357
20250807_155613,0.025835251435637474,1.1079169511795044,3.0012905597686768,0.806963324546814,0.48875653743743896,-2.2074649333953857
20250807_155613,0.025858944281935692,1.107975721359253,3.0013062953948975,0.8021514415740967,0.5035044550895691,-2.2342424392700195
20250807_155613,0.02583763375878334,1.1080094575881958,3.001317262649536,0.8048949241638184,0.5242377519607544,-2.218505620956421
20250807_155613,0.02580217644572258,1.1080020666122437,3.001323938369751,0.8061057925224304,0.5183989405632019,-2.221621513366699
20250807_155613,0.02585894614458084,1.1079481840133667,3.0013177394866943,0.7992150783538818,0.5412375330924988,-2.2228732109069824
20250807_155613,0.025831129401922226,1.1078956127166748,3.001268148422241,0.8070685267448425,0.4928716719150543,-2.2213850021362305
20250807_155613,0.025848915800452232,1.1078681945800781,3.0012660026550293,0.803190290927887,0.4865413308143616,-2.198774814605713
20250807_155613,0.02584296278655529,1.107924222946167,3.001297950744629,0.807996928691864,0.4929839074611664,-2.213088274002075
20250807_155613,0.025817135348916054,1.108001947402954,3.0013155937194824,0.7999987602233887,0.5117571949958801,-2.2307372093200684
20250807_155613,0.025865279138088226,1.1079990863800049,3.001317262649536,0.7911242246627808,0.49538373947143555,-2.2246081829071045
20250807_155613,0.025819504633545876,1.1079766750335693,3.001312732696533,0.8004741072654724,0.49920928478240967,-2.234361171722412
20250807_155613,0.025847842916846275,1.1079329252243042,3.0013041496276855,0.7928286790847778,0.5052017569541931,-2.219757080078125
20250807_155613,0.025840282440185547,1.1079174280166626,3.0012755393981934,0.8060576319694519,0.5064183473587036,-2.2172698974609375
20250807_155613,0.02584141679108143,1.107899785041809,3.001269578933716,0.8025236129760742,0.4963129758834839,-2.2073516845703125
20250807_155613,0.025846276432275772,1.1079139709472656,3.0012874603271484,0.7976357340812683,0.48279717564582825,-2.219264268875122
20250807_155613,0.025818578898906708,1.1079775094985962,3.0013153553009033,0.8006284236907959,0.5175096988677979,-2.2450597286224365
20250807_155613,0.025845861062407494,1.107977032661438,3.0013210773468018,0.8032956719398499,0.4992443323135376,-2.229231834411621
20250807_155613,0.025823337957262993,1.1079925298690796,3.001307249069214,0.7966753244400024,0.5134924054145813,-2.21441388130188
20250807_155613,0.02583290822803974,1.107958197593689,3.0012881755828857,0.805622398853302,0.5242689251899719,-2.227053642272949
20250807_155613,0.02582593262195587,1.107893466949463,3.001274347305298,0.8026338815689087,0.49438050389289856,-2.215667724609375
20250807_155613,0.02583146281540394,1.1079002618789673,3.001284599304199,0.8069844245910645,0.5004012584686279,-2.2195119857788086
20250807_155613,0.025863327085971832,1.107921838760376,3.0013043880462646,0.7942343354225159,0.505943238735199,-2.2153470516204834
20250807_155613,0.02581036649644375,1.107974886894226,3.001305103302002,0.8015371561050415,0.5146560072898865,-2.2458484172821045
20250807_155613,0.02583066187798977,1.1079951524734497,3.0013203620910645,0.7970138192176819,0.5081433653831482,-2.2303786277770996
20250807_155613,0.025824597105383873,1.107978343963623,3.0013225078582764,0.8087300658226013,0.5062662959098816,-2.2236928939819336
20250807_155613,0.02584702894091606,1.1079449653625488,3.0013084411621094,0.7958548069000244,0.5066918730735779,-2.211195945739746
20250807_155613,0.02585115283727646,1.1079145669937134,3.0012733936309814,0.7949467301368713,0.4906816780567169,-2.203861713409424
20250807_155613,0.02581886015832424,1.107913851737976,3.001274347305298,0.8214957118034363,0.49691805243492126,-2.2081127166748047
20250807_155613,0.025841746479272842,1.107939600944519,3.0012898445129395,0.813240647315979,0.49918511509895325,-2.223320245742798
20250807_155613,0.025831030681729317,1.1079635620117188,3.001298427581787,0.8058825731277466,0.5245755910873413,-2.2252566814422607
20250807_155613,0.02584177628159523,1.1079660654067993,3.0013110637664795,0.7949197292327881,0.49735531210899353,-2.2264673709869385
20250807_155613,0.025816284120082855,1.107987642288208,3.0013225078582764,0.8038817644119263,0.5202744007110596,-2.2209837436676025
20250807_155613,0.02580343186855316,1.1079823970794678,3.0013017654418945,0.8074268698692322,0.519451379776001,-2.219226837158203
20250807_155613,0.02584114298224449,1.107945442199707,3.0012898445129395,0.8033275008201599,0.5167263746261597,-2.236926794052124
20250807_155613,0.025809550657868385,1.107918381690979,3.0012831687927246,0.807072639465332,0.4796436131000519,-2.2213387489318848
20250807_155613,0.025843901559710503,1.1078929901123047,3.0012831687927246,0.798040509223938,0.47652509808540344,-2.1961159706115723
20250807_155613,0.025833213701844215,1.1079381704330444,3.001288652420044,0.804249107837677,0.5238485336303711,-2.2193634510040283
20250807_155613,0.02582531049847603,1.1079705953598022,3.0013015270233154,0.808649480342865,0.5212104320526123,-2.2420828342437744
20250807_155613,0.025832751765847206,1.107999563217163,3.0013041496276855,0.8026137948036194,0.5053791999816895,-2.257296323776245
20250807_155613,0.025803271681070328,1.1079837083816528,3.0012919902801514,0.804958164691925,0.5109749436378479,-2.215000629425049
20250807_155613,0.02585049346089363,1.1079182624816895,3.0012989044189453,0.782328188419342,0.49656179547309875,-2.223374366760254
20250807_155614,0.025842562317848206,1.1079075336456299,3.0012848377227783,0.8119909167289734,0.5031154751777649,-2.2063546180725098
20250807_155614,0.02584093064069748,1.1079096794128418,3.001272201538086,0.7983366847038269,0.48643818497657776,-2.199477195739746
20250807_155614,0.025831999257206917,1.1079386472702026,3.0012714862823486,0.8059278130531311,0.4972643554210663,-2.212618589401245
20250807_155614,0.025808103382587433,1.1079723834991455,3.001309394836426,0.8107110261917114,0.5294804573059082,-2.2383615970611572
20250807_155614,0.02583165280520916,1.1079750061035156,3.0013210773468018,0.8062049746513367,0.5218239426612854,-2.211008310317993
20250807_155614,0.025816431269049644,1.1079779863357544,3.001300096511841,0.8020636439323425,0.5205760598182678,-2.207646608352661
20250807_155614,0.02582896314561367,1.1079362630844116,3.0012662410736084,0.805441677570343,0.48033013939857483,-2.191622495651245
20250807_155614,0.025821542367339134,1.1079208850860596,3.00127911567688,0.8007048964500427,0.4736666679382324,-2.23441743850708
20250807_155614,0.025837291032075882,1.1079148054122925,3.001282215118408,0.8088244199752808,0.4744042158126831,-2.2268807888031006
20250807_155614,0.02585105411708355,1.1079038381576538,3.0012786388397217,0.8122051358222961,0.48763802647590637,-2.2088310718536377
20250807_155614,0.025825027376413345,1.1079521179199219,3.001293659210205,0.7992019653320312,0.5308340191841125,-2.2336738109588623
20250807_155614,0.025824561715126038,1.1079819202423096,3.001310110092163,0.8055580258369446,0.5228660702705383,-2.2400221824645996
20250807_155614,0.025805126875638962,1.1079970598220825,3.0013084411621094,0.8040820360183716,0.5182549953460693,-2.244408130645752
20250807_155614,0.02583463117480278,1.1079604625701904,3.0013062953948975,0.7959333062171936,0.5111335515975952,-2.2260725498199463
20250807_155614,0.02585623785853386,1.1079257726669312,3.0013015270233154,0.8031541705131531,0.5071122646331787,-2.2174930572509766
20250807_155614,0.025829391553997993,1.1079235076904297,3.0012803077697754,0.802143931388855,0.4816717207431793,-2.233177423477173
20250807_155614,0.025845030322670937,1.1079082489013672,3.0012762546539307,0.8001885414123535,0.4832328259944916,-2.211458921432495
