time_s,x,y,z
20250815_165859,0.9976873397827148,0.10553531348705292,0.9918037056922913
20250815_165859,0.9976663589477539,0.1056613028049469,0.9917300343513489
20250815_165859,0.9977610111236572,0.10563355684280396,0.9917455315589905
20250815_165859,0.997755229473114,0.10564140975475311,0.9917426705360413
20250815_165859,0.9976465702056885,0.10564152151346207,0.9917134642601013
20250815_165859,0.9977151155471802,0.10562022030353546,0.9917283058166504
20250815_165859,0.9976989030838013,0.10554119944572449,0.9917904734611511
20250815_165859,0.9976859092712402,0.10554681718349457,0.9917898178100586
20250815_165859,0.9976872205734253,0.10556170344352722,0.9917925000190735
20250815_165859,0.9977561235427856,0.10561300069093704,0.9917554259300232
20250815_165859,0.997718095779419,0.10565009713172913,0.9917742013931274
20250815_165859,0.997757613658905,0.10562420636415482,0.9917017817497253
20250815_165859,0.9976754784584045,0.10555452108383179,0.9917462468147278
20250815_165859,0.9976921081542969,0.10555852204561234,0.9917899370193481
20250815_165859,0.9977036118507385,0.10557089000940323,0.9918055534362793
20250815_165859,0.9977900981903076,0.10570813715457916,0.9917696714401245
20250815_165859,0.9977707266807556,0.10562441498041153,0.9917610287666321
20250815_165859,0.997746467590332,0.10556867718696594,0.9916964769363403
20250815_165859,0.9977906942367554,0.10561876744031906,0.9916729927062988
20250815_165859,0.9977104663848877,0.10560350120067596,0.9917904138565063
20250815_165859,0.9976908564567566,0.10562944412231445,0.9917727112770081
20250815_165859,0.9975091814994812,0.10566332936286926,0.991895854473114
20250815_165859,0.9975627064704895,0.10567847639322281,0.991909384727478
20250815_165859,0.9975013136863708,0.10559538751840591,0.9918806552886963
20250815_165859,0.9975404143333435,0.1056002601981163,0.991835355758667
20250815_165859,0.997530996799469,0.1056198924779892,0.9918427467346191
20250815_165859,0.9974496364593506,0.10570226609706879,0.9919001460075378
20250815_165859,0.9972890615463257,0.10571600496768951,0.9919729828834534
20250815_165859,0.9972268342971802,0.10571050643920898,0.9920081496238708
20250815_165859,0.997053325176239,0.10579033195972443,0.9919939041137695
20250815_165859,0.9969314932823181,0.10578425228595734,0.9919072389602661
20250815_165859,0.9966136813163757,0.10575886815786362,0.9918017387390137
20250815_165859,0.9963787794113159,0.10598695278167725,0.9916890263557434
20250815_165859,0.9960871338844299,0.10615412145853043,0.9916617274284363
20250815_165859,0.9956782460212708,0.10653863847255707,0.99163818359375
20250815_165859,0.9952300786972046,0.10684802383184433,0.9915857315063477
20250815_165859,0.9948152899742126,0.10744854807853699,0.9914913177490234
20250815_165859,0.9944479465484619,0.10852473974227905,0.9913463592529297
20250815_165859,0.9942088723182678,0.1101110503077507,0.9910943508148193
20250815_165859,0.9935948252677917,0.11157761514186859,0.9909883141517639
20250815_165859,0.993137001991272,0.11316922307014465,0.9908340573310852
20250815_165859,0.9926344156265259,0.11507018655538559,0.9906543493270874
20250815_165859,0.992109477519989,0.11721798032522202,0.9905095100402832
20250815_165859,0.9916099309921265,0.11991892755031586,0.9903525710105896
20250815_165859,0.991327166557312,0.12294061481952667,0.9901098608970642
20250815_165859,0.9908729195594788,0.12592841684818268,0.9899467825889587
20250815_165859,0.9903584122657776,0.12947063148021698,0.9897843599319458
20250815_165859,0.989809513092041,0.133069708943367,0.9895787239074707
20250815_165859,0.9892519116401672,0.13678210973739624,0.9893750548362732
20250815_165859,0.988777756690979,0.1411435902118683,0.98923659324646
20250815_165859,0.9883840680122375,0.1456654965877533,0.988812267780304
20250815_165859,0.9879722595214844,0.15042409300804138,0.9884134531021118
20250815_165900,0.9875258207321167,0.15536271035671234,0.9878690838813782
20250815_165900,0.9871014356613159,0.1605052947998047,0.9874318242073059
20250815_165900,0.9869244694709778,0.1660992056131363,0.9868294596672058
20250815_165900,0.9864200949668884,0.17153942584991455,0.986249566078186
20250815_165900,0.9860802292823792,0.17741979658603668,0.9856226444244385
20250815_165900,0.9859530925750732,0.1833583414554596,0.9848183989524841
20250815_165900,0.9856727719306946,0.1894582062959671,0.9841280579566956
20250815_165900,0.9854281544685364,0.19589461386203766,0.9833700060844421
20250815_165900,0.9852636456489563,0.20237275958061218,0.9825189709663391
20250815_165900,0.9848343133926392,0.20882593095302582,0.981742262840271
20250815_165900,0.9845471978187561,0.21532265841960907,0.9809661507606506
20250815_165900,0.9843076467514038,0.2221807986497879,0.980096161365509
20250815_165900,0.9840579628944397,0.22892379760742188,0.9793125987052917
20250815_165900,0.9840031862258911,0.2360743135213852,0.9782859086990356
20250815_165900,0.9840537309646606,0.243435800075531,0.977391242980957
20250815_165900,0.983729362487793,0.25071489810943604,0.9765949845314026
20250815_165900,0.9834916591644287,0.2581234574317932,0.975857675075531
20250815_165900,0.9832421541213989,0.2654891908168793,0.9750607013702393
20250815_165900,0.9830334186553955,0.2730037271976471,0.974387526512146
20250815_165900,0.9829899668693542,0.2807859778404236,0.97353595495224
20250815_165900,0.9828814268112183,0.2888168394565582,0.9727802276611328
20250815_165900,0.9826334118843079,0.29711589217185974,0.971990704536438
20250815_165900,0.9824042320251465,0.30518579483032227,0.9713963866233826
20250815_165900,0.9820793271064758,0.31331396102905273,0.970835268497467
20250815_165900,0.9817227721214294,0.3216220438480377,0.9701076745986938
20250815_165900,0.9812775254249573,0.3301226794719696,0.9694719314575195
20250815_165900,0.9810833930969238,0.33905816078186035,0.9687885642051697
20250815_165900,0.9809896945953369,0.34795910120010376,0.9680924415588379
20250815_165900,0.9804372191429138,0.3569229543209076,0.9675660133361816
20250815_165900,0.9799203872680664,0.36593684554100037,0.9670637845993042
20250815_165900,0.9793039560317993,0.37502628564834595,0.9665035605430603
20250815_165900,0.9787920117378235,0.3843691647052765,0.9659609198570251
20250815_165900,0.9784387350082397,0.39399734139442444,0.9652948379516602
20250815_165900,0.9780169725418091,0.40356379747390747,0.9649592638015747
20250815_165900,0.9775969386100769,0.4134077727794647,0.9643197655677795
20250815_165900,0.9771217703819275,0.42321109771728516,0.9640659689903259
20250815_165900,0.9765852093696594,0.43307846784591675,0.9635732769966125
20250815_165900,0.9761415123939514,0.44287917017936707,0.9632365107536316
20250815_165900,0.9756114482879639,0.4533025920391083,0.9628742337226868
20250815_165900,0.9753584861755371,0.46358463168144226,0.9624813795089722
20250815_165900,0.9750099182128906,0.47394680976867676,0.9620245695114136
20250815_165900,0.9747183918952942,0.4841030240058899,0.9617108106613159
20250815_165900,0.9743695855140686,0.49441513419151306,0.9614866971969604
20250815_165900,0.9738121032714844,0.505031168460846,0.9613085389137268
20250815_165900,0.973456621170044,0.5154497623443604,0.9610970616340637
20250815_165900,0.973088264465332,0.5260679721832275,0.9607853889465332
20250815_165900,0.972703218460083,0.5364707112312317,0.9607077240943909
20250815_165900,0.9722235798835754,0.547166645526886,0.9604813456535339
20250815_165900,0.9718606472015381,0.5579314231872559,0.9602206945419312
20250815_165900,0.9714529514312744,0.568297803401947,0.9603273868560791
20250815_165900,0.9710491895675659,0.5788682699203491,0.9601592421531677
20250815_165900,0.9705214500427246,0.5895748138427734,0.9599311947822571
20250815_165900,0.9700666666030884,0.6001567840576172,0.9597766399383545
20250815_165900,0.9697737693786621,0.610702395439148,0.9594814777374268
20250815_165900,0.9693211913108826,0.6214438676834106,0.9593002796173096
20250815_165900,0.9691186547279358,0.6321849822998047,0.9590849876403809
20250815_165900,0.9687706232070923,0.6426865458488464,0.9588496685028076
20250815_165900,0.9683164358139038,0.6531106233596802,0.9587000012397766
20250815_165900,0.9679630398750305,0.6634422540664673,0.9584338665008545
20250815_165900,0.9678768515586853,0.6739657521247864,0.9582574367523193
20250815_165900,0.9677124619483948,0.6844884157180786,0.9579704403877258
20250815_165900,0.9675929546356201,0.6947987675666809,0.9577643275260925
20250815_165900,0.9674955010414124,0.7050091028213501,0.9575749039649963
20250815_165900,0.9673444628715515,0.7150359749794006,0.9574452638626099
20250815_165900,0.9670061469078064,0.7249314785003662,0.9575141668319702
20250815_165900,0.96674644947052,0.7346078157424927,0.9574132561683655
20250815_165900,0.9666479229927063,0.7443394064903259,0.9574388861656189
20250815_165900,0.9664747714996338,0.753981351852417,0.9574394822120667
20250815_165900,0.9663955569267273,0.7635447382926941,0.9573891162872314
20250815_165900,0.9660906195640564,0.7727928161621094,0.9576116800308228
20250815_165900,0.9657585024833679,0.7818673253059387,0.9577714204788208
20250815_165900,0.9653022289276123,0.7906912565231323,0.9578850269317627
20250815_165900,0.9649884700775146,0.7995662093162537,0.958030641078949
20250815_165900,0.9646903872489929,0.8082907795906067,0.9582149982452393
20250815_165900,0.9643654227256775,0.8169766068458557,0.9583079814910889
20250815_165900,0.9641289710998535,0.8254508972167969,0.9583126902580261
20250815_165900,0.9637117385864258,0.833881676197052,0.9583486318588257
20250815_165900,0.9633681178092957,0.8418576121330261,0.9585403203964233
20250815_165900,0.962859034538269,0.849715530872345,0.958611249923706
20250815_165900,0.9626099467277527,0.8576812148094177,0.9587417840957642
20250815_165900,0.9623333215713501,0.8656190037727356,0.9586980938911438
20250815_165900,0.9620816707611084,0.8732030391693115,0.9588508605957031
20250815_165900,0.9617943167686462,0.8808410167694092,0.9586939811706543
20250815_165900,0.9614007472991943,0.8880500793457031,0.9589192271232605
20250815_165900,0.9609683752059937,0.895357072353363,0.9589329957962036
20250815_165900,0.9605679512023926,0.9023274183273315,0.9591541290283203
20250815_165900,0.960139811038971,0.9091466069221497,0.9592719078063965
20250815_165900,0.9597919583320618,0.915817141532898,0.9595342874526978
20250815_165900,0.9594050049781799,0.922448992729187,0.9597447514533997
20250815_165900,0.9589753150939941,0.9290695786476135,0.959977388381958
20250815_165900,0.9585714936256409,0.9353940486907959,0.9603409171104431
20250815_165900,0.9578754901885986,0.9413304924964905,0.9606248736381531
20250815_165900,0.9572693109512329,0.9471561312675476,0.9610183835029602
20250815_165900,0.956701934337616,0.9529599547386169,0.9613306522369385
20250815_165900,0.95624178647995,0.9585769176483154,0.9616824388504028
20250815_165900,0.9556664824485779,0.9640536904335022,0.9620532989501953
20250815_165900,0.9551279544830322,0.9695377945899963,0.9623710513114929
20250815_165900,0.9545213580131531,0.9747586250305176,0.9626977443695068
20250815_165900,0.9537224173545837,0.9797472357749939,0.9630557298660278
20250815_165900,0.9529876708984375,0.9845380187034607,0.9633583426475525
20250815_165901,0.952333927154541,0.9892187714576721,0.9635912179946899
20250815_165901,0.9517216682434082,0.9939391016960144,0.9638832211494446
20250815_165901,0.9510583877563477,0.9984223246574402,0.9641387462615967
20250815_165901,0.9503191709518433,1.0027719736099243,0.9644681215286255
20250815_165901,0.9496680498123169,1.006857991218567,0.9648062586784363
20250815_165901,0.9488680362701416,1.0108256340026855,0.9651153683662415
20250815_165901,0.9480113387107849,1.0146061182022095,0.9654905200004578
20250815_165901,0.9473076462745667,1.018275260925293,0.9658469557762146
20250815_165901,0.9465886354446411,1.0219454765319824,0.9662123322486877
20250815_165901,0.9459863901138306,1.0253585577011108,0.9666091799736023
20250815_165901,0.9452415704727173,1.0286798477172852,0.9670542478561401
20250815_165901,0.9444482326507568,1.031638264656067,0.9675623178482056
20250815_165901,0.9435515999794006,1.034552812576294,0.9680629968643188
20250815_165901,0.942776620388031,1.0372167825698853,0.9685512185096741
20250815_165901,0.9419350028038025,1.0399056673049927,0.9690207839012146
20250815_165901,0.941185712814331,1.0424405336380005,0.9694135785102844
20250815_165901,0.9403743743896484,1.0448781251907349,0.9699364304542542
20250815_165901,0.9395079612731934,1.0470572710037231,0.9703632593154907
20250815_165901,0.9385650753974915,1.0491962432861328,0.9708786606788635
20250815_165901,0.9376095533370972,1.050957202911377,0.9713333249092102
20250815_165901,0.9366306066513062,1.05263352394104,0.9717027544975281
20250815_165901,0.9356500506401062,1.0543757677078247,0.9721481800079346
20250815_165901,0.9347135424613953,1.0558401346206665,0.9725396037101746
20250815_165901,0.9337967038154602,1.057098150253296,0.9729355573654175
20250815_165901,0.932732880115509,1.0584155321121216,0.9734821319580078
20250815_165901,0.9316965341567993,1.0593723058700562,0.9739725589752197
20250815_165901,0.9306321144104004,1.0601246356964111,0.9744417667388916
20250815_165901,0.9295220971107483,1.0608876943588257,0.9749429821968079
20250815_165901,0.9285801649093628,1.061524510383606,0.9754106998443604
20250815_165901,0.9276519417762756,1.0620745420455933,0.9759505987167358
20250815_165901,0.9267542362213135,1.0624046325683594,0.9764600396156311
20250815_165901,0.9256898164749146,1.0625134706497192,0.9770987033843994
20250815_165901,0.9246613383293152,1.0624362230300903,0.977700412273407
20250815_165901,0.923673152923584,1.0622673034667969,0.978203535079956
20250815_165901,0.9226509928703308,1.0621532201766968,0.9787750244140625
20250815_165901,0.9216901063919067,1.0618587732315063,0.9793418645858765
20250815_165901,0.9207558631896973,1.0614663362503052,0.9799108505249023
20250815_165901,0.9198064208030701,1.0608866214752197,0.9805299639701843
20250815_165901,0.9187403321266174,1.0600782632827759,0.9812135100364685
20250815_165901,0.9175558090209961,1.0590183734893799,0.9818886518478394
20250815_165901,0.9163827896118164,1.05782949924469,0.9824405908584595
20250815_165901,0.9152736663818359,1.056749939918518,0.9830230474472046
20250815_165901,0.914304256439209,1.055626630783081,0.9835286736488342
20250815_165901,0.9132921099662781,1.0541822910308838,0.9841005206108093
20250815_165901,0.9121600389480591,1.0526394844055176,0.9847248196601868
20250815_165901,0.9109625816345215,1.0508655309677124,0.9854050874710083
20250815_165901,0.9096817374229431,1.048907995223999,0.9861334562301636
20250815_165901,0.9084741473197937,1.0469162464141846,0.9867875576019287
20250815_165901,0.907335102558136,1.0448832511901855,0.9874194264411926
20250815_165901,0.9061930179595947,1.0427196025848389,0.9880390763282776
20250815_165901,0.9050916433334351,1.0404506921768188,0.9887111186981201
20250815_165901,0.9040338397026062,1.0379351377487183,0.9894524812698364
20250815_165901,0.902778148651123,1.0352604389190674,0.9902791976928711
20250815_165901,0.9015562534332275,1.032516360282898,0.9911280274391174
20250815_165901,0.9003512263298035,1.029581904411316,0.9919290542602539
20250815_165901,0.8992959856987,1.026713490486145,0.9926243424415588
20250815_165901,0.8982023596763611,1.0237817764282227,0.9933504462242126
20250815_165901,0.8971033096313477,1.0206825733184814,0.9941421747207642
20250815_165901,0.8959932923316956,1.017433762550354,0.9950142502784729
20250815_165901,0.8947957158088684,1.0140867233276367,0.9959250092506409
20250815_165901,0.8935660719871521,1.0105868577957153,0.9967962503433228
20250815_165901,0.8923327922821045,1.0068066120147705,0.9978321194648743
20250815_165901,0.8911270499229431,1.003551721572876,0.998515248298645
20250815_165901,0.890007495880127,0.9998701810836792,0.9993376731872559
20250815_165901,0.8887670636177063,0.9961794018745422,1.0002394914627075
20250815_165901,0.8874512910842896,0.992479681968689,1.0011574029922485
20250815_165901,0.8861650228500366,0.9886060357093811,1.0020036697387695
20250815_165901,0.8847787976264954,0.9847934246063232,1.0029901266098022
20250815_165901,0.8833837509155273,0.9808128476142883,1.0039114952087402
20250815_165901,0.8821162581443787,0.9769573211669922,1.0047500133514404
20250815_165901,0.8808414936065674,0.9732483625411987,1.0055115222930908
20250815_165901,0.8796578645706177,0.9690879583358765,1.0065478086471558
20250815_165901,0.8783127069473267,0.9651504755020142,1.0076286792755127
20250815_165901,0.8769040703773499,0.961124062538147,1.0087056159973145
20250815_165901,0.8756345510482788,0.9567658305168152,1.0098363161087036
20250815_165901,0.8743771314620972,0.9527814388275146,1.0109176635742188
20250815_165901,0.8731479048728943,0.9486913084983826,1.0119138956069946
20250815_165901,0.8719351291656494,0.9450632333755493,1.0128158330917358
20250815_165901,0.8707885146141052,0.9409521222114563,1.013946771621704
20250815_165901,0.8694925904273987,0.9371063709259033,1.0150485038757324
20250815_165901,0.868106484413147,0.9328693747520447,1.0163456201553345
20250815_165901,0.8668562173843384,0.9285951256752014,1.0175224542617798
20250815_165901,0.8655409812927246,0.9246780276298523,1.0186370611190796
20250815_165901,0.8643959164619446,0.9207807779312134,1.019728183746338
20250815_165901,0.8630703091621399,0.9169926047325134,1.0208138227462769
20250815_165901,0.8617033958435059,0.913299024105072,1.021923303604126
20250815_165901,0.8603690266609192,0.9091679453849792,1.0232030153274536
20250815_165901,0.8588933944702148,0.9053289294242859,1.02437162399292
20250815_165901,0.8575524091720581,0.9014940857887268,1.0255987644195557
20250815_165901,0.8562975525856018,0.8979066014289856,1.02665114402771
20250815_165901,0.8549290299415588,0.894368588924408,1.0278184413909912
20250815_165901,0.853689968585968,0.890800416469574,1.029020071029663
20250815_165901,0.8523446917533875,0.8873059153556824,1.030225396156311
20250815_165901,0.8509758114814758,0.8838801383972168,1.031574010848999
20250815_165901,0.8496195673942566,0.88043612241745,1.0328396558761597
20250815_165901,0.8483917713165283,0.8770486116409302,1.034103274345398
20250815_165901,0.8470987677574158,0.8738976120948792,1.035418152809143
20250815_165901,0.8458554148674011,0.8708847165107727,1.036657691001892
20250815_165901,0.8447355031967163,0.8678321242332458,1.0379486083984375
20250815_165902,0.8434608578681946,0.8649689555168152,1.039320945739746
20250815_165902,0.8421545624732971,0.8620802760124207,1.040678858757019
20250815_165902,0.8407346606254578,0.8590728640556335,1.041934609413147
20250815_165902,0.8394088745117188,0.8561431169509888,1.0432789325714111
20250815_165902,0.8381263017654419,0.8535604476928711,1.0445948839187622
20250815_165902,0.8368374109268188,0.85126131772995,1.0459699630737305
20250815_165902,0.8356383442878723,0.8488969802856445,1.0474183559417725
20250815_165902,0.8342670202255249,0.8465451598167419,1.048712968826294
20250815_165902,0.8327913284301758,0.8441159725189209,1.050118088722229
20250815_165902,0.8313344120979309,0.8417090773582458,1.0514250993728638
20250815_165902,0.8298993110656738,0.8396285772323608,1.0528173446655273
20250815_165902,0.8285791277885437,0.8376816511154175,1.054234266281128
20250815_165902,0.8273824453353882,0.8359215259552002,1.0555171966552734
20250815_165902,0.8260025382041931,0.8340804576873779,1.0568058490753174
20250815_165902,0.8246781826019287,0.8323918581008911,1.058313012123108
20250815_165902,0.8231548070907593,0.8305984139442444,1.0598721504211426
20250815_165902,0.8217388987541199,0.8288542032241821,1.0613809823989868
20250815_165902,0.8204378485679626,0.8274945020675659,1.0629746913909912
20250815_165902,0.8191022872924805,0.8261451125144958,1.0643846988677979
20250815_165902,0.8178268671035767,0.8248637318611145,1.065834403038025
20250815_165902,0.816474437713623,0.8235746622085571,1.0673037767410278
20250815_165902,0.8151109218597412,0.8223445415496826,1.0689531564712524
20250815_165902,0.8136223554611206,0.8212267160415649,1.0706204175949097
20250815_165902,0.8120840191841125,0.8200432658195496,1.0722140073776245
20250815_165902,0.8108054399490356,0.8191561698913574,1.0736968517303467
20250815_165902,0.8095380067825317,0.8184100389480591,1.0750977993011475
20250815_165902,0.8081002235412598,0.8177164793014526,1.0768038034439087
20250815_165902,0.8066385388374329,0.8169590830802917,1.0783312320709229
20250815_165902,0.8050985932350159,0.8161925077438354,1.079945683479309
20250815_165902,0.8035439252853394,0.8155559301376343,1.0815924406051636
20250815_165902,0.8021392822265625,0.8151269555091858,1.0832244157791138
20250815_165902,0.8006705641746521,0.8147918581962585,1.0848299264907837
20250815_165902,0.7991883158683777,0.8144466876983643,1.0863474607467651
20250815_165902,0.7976852059364319,0.8142169117927551,1.0879980325698853
20250815_165902,0.7960254549980164,0.8139580488204956,1.089699149131775
20250815_165902,0.7943858504295349,0.8137052059173584,1.0914311408996582
20250815_165902,0.7928721904754639,0.8136101961135864,1.09321129322052
20250815_165902,0.7914146780967712,0.8136120438575745,1.09490168094635
20250815_165902,0.7898954153060913,0.813791811466217,1.0967599153518677
20250815_165902,0.7882816791534424,0.8138865828514099,1.098572015762329
20250815_165902,0.7866596579551697,0.8138682246208191,1.1003687381744385
20250815_165902,0.7851614356040955,0.8140594959259033,1.1021678447723389
20250815_165902,0.7836254239082336,0.8142394423484802,1.1039854288101196
20250815_165902,0.7820237278938293,0.8145526051521301,1.105939269065857
20250815_165902,0.7804993391036987,0.8148613572120667,1.1077799797058105
20250815_165902,0.7789238691329956,0.8153510093688965,1.10981023311615
20250815_165902,0.7773538827896118,0.8157528042793274,1.1116098165512085
20250815_165902,0.775732159614563,0.8161669373512268,1.1136038303375244
20250815_165902,0.7740419507026672,0.8166385293006897,1.1155329942703247
20250815_165902,0.7724041938781738,0.8172674775123596,1.1175049543380737
20250815_165902,0.7708013653755188,0.8177413940429688,1.1194117069244385
20250815_165902,0.7691338658332825,0.8184627294540405,1.121498942375183
20250815_165902,0.7673665881156921,0.8190458416938782,1.123480200767517
20250815_165902,0.7656013369560242,0.8197911977767944,1.125530481338501
20250815_165902,0.7639774084091187,0.8204410076141357,1.1274687051773071
20250815_165902,0.7621819376945496,0.8212952017784119,1.1296355724334717
20250815_165902,0.7604885101318359,0.8219780921936035,1.131656289100647
20250815_165902,0.7587957382202148,0.8228222131729126,1.133795976638794
20250815_165902,0.7570676803588867,0.8236768245697021,1.1360610723495483
20250815_165902,0.7554163932800293,0.8244800567626953,1.1381031274795532
20250815_165902,0.753506064414978,0.8251667618751526,1.140187382698059
20250815_165902,0.7519210577011108,0.82615065574646,1.142434000968933
20250815_165902,0.7501984238624573,0.8271790146827698,1.1446679830551147
20250815_165902,0.7485214471817017,0.828198254108429,1.1469937562942505
20250815_165902,0.7468768358230591,0.829055905342102,1.149195671081543
20250815_165902,0.7452166080474854,0.8300800323486328,1.1515053510665894
20250815_165902,0.7435407042503357,0.8310934901237488,1.153710961341858
20250815_165902,0.741765022277832,0.8320745229721069,1.1559876203536987
20250815_165902,0.7399957776069641,0.8330989480018616,1.1583448648452759
20250815_165902,0.7382713556289673,0.834145188331604,1.160643458366394
20250815_165902,0.736537754535675,0.8352500796318054,1.163055181503296
20250815_165902,0.7348039150238037,0.8363861441612244,1.165411114692688
20250815_165902,0.7330541014671326,0.8374210000038147,1.1677193641662598
20250815_165902,0.7312746644020081,0.8384626507759094,1.1701812744140625
20250815_165902,0.7294520735740662,0.839582622051239,1.1726354360580444
20250815_165902,0.7276485562324524,0.8406717777252197,1.1750694513320923
20250815_165902,0.725875973701477,0.8417253494262695,1.177527666091919
20250815_165902,0.7240509986877441,0.8428040742874146,1.1800533533096313
20250815_165902,0.7223204970359802,0.8438314199447632,1.1825505495071411
20250815_165902,0.7205935120582581,0.8448348045349121,1.185070514678955
20250815_165902,0.7187893986701965,0.8459723591804504,1.1877226829528809
20250815_165902,0.7171282768249512,0.847014844417572,1.1901541948318481
20250815_165902,0.7153939604759216,0.8480433225631714,1.1928049325942993
20250815_165902,0.7136338949203491,0.8491694331169128,1.1954907178878784
20250815_165902,0.7119951248168945,0.850182294845581,1.1980564594268799
20250815_165902,0.7103197574615479,0.8511273264884949,1.200764536857605
20250815_165902,0.7086299657821655,0.8522123694419861,1.2034696340560913
20250815_165902,0.7069287896156311,0.8532638549804688,1.2062952518463135
20250815_165902,0.7052817940711975,0.8542335629463196,1.2089028358459473
20250815_165902,0.703580915927887,0.8552187085151672,1.211695671081543
20250815_165902,0.7017824053764343,0.8562068343162537,1.2144776582717896
20250815_165902,0.7001864314079285,0.8570445775985718,1.2171462774276733
20250815_165902,0.698408305644989,0.8580774068832397,1.2200264930725098
20250815_165902,0.6966584920883179,0.8590282201766968,1.222860336303711
20250815_165902,0.6950623393058777,0.8599417209625244,1.2256275415420532
20250815_165902,0.693433940410614,0.8608397245407104,1.2283917665481567
20250815_165902,0.6916947364807129,0.8617694973945618,1.231247067451477
20250815_165902,0.6899715065956116,0.8625218868255615,1.234136700630188
20250815_165902,0.6882997751235962,0.8632773160934448,1.2369754314422607
20250815_165902,0.6867102980613708,0.8642087578773499,1.2399141788482666
20250815_165903,0.6850790977478027,0.8650944232940674,1.2428759336471558
20250815_165903,0.683498203754425,0.8657884001731873,1.2457449436187744
20250815_165903,0.6818912625312805,0.8664983510971069,1.2486562728881836
20250815_165903,0.6802583932876587,0.8672181367874146,1.251686453819275
20250815_165903,0.6786291599273682,0.8679014444351196,1.254760503768921
20250815_165903,0.6771667003631592,0.8685353398323059,1.2576597929000854
20250815_165903,0.6756563186645508,0.8692857027053833,1.260730266571045
20250815_165903,0.6741422414779663,0.8699455261230469,1.2637155055999756
20250815_165903,0.6727107763290405,0.870712161064148,1.2667715549468994
20250815_165903,0.6712414026260376,0.8711504936218262,1.2697420120239258
20250815_165903,0.6696721911430359,0.871802806854248,1.272896409034729
20250815_165903,0.6681414842605591,0.872361958026886,1.2758584022521973
20250815_165903,0.6667395830154419,0.8730066418647766,1.278959035873413
20250815_165903,0.6653158068656921,0.8735643625259399,1.2821108102798462
20250815_165903,0.6637982726097107,0.8740410804748535,1.2849526405334473
20250815_165903,0.6622928380966187,0.8746622204780579,1.2882627248764038
20250815_165903,0.6609532237052917,0.875089704990387,1.2910107374191284
20250815_165903,0.6593692898750305,0.8755967020988464,1.2944244146347046
20250815_165903,0.6579315066337585,0.8760602474212646,1.2976083755493164
20250815_165903,0.6565665006637573,0.876422107219696,1.3005094528198242
20250815_165903,0.6551897525787354,0.876896321773529,1.3037583827972412
20250815_165903,0.653801441192627,0.8772591948509216,1.3069093227386475
20250815_165903,0.6523574590682983,0.8775553703308105,1.310181736946106
20250815_165903,0.6509687304496765,0.8778117895126343,1.3133987188339233
20250815_165903,0.6495955586433411,0.8780391812324524,1.316649317741394
20250815_165903,0.6482881307601929,0.8784184455871582,1.3199336528778076
20250815_165903,0.6469927430152893,0.8786855340003967,1.323217749595642
20250815_165903,0.6457956433296204,0.8788775205612183,1.3264719247817993
20250815_165903,0.644461452960968,0.879047691822052,1.3298009634017944
20250815_165903,0.6430346369743347,0.8792340755462646,1.3333956003189087
20250815_165903,0.641849935054779,0.8792656660079956,1.3364245891571045
20250815_165903,0.6404270529747009,0.8795590996742249,1.3398596048355103
20250815_165903,0.639184832572937,0.8798261284828186,1.3432624340057373
20250815_165903,0.6380489468574524,0.8798320293426514,1.346504807472229
20250815_165903,0.636633574962616,0.8798249959945679,1.349966287612915
20250815_165903,0.635206937789917,0.8799898624420166,1.3533899784088135
20250815_165903,0.6340967416763306,0.879879355430603,1.356702208518982
20250815_165903,0.6328843832015991,0.8799397349357605,1.3600891828536987
20250815_165903,0.6315358281135559,0.87990802526474,1.363559365272522
20250815_165903,0.63041752576828,0.8798401355743408,1.3668750524520874
20250815_165903,0.6292986273765564,0.8799048662185669,1.3702783584594727
20250815_165903,0.6280315518379211,0.879758358001709,1.373979926109314
20250815_165903,0.6268630027770996,0.8794869184494019,1.377261996269226
20250815_165903,0.6255959272384644,0.8794435858726501,1.3808279037475586
20250815_165903,0.6243857145309448,0.8794395923614502,1.384560465812683
20250815_165903,0.6234924793243408,0.879298210144043,1.3879622220993042
20250815_165903,0.6222921013832092,0.8790544867515564,1.3915621042251587
20250815_165903,0.621117353439331,0.8790039420127869,1.395232081413269
20250815_165903,0.620071530342102,0.8788906335830688,1.3988500833511353
20250815_165903,0.6193239092826843,0.8788683414459229,1.4022146463394165
20250815_165903,0.6184219717979431,0.8786734938621521,1.4057717323303223
20250815_165903,0.6169415712356567,0.8782318234443665,1.409738540649414
20250815_165903,0.6161094307899475,0.8777440190315247,1.4132344722747803
20250815_165903,0.6153881549835205,0.8778619170188904,1.4166710376739502
20250815_165903,0.6140817999839783,0.8771663904190063,1.420451283454895
20250815_165903,0.612909734249115,0.8768014907836914,1.4242528676986694
20250815_165903,0.6117954254150391,0.8766216039657593,1.427927851676941
20250815_165903,0.6110334992408752,0.8765438199043274,1.4314789772033691
20250815_165903,0.609638512134552,0.875970184803009,1.435431718826294
20250815_165903,0.608633816242218,0.8757856488227844,1.4391592741012573
20250815_165903,0.6078172922134399,0.8754124045372009,1.4427638053894043
20250815_165903,0.6066461205482483,0.8749828338623047,1.4466902017593384
20250815_165903,0.6056076288223267,0.8747354745864868,1.4505356550216675
20250815_165903,0.6046746969223022,0.8741983771324158,1.4542315006256104
20250815_165903,0.6040471196174622,0.8743754029273987,1.4579616785049438
20250815_165903,0.6029927730560303,0.8736407160758972,1.4617788791656494
20250815_165903,0.6021493077278137,0.873288631439209,1.4657925367355347
20250815_165903,0.6012255549430847,0.873124361038208,1.469781517982483
20250815_165903,0.6007683277130127,0.8727993965148926,1.47345769405365
20250815_165903,0.5998277068138123,0.8724778294563293,1.4772974252700806
20250815_165903,0.598595917224884,0.8717582821846008,1.481568694114685
20250815_165903,0.5978862047195435,0.8714684247970581,1.4854621887207031
20250815_165903,0.5973625779151917,0.8714047074317932,1.489319920539856
20250815_165903,0.5965914130210876,0.8710944056510925,1.493311882019043
20250815_165903,0.595288097858429,0.8704020977020264,1.4975167512893677
20250815_165903,0.5944073796272278,0.8700481057167053,1.5015168190002441
20250815_165903,0.5931925177574158,0.8695746064186096,1.5059994459152222
20250815_165903,0.5924093723297119,0.8694707751274109,1.5099855661392212
20250815_165903,0.5916825532913208,0.8692055344581604,1.5139001607894897
20250815_165903,0.591064453125,0.8691193461418152,1.5178135633468628
20250815_165903,0.590196430683136,0.8688619136810303,1.5220751762390137
20250815_165903,0.5889410972595215,0.868276059627533,1.526361107826233
20250815_165903,0.5881962776184082,0.8680998682975769,1.5304436683654785
20250815_165903,0.5874572992324829,0.8678741455078125,1.5346462726593018
20250815_165903,0.5868793725967407,0.8678068518638611,1.5388346910476685
20250815_165903,0.5859912633895874,0.8674622178077698,1.5429863929748535
20250815_165903,0.5852631330490112,0.8672420382499695,1.5472304821014404
20250815_165903,0.5845440030097961,0.866986095905304,1.5514923334121704
20250815_165903,0.583964467048645,0.8669393658638,1.555699110031128
20250815_165903,0.5832672715187073,0.8668302297592163,1.560036063194275
20250815_165903,0.5825626254081726,0.8667036294937134,1.564391016960144
20250815_165903,0.5814947485923767,0.8662201762199402,1.5688776969909668
20250815_165903,0.5810312032699585,0.8662698268890381,1.5731216669082642
20250815_165903,0.5803983807563782,0.8661440014839172,1.5775845050811768
20250815_165903,0.5795040130615234,0.8660414814949036,1.582147240638733
20250815_165903,0.5784600973129272,0.8656743764877319,1.586822271347046
20250815_165903,0.5776529312133789,0.8655619621276855,1.5911850929260254
20250815_165903,0.5769487023353577,0.8655202388763428,1.595686435699463
20250815_165903,0.5763280391693115,0.86554354429245,1.6001261472702026
20250815_165903,0.5755632519721985,0.8654317855834961,1.6047346591949463
20250815_165904,0.5745009779930115,0.8651036620140076,1.609364628791809
20250815_165904,0.5736790299415588,0.8650810718536377,1.6138312816619873
20250815_165904,0.5729503035545349,0.8650296330451965,1.618448257446289
20250815_165904,0.5722908973693848,0.8650391101837158,1.623055100440979
20250815_165904,0.5712305903434753,0.8646486401557922,1.6277183294296265
20250815_165904,0.5707598328590393,0.8647457957267761,1.6322972774505615
20250815_165904,0.5700580477714539,0.8647044897079468,1.6370197534561157
20250815_165904,0.5692480206489563,0.8647080659866333,1.6419179439544678
20250815_165904,0.5685264468193054,0.8647060990333557,1.6466861963272095
20250815_165904,0.5678840279579163,0.8647404909133911,1.6514612436294556
20250815_165904,0.5670355558395386,0.8645598292350769,1.656269907951355
20250815_165904,0.5664820671081543,0.8646925091743469,1.6610312461853027
20250815_165904,0.565848171710968,0.8647588491439819,1.6658575534820557
20250815_165904,0.5652088522911072,0.8648087978363037,1.6707173585891724
20250815_165904,0.5645372867584229,0.8649002909660339,1.675660252571106
20250815_165904,0.5636096000671387,0.8647277355194092,1.6806517839431763
20250815_165904,0.5633365511894226,0.8651567697525024,1.6853299140930176
20250815_165904,0.5624631643295288,0.8650272488594055,1.690327763557434
20250815_165904,0.561840832233429,0.8651508092880249,1.6952992677688599
20250815_165904,0.5615392327308655,0.8652880787849426,1.6999684572219849
20250815_165904,0.5608799457550049,0.8654299974441528,1.7049424648284912
20250815_165904,0.5599105358123779,0.8651549816131592,1.7101677656173706
20250815_165904,0.5593945384025574,0.8652969598770142,1.7151306867599487
20250815_165904,0.5582494139671326,0.8655124306678772,1.720645785331726
20250815_165904,0.5575674176216125,0.8656973242759705,1.7257766723632812
20250815_165904,0.5570054650306702,0.8658537268638611,1.7308602333068848
20250815_165904,0.5568806529045105,0.8659945130348206,1.735518217086792
20250815_165904,0.5562955737113953,0.86620032787323,1.7407002449035645
20250815_165904,0.5553569793701172,0.8661655187606812,1.7460564374923706
20250815_165904,0.5548760890960693,0.8663308024406433,1.751179814338684
20250815_165904,0.5543974041938782,0.8665047287940979,1.7564101219177246
20250815_165904,0.5538814663887024,0.8666936755180359,1.7616814374923706
20250815_165904,0.553413450717926,0.8668628334999084,1.7669572830200195
20250815_165904,0.5530080199241638,0.8670622110366821,1.7721893787384033
20250815_165904,0.5517072677612305,0.8675748109817505,1.7783153057098389
20250815_165904,0.5512109398841858,0.8677817583084106,1.783613920211792
20250815_165904,0.5507051944732666,0.8678954243659973,1.788984775543213
20250815_165904,0.5498683452606201,0.867810070514679,1.7945159673690796
20250815_165904,0.5494394898414612,0.867965579032898,1.7998336553573608
20250815_165904,0.5500361919403076,0.8680060505867004,1.8042795658111572
20250815_165904,0.5494244694709778,0.8682751655578613,1.8098244667053223
20250815_165904,0.5490139126777649,0.8684210777282715,1.8152660131454468
20250815_165904,0.5485361814498901,0.8685789704322815,1.8207215070724487
20250815_165904,0.5480890870094299,0.8687601089477539,1.8261903524398804
20250815_165904,0.5476320385932922,0.8689641356468201,1.8317369222640991
20250815_165904,0.547243595123291,0.8691821694374084,1.8372793197631836
20250815_165904,0.5466069579124451,0.8691011071205139,1.8429118394851685
20250815_165904,0.5462234616279602,0.8693181276321411,1.8484307527542114
20250815_165904,0.5458365082740784,0.8695321083068848,1.8540118932724
20250815_165904,0.545508623123169,0.8696585893630981,1.8595788478851318
20250815_165904,0.5451973676681519,0.869857132434845,1.8651282787322998
20250815_165904,0.5449609756469727,0.8701410293579102,1.870705485343933
20250815_165904,0.5446665287017822,0.870445191860199,1.8762948513031006
20250815_165904,0.5443602800369263,0.8707042932510376,1.882032871246338
20250815_165904,0.5440981984138489,0.870914876461029,1.8876934051513672
20250815_165904,0.5438488721847534,0.8711479306221008,1.8933390378952026
20250815_165904,0.5430090427398682,0.8711168766021729,1.8993875980377197
20250815_165904,0.5427854061126709,0.871268093585968,1.9050490856170654
20250815_165904,0.5425102710723877,0.8714280128479004,1.910788893699646
20250815_165904,0.5424975156784058,0.8718359470367432,1.916313648223877
20250815_165904,0.5422755479812622,0.8720434904098511,1.9221131801605225
20250815_165904,0.5421268939971924,0.8722412586212158,1.9278584718704224
20250815_165904,0.5419347286224365,0.8723755478858948,1.9336880445480347
20250815_165904,0.5417142510414124,0.872554361820221,1.9395118951797485
20250815_165904,0.5415096282958984,0.8727184534072876,1.9453762769699097
20250815_165904,0.5413593649864197,0.8728546500205994,1.951306939125061
20250815_165904,0.5411765575408936,0.8730061054229736,1.9571784734725952
20250815_165904,0.5410442352294922,0.8730167746543884,1.9631073474884033
20250815_165904,0.5408958792686462,0.873164713382721,1.9690213203430176
20250815_165904,0.5407921671867371,0.8732994198799133,1.9749536514282227
20250815_165904,0.5406336188316345,0.8731499314308167,1.9808024168014526
20250815_165904,0.5406085252761841,0.8732371926307678,1.9867173433303833
20250815_165904,0.5405844449996948,0.8733213543891907,1.9926990270614624
20250815_165904,0.5403589606285095,0.8734132051467896,1.9989527463912964
20250815_165904,0.5403425097465515,0.8734834790229797,2.00498628616333
20250815_165904,0.5406201481819153,0.8736490607261658,2.0107240676879883
20250815_165904,0.5407103896141052,0.8737742900848389,2.0166571140289307
20250815_165904,0.5411932468414307,0.8744549751281738,2.02251935005188
20250815_165904,0.5413171648979187,0.8746182322502136,2.0284740924835205
20250815_165904,0.5414878726005554,0.8746820092201233,2.0344998836517334
20250815_165904,0.5416641235351562,0.8748045563697815,2.0405783653259277
20250815_165904,0.5418373942375183,0.8749576210975647,2.046644449234009
20250815_165904,0.5419970154762268,0.8750952482223511,2.0527071952819824
20250815_165904,0.5422036051750183,0.8750920295715332,2.0587472915649414
20250815_165904,0.5425260066986084,0.875175416469574,2.064823627471924
20250815_165904,0.5427616834640503,0.8753474950790405,2.0709145069122314
20250815_165904,0.5424478650093079,0.8748831748962402,2.0773026943206787
20250815_165904,0.5424554944038391,0.8744663000106812,2.0836181640625
20250815_165904,0.542955756187439,0.8749153017997742,2.089601993560791
20250815_165904,0.543361246585846,0.8751065731048584,2.095710039138794
20250815_165904,0.543725848197937,0.875110387802124,2.1018059253692627
20250815_165904,0.5441903471946716,0.8751173615455627,2.1078503131866455
20250815_165904,0.5446193814277649,0.8751822113990784,2.11393404006958
20250815_165904,0.5456197261810303,0.8758500814437866,2.1197454929351807
20250815_165904,0.5461243391036987,0.8758125305175781,2.1259396076202393
20250815_165904,0.5461177825927734,0.8751471042633057,2.1323397159576416
20250815_165904,0.5466535687446594,0.8751780986785889,2.138458490371704
20250815_165904,0.5474480390548706,0.8751476407051086,2.144458055496216
20250815_165904,0.5481014251708984,0.8751451969146729,2.1505889892578125
20250815_165904,0.5487516522407532,0.8751729726791382,2.1567182540893555
20250815_165905,0.549437403678894,0.8751606345176697,2.1628706455230713
20250815_165905,0.5500068068504333,0.8752628564834595,2.169182062149048
20250815_165905,0.5505176186561584,0.8752341866493225,2.1755497455596924
20250815_165905,0.5512373447418213,0.8752707242965698,2.1817288398742676
20250815_165905,0.5519588589668274,0.8752998113632202,2.1878650188446045
20250815_165905,0.5527299642562866,0.8754277229309082,2.1940419673919678
20250815_165905,0.5535239577293396,0.8756071925163269,2.200286865234375
20250815_165905,0.5545670390129089,0.875924289226532,2.206226348876953
20250815_165905,0.5554043054580688,0.8760387897491455,2.2124288082122803
20250815_165905,0.5564168691635132,0.876018226146698,2.2185678482055664
20250815_165905,0.5573191046714783,0.8761604428291321,2.224759101867676
20250815_165905,0.5582432746887207,0.876304566860199,2.230949640274048
20250815_165905,0.5592302083969116,0.8763155341148376,2.2371442317962646
20250815_165905,0.5601954460144043,0.8764671087265015,2.2434115409851074
20250815_165905,0.561273455619812,0.876987636089325,2.2496490478515625
20250815_165905,0.5622751712799072,0.8771342635154724,2.2559456825256348
20250815_165905,0.5632465481758118,0.8772438764572144,2.262140989303589
20250815_165905,0.5637251734733582,0.8776258230209351,2.268925428390503
20250815_165905,0.5649628639221191,0.8778437376022339,2.274967908859253
20250815_165905,0.5648943781852722,0.8772125840187073,2.281475067138672
20250815_165905,0.5671550035476685,0.8785741925239563,2.2874069213867188
20250815_165905,0.5688185691833496,0.8775857090950012,2.293476104736328
20250815_165905,0.5699561238288879,0.8779418468475342,2.2997500896453857
20250815_165905,0.571258544921875,0.8781203627586365,2.3060221672058105
20250815_165905,0.5722364187240601,0.879058301448822,2.312432050704956
20250815_165905,0.5723943710327148,0.8783261775970459,2.31904935836792
20250815_165905,0.574845016002655,0.8796681761741638,2.3249197006225586
20250815_165905,0.5760764479637146,0.8791772127151489,2.331453323364258
20250815_165905,0.5768591165542603,0.8804375529289246,2.3377459049224854
20250815_165905,0.5783137679100037,0.8790823817253113,2.3437116146087646
20250815_165905,0.5815815925598145,0.8826766610145569,2.356546640396118
20250815_165905,0.5862060785293579,0.8797128200531006,2.3811631202697754
20250815_165905,0.5891405940055847,0.8805302977561951,2.393861770629883
20250815_165905,0.5921947360038757,0.8809139132499695,2.406390905380249
20250815_165905,0.5998185873031616,0.8817326426506042,2.4378464221954346
20250815_165905,0.602423906326294,0.881619930267334,2.4504809379577637
20250815_165905,0.6095972061157227,0.8865622282028198,2.4762940406799316
20250815_165905,0.6099143624305725,0.8829751014709473,2.4822564125061035
20250815_165905,0.6127147674560547,0.885033905506134,2.4884982109069824
20250815_165905,0.6143839955329895,0.8852733373641968,2.4947001934051514
20250815_165905,0.6180292367935181,0.8868936896324158,2.514418125152588
20250815_165905,0.61832195520401,0.8831843733787537,2.5205740928649902
20250815_165905,0.6211117506027222,0.887554943561554,2.527280330657959
20250815_165905,0.6219576001167297,0.8829526305198669,2.5326266288757324
20250815_165905,0.6277590990066528,0.8875426054000854,2.558513641357422
20250815_165905,0.6373277306556702,0.8929306864738464,2.6335675716400146
20250815_165905,0.6401196718215942,0.8922162055969238,2.645390272140503
20250815_165905,0.6418381333351135,0.8859701752662659,2.652280330657959
20250815_165906,0.7823560237884521,0.969520628452301,2.9594619274139404
20250815_165906,0.7861162424087524,0.9731881022453308,2.9635980129241943
20250815_165906,0.7901008129119873,0.9771373271942139,2.967400550842285
20250815_165906,0.794136106967926,0.981582760810852,2.971273183822632
20250815_165906,0.8153814673423767,1.0035697221755981,2.9904887676239014
20250815_165906,0.8195379972457886,1.0069553852081299,2.994135856628418
20250815_165906,0.8236761093139648,1.0100843906402588,2.997826099395752
20250815_165906,0.8278762698173523,1.0128474235534668,3.001594066619873
20250815_165906,0.8320286273956299,1.015219807624817,3.005284547805786
20250815_165906,0.8363438248634338,1.0164793729782104,3.0088107585906982
20250815_165906,0.8404852151870728,1.017977237701416,3.012329578399658
20250815_165906,0.8611462712287903,1.0155434608459473,3.0299909114837646
20250815_165906,0.9825181365013123,0.5281069278717041,3.1344587802886963
20250815_165906,0.989065945148468,0.4677465558052063,3.1406054496765137
20250815_165906,0.9940778613090515,0.4062393009662628,3.146841526031494
20250815_165906,0.9970606565475464,0.3751052916049957,3.1495273113250732
20250815_165906,1.0000702142715454,0.341730535030365,3.152650833129883
20250815_165906,1.0027426481246948,0.3077651858329773,3.155921459197998
20250815_165906,1.0060006380081177,0.2732270658016205,3.1582915782928467
20250815_165906,1.0072349309921265,0.2372090369462967,3.162034273147583
20250815_165906,1.0104591846466064,0.20087930560112,3.1647889614105225
20250815_165907,1.0715298652648926,0.19353917241096497,3.2107961177825928
20250815_165907,1.081803321838379,0.18919050693511963,3.2187795639038086
20250815_165907,1.086189866065979,0.18880684673786163,3.221831798553467
20250815_165907,1.0896466970443726,0.18730199337005615,3.226040840148926
20250815_165907,1.0932188034057617,0.1858077049255371,3.229909896850586
20250815_165907,1.0962718725204468,0.18414254486560822,3.2333502769470215
20250815_165907,1.0998469591140747,0.1863124668598175,3.234334945678711
20250815_165907,1.1029101610183716,0.18636418879032135,3.2361831665039062
20250815_165907,1.1061855554580688,0.18560653924942017,3.2388134002685547
20250815_165907,1.108449101448059,0.1827613264322281,3.241746425628662
20250815_165907,1.1110265254974365,0.183744415640831,3.241856336593628
20250815_165907,1.113330364227295,0.18292807042598724,3.242922782897949
20250815_165907,1.115240216255188,0.181626096367836,3.244344711303711
20250815_165907,1.1169153451919556,0.17961451411247253,3.245997190475464
20250815_165907,1.1185604333877563,0.1780465543270111,3.2474260330200195
20250815_165907,1.1205623149871826,0.17724281549453735,3.2481720447540283
20250815_165907,1.121812105178833,0.17721496522426605,3.248932361602783
20250815_165907,1.1231732368469238,0.1777624487876892,3.2500479221343994
20250815_165907,1.124873399734497,0.17845068871974945,3.2513928413391113
20250815_165907,1.1261731386184692,0.1789485365152359,3.2515201568603516
20250815_165907,1.1268261671066284,0.1749495267868042,3.2531967163085938
20250815_165907,1.127939224243164,0.17371319234371185,3.253538131713867
20250815_165907,1.1296970844268799,0.17165148258209229,3.2537193298339844
20250815_165907,1.1306579113006592,0.16926398873329163,3.255336046218872
20250815_165907,1.1324321031570435,0.16833056509494781,3.2555065155029297
20250815_165907,1.1345332860946655,0.16750787198543549,3.2560126781463623
20250815_165907,1.1375274658203125,0.1656845510005951,3.2567508220672607
20250815_165908,1.146524429321289,0.17400404810905457,3.263155221939087
20250815_165908,1.1459354162216187,0.17663760483264923,3.263458251953125
20250815_165908,1.1452891826629639,0.17888253927230835,3.2642672061920166
20250815_165908,1.1445128917694092,0.1818280667066574,3.2648730278015137
20250815_165908,1.1440485715866089,0.18486769497394562,3.2648520469665527
20250815_165908,1.1431595087051392,0.18559440970420837,3.265759229660034
20250815_165908,1.141859769821167,0.1883760690689087,3.2653989791870117
20250815_165908,1.1410549879074097,0.19107013940811157,3.265322685241699
20250815_165908,1.1402814388275146,0.19358006119728088,3.265324831008911
20250815_165908,1.1394022703170776,0.19677510857582092,3.265167236328125
20250815_165908,1.1384612321853638,0.20028056204319,3.265007495880127
20250815_165908,1.137929916381836,0.20390602946281433,3.2655229568481445
20250815_165908,1.1374973058700562,0.2090730369091034,3.2653274536132812
20250815_165908,1.1366901397705078,0.2142655849456787,3.265592098236084
20250815_165908,1.1359330415725708,0.21853098273277283,3.2662367820739746
20250815_165908,1.1345337629318237,0.22365827858448029,3.2669613361358643
20250815_165908,1.1327117681503296,0.2292775809764862,3.268230438232422
20250815_165908,1.1318718194961548,0.2335994690656662,3.269179582595825
20250815_165908,1.1300127506256104,0.24021613597869873,3.2706384658813477
20250815_165908,1.1285532712936401,0.24618439376354218,3.2713518142700195
20250815_165908,1.1269079446792603,0.25351664423942566,3.272573471069336
20250815_165908,1.123193621635437,0.2577730417251587,3.274630308151245
20250815_165908,1.121684193611145,0.2656027674674988,3.2751948833465576
20250815_165908,1.1206728219985962,0.2739377021789551,3.2752554416656494
20250815_165908,1.1208804845809937,0.2834220826625824,3.2759933471679688
20250815_165908,1.1180752515792847,0.2907457947731018,3.2766337394714355
20250815_165908,1.1172091960906982,0.2996276915073395,3.277484178543091
20250815_165908,1.1142441034317017,0.3067583441734314,3.2791342735290527
20250815_165908,1.112655520439148,0.31577759981155396,3.280500888824463
20250815_165908,1.1112312078475952,0.32551324367523193,3.2815921306610107
20250815_165908,1.109757661819458,0.33502164483070374,3.2825567722320557
20250815_165908,1.1078355312347412,0.3439105749130249,3.2837717533111572
20250815_165908,1.1072108745574951,0.35478708148002625,3.2843093872070312
20250815_165908,1.1062068939208984,0.36533817648887634,3.2846672534942627
20250815_165908,1.1036463975906372,0.37425148487091064,3.2861764430999756
20250815_165908,1.103536605834961,0.38635894656181335,3.287108898162842
20250815_165908,1.1024967432022095,0.39666685461997986,3.2881417274475098
20250815_165908,1.1008129119873047,0.40751978754997253,3.289285898208618
20250815_165908,1.1007078886032104,0.4190827012062073,3.2897799015045166
20250815_165908,1.1001204252243042,0.4311363399028778,3.289933443069458
20250815_165908,1.0995112657546997,0.44218242168426514,3.2910356521606445
20250815_165908,1.0980920791625977,0.4532950222492218,3.2919468879699707
20250815_165908,1.0987731218338013,0.46572595834732056,3.2919960021972656
20250815_165908,1.0981031656265259,0.4780022203922272,3.2934556007385254
20250815_165908,1.0983455181121826,0.48933327198028564,3.2935595512390137
20250815_165908,1.0972017049789429,0.49978262186050415,3.294685125350952
20250815_165908,1.0982961654663086,0.5124992728233337,3.294449806213379
20250815_165908,1.0981857776641846,0.5254543423652649,3.294646739959717
20250815_165908,1.0975062847137451,0.5357170104980469,3.2950596809387207
20250815_165908,1.0987637042999268,0.5488349199295044,3.2944014072418213
20250815_165908,1.0988781452178955,0.5602756142616272,3.294217586517334
20250815_165908,1.0980116128921509,0.5717774033546448,3.2943308353424072
20250815_165908,1.0993082523345947,0.5839371681213379,3.2936012744903564
20250815_165908,1.0996419191360474,0.5956516265869141,3.2931857109069824
20250815_165908,1.1003490686416626,0.6079097390174866,3.2925562858581543
20250815_165908,1.1008524894714355,0.6190292239189148,3.292208671569824
20250815_165908,1.1004302501678467,0.6296372413635254,3.292032241821289
20250815_165908,1.102221965789795,0.6414138078689575,3.2906739711761475
20250815_165908,1.102968692779541,0.6523615717887878,3.28969144821167
20250815_165908,1.103786826133728,0.6633596420288086,3.288496255874634
20250815_165908,1.1043885946273804,0.6736729145050049,3.287431240081787
20250815_165908,1.1052405834197998,0.6846882104873657,3.2860817909240723
20250815_165908,1.1059095859527588,0.6952101588249207,3.2847182750701904
20250815_165908,1.1070382595062256,0.7061325311660767,3.2829689979553223
20250815_165908,1.107838749885559,0.7166162729263306,3.2815399169921875
20250815_165908,1.1084192991256714,0.7268755435943604,3.2805843353271484
20250815_165908,1.1091243028640747,0.7368802428245544,3.2789952754974365
20250815_165908,1.1094437837600708,0.747019350528717,3.2774577140808105
20250815_165908,1.110602855682373,0.7567563652992249,3.2753586769104004
20250815_165908,1.1105419397354126,0.7657291293144226,3.2734827995300293
20250815_165908,1.1111210584640503,0.7741427421569824,3.2710540294647217
20250815_165908,1.1110283136367798,0.7830668091773987,3.268646478652954
20250815_165908,1.110661268234253,0.7920931577682495,3.2658519744873047
20250815_165908,1.1107858419418335,0.8015635013580322,3.262387275695801
20250815_165908,1.107422113418579,0.8082796931266785,3.2604188919067383
20250815_165908,1.1099722385406494,0.8187310099601746,3.2558135986328125
20250815_165908,1.109480619430542,0.8266133666038513,3.2527167797088623
20250815_165908,1.1087154150009155,0.8343742489814758,3.249730110168457
20250815_165909,1.1083530187606812,0.842117965221405,3.246448040008545
20250815_165909,1.1082212924957275,0.8492365479469299,3.2428882122039795
20250815_165909,1.1072814464569092,0.8695562481880188,3.2317774295806885
20250815_165909,1.1064893007278442,0.8752033710479736,3.2282214164733887
20250815_165909,1.1060394048690796,0.8809495568275452,3.2240302562713623
20250815_165909,1.1057260036468506,0.8869369626045227,3.2196547985076904
20250815_165909,1.1055115461349487,0.8923520445823669,3.2153563499450684
20250815_165909,1.1058554649353027,0.8981277942657471,3.21034574508667
20250815_165909,1.1056582927703857,0.9026241898536682,3.2058863639831543
20250815_165909,1.1059316396713257,0.9072893261909485,3.2009754180908203
20250815_165909,1.1062958240509033,0.9117853045463562,3.195793628692627
20250815_165909,1.1065901517868042,0.9159649014472961,3.190394878387451
20250815_165909,1.1067404747009277,0.9200852513313293,3.184816598892212
20250815_165909,1.107214093208313,0.9248278141021729,3.1786623001098633
20250815_165909,1.1065477132797241,0.9277563691139221,3.1731112003326416
20250815_165909,1.1066093444824219,0.9324905872344971,3.166740894317627
20250815_165909,1.1060255765914917,0.9364303946495056,3.1605112552642822
20250815_165909,1.1055364608764648,0.9403825998306274,3.1543221473693848
20250815_165909,1.1048660278320312,0.9445831775665283,3.1480162143707275
20250815_165909,1.104275107383728,0.9493522644042969,3.1416540145874023
20250815_165909,1.103543996810913,0.9534038305282593,3.135436534881592
20250815_165909,1.1028839349746704,0.9580713510513306,3.1291849613189697
20250815_165909,1.1024044752120972,0.9628093242645264,3.1228246688842773
20250815_165909,1.1017277240753174,0.96656733751297,3.1166131496429443
20250815_165909,1.1014537811279297,0.9715843796730042,3.1100547313690186
20250815_165909,1.100624918937683,0.975014328956604,3.103825092315674
20250815_165909,1.0998352766036987,0.9790322780609131,3.0971038341522217
20250815_165909,1.0988929271697998,0.9826440215110779,3.0904033184051514
20250815_165909,1.0978652238845825,0.9864441156387329,3.0833826065063477
20250815_165909,1.0967764854431152,0.9904361963272095,3.076214551925659
20250815_165909,1.0955860614776611,0.9939420223236084,3.069071054458618
20250815_165909,1.0944876670837402,0.9976047277450562,3.0617053508758545
20250815_165909,1.0935232639312744,1.0012708902359009,3.0543253421783447
20250815_165909,1.0928000211715698,1.0047451257705688,3.0470738410949707
20250815_165909,1.0923867225646973,1.0088309049606323,3.0396368503570557
20250815_165909,1.0920097827911377,1.0123231410980225,3.032158374786377
20250815_165909,1.091835379600525,1.0158203840255737,3.024588108062744
20250815_165909,1.091614007949829,1.0195420980453491,3.0169777870178223
20250815_165909,1.0914232730865479,1.0232598781585693,3.009321928024292
20250815_165909,1.091036081314087,1.0274643898010254,3.001605272293091
20250815_165909,1.0903866291046143,1.031618356704712,2.9938533306121826
20250815_165909,1.0898889303207397,1.0366041660308838,2.986257314682007
20250815_165909,1.0892938375473022,1.0414303541183472,2.97877836227417
20250815_165909,1.088875651359558,1.0468605756759644,2.97147274017334
20250815_165909,1.089133620262146,1.0525882244110107,2.964109420776367
20250815_165909,1.0890653133392334,1.0576220750808716,2.957123041152954
20250815_165909,1.089806318283081,1.0635334253311157,2.949754476547241
20250815_165909,1.0902996063232422,1.0683056116104126,2.942624568939209
20250815_165909,1.091550588607788,1.073699951171875,2.934948444366455
20250815_165909,1.0920490026474,1.0779341459274292,2.926974058151245
20250815_165909,1.0926902294158936,1.0825496912002563,2.919079303741455
20250815_165909,1.093231201171875,1.086893916130066,2.9107539653778076
20250815_165909,1.0936871767044067,1.0913065671920776,2.9026832580566406
20250815_165909,1.0938578844070435,1.09590482711792,2.8940858840942383
20250815_165909,1.0945584774017334,1.100594401359558,2.885753631591797
20250815_165909,1.0941847562789917,1.1039104461669922,2.8772456645965576
20250815_165909,1.0948289632797241,1.1089704036712646,2.8685238361358643
20250815_165909,1.0945966243743896,1.1117571592330933,2.859706401824951
20250815_165909,1.0947673320770264,1.1152950525283813,2.850775957107544
20250815_165909,1.0954487323760986,1.1195310354232788,2.8415732383728027
20250815_165909,1.0949368476867676,1.1219429969787598,2.8322784900665283
20250815_165909,1.0955243110656738,1.1259515285491943,2.822735071182251
20250815_165909,1.0950117111206055,1.1282191276550293,2.813180685043335
20250815_165909,1.0956050157546997,1.132219910621643,2.803501844406128
20250815_165909,1.0951039791107178,1.1345527172088623,2.7937328815460205
20250815_165909,1.0956852436065674,1.1383213996887207,2.7841718196868896
20250815_165909,1.09531569480896,1.1408116817474365,2.7743752002716064
20250815_165909,1.0959059000015259,1.1445204019546509,2.7647275924682617
20250815_165909,1.0959937572479248,1.1478122472763062,2.7549383640289307
20250815_165909,1.0965365171432495,1.1510388851165771,2.7452876567840576
20250815_165909,1.096751093864441,1.154484510421753,2.735633134841919
20250815_165909,1.0980398654937744,1.158596158027649,2.726513147354126
20250815_165909,1.0979470014572144,1.1617952585220337,2.7165117263793945
20250815_165909,1.098610281944275,1.1648112535476685,2.7070274353027344
20250815_165909,1.0995482206344604,1.1694282293319702,2.697298526763916
20250815_165909,1.100013256072998,1.1731916666030884,2.6880505084991455
20250815_165909,1.1012896299362183,1.179409146308899,2.6785411834716797
20250815_165909,1.1014853715896606,1.1816829442977905,2.6691300868988037
20250815_165909,1.1018197536468506,1.18821382522583,2.65950345993042
20250815_165909,1.1010011434555054,1.1908422708511353,2.649733781814575
20250815_165909,1.101704716682434,1.1980087757110596,2.640488624572754
20250815_165909,1.1027737855911255,1.2056021690368652,2.6316659450531006
20250815_165910,1.0670881271362305,1.3197543621063232,2.427875280380249
20250815_165910,1.060365915298462,1.3254890441894531,2.3945367336273193
20250815_165910,1.0574455261230469,1.3280636072158813,2.377872943878174
20250815_165910,1.0537264347076416,1.3322579860687256,2.353278875350952
20250815_165910,1.0488111972808838,1.3342196941375732,2.321254253387451
20250815_165910,1.0473804473876953,1.3348913192749023,2.3050434589385986
20250815_165910,1.0467675924301147,1.3344100713729858,2.2964928150177
20250815_165910,1.0462876558303833,1.3351695537567139,2.2885406017303467
20250815_165910,1.0454074144363403,1.3345698118209839,2.2801055908203125
20250815_165910,1.0438127517700195,1.3346116542816162,2.2637367248535156
20250815_165910,1.043223261833191,1.3345932960510254,2.2558434009552
20250815_165910,1.04240083694458,1.3337628841400146,2.2471632957458496
20250815_165910,1.0420026779174805,1.3332281112670898,2.2386531829833984
20250815_165910,1.0419052839279175,1.3329514265060425,2.2301864624023438
20250815_165910,1.0413874387741089,1.3316203355789185,2.221381902694702
20250815_165910,1.041217565536499,1.3290828466415405,2.2037267684936523
20250815_165910,1.0422838926315308,1.3263590335845947,2.185634136199951
20250815_165910,1.0428745746612549,1.3247863054275513,2.17633318901062
20250815_165910,1.043418526649475,1.322688102722168,2.1667017936706543
20250815_165910,1.0435527563095093,1.3192886114120483,2.156358242034912
20250815_165910,1.0442681312561035,1.317499041557312,2.1467576026916504
20250815_165910,1.045110821723938,1.3154387474060059,2.1370222568511963
20250815_165910,1.0458705425262451,1.3132102489471436,2.127135753631592
20250815_165910,1.0472710132598877,1.3100425004959106,2.116558074951172
20250815_165910,1.0488964319229126,1.307931661605835,2.1062633991241455
20250815_165910,1.04788076877594,1.3039883375167847,2.095839500427246
20250815_165910,1.0470494031906128,1.3001302480697632,2.085421323776245
20250815_165910,1.0461771488189697,1.29661226272583,2.075230836868286
20250815_165910,1.0462592840194702,1.294111728668213,2.064286470413208
20250815_165910,1.0454105138778687,1.2918883562088013,2.0543015003204346
20250815_165910,1.0446549654006958,1.289383053779602,2.0443058013916016
20250815_165910,1.0442854166030884,1.2873413562774658,2.0341410636901855
20250815_165910,1.043321967124939,1.2850463390350342,2.0240206718444824
20250815_165910,1.0458430051803589,1.2849390506744385,2.01446795463562
20250815_165910,1.0450468063354492,1.2808842658996582,1.994036316871643
20250815_165910,1.0453993082046509,1.279154896736145,1.983737587928772
20250815_165910,1.0447018146514893,1.2772363424301147,1.973343014717102
20250815_165910,1.044213891029358,1.2743080854415894,1.9531078338623047
20250815_165910,1.0430924892425537,1.2726389169692993,1.9317971467971802
20250815_165910,1.0422897338867188,1.273092269897461,1.9216562509536743
20250815_165910,1.039952039718628,1.2731609344482422,1.911480188369751
20250815_165910,1.0357879400253296,1.272497296333313,1.901086449623108
20250815_165910,1.033647060394287,1.2735342979431152,1.8914521932601929
20250815_165910,1.0314711332321167,1.2749254703521729,1.8817992210388184
20250815_165910,1.0299997329711914,1.2768539190292358,1.8723901510238647
20250815_165910,1.0282992124557495,1.2785950899124146,1.8630033731460571
20250815_165910,1.0232198238372803,1.2777994871139526,1.853255271911621
20250815_165910,1.0200185775756836,1.2784576416015625,1.8436660766601562
20250815_165910,1.0179368257522583,1.2798618078231812,1.8340586423873901
20250815_165910,1.0164278745651245,1.2816312313079834,1.8251910209655762
20250815_165910,1.0127010345458984,1.2813702821731567,1.815579891204834
20250815_165910,1.0086947679519653,1.281123399734497,1.8063056468963623
20250815_165910,1.0063766241073608,1.28205144405365,1.7973792552947998
20250815_165910,1.0061395168304443,1.2848104238510132,1.7894963026046753
20250815_165910,1.0040525197982788,1.285688042640686,1.781044363975525
20250815_165910,0.9996074438095093,1.2846356630325317,1.7719054222106934
20250815_165910,0.998612105846405,1.2865206003189087,1.7642276287078857
20250815_165910,0.9979900121688843,1.2884507179260254,1.7563176155090332
20250815_165910,0.9957163333892822,1.2891438007354736,1.7483450174331665
20250815_165910,0.9939808249473572,1.2902686595916748,1.7404612302780151
20250815_165910,0.9919829964637756,1.291264295578003,1.7331424951553345
20250815_165910,0.9897806644439697,1.2920337915420532,1.7256255149841309
20250815_165910,0.9879651069641113,1.293383002281189,1.7186243534088135
20250815_165910,0.9861359596252441,1.2944506406784058,1.711523413658142
20250815_165910,0.9838600158691406,1.2949501276016235,1.7043471336364746
20250815_165910,0.9818326830863953,1.2954710721969604,1.6973309516906738
20250815_165910,0.9799522757530212,1.2961654663085938,1.690181016921997
20250815_165910,0.9776191711425781,1.2963579893112183,1.6831399202346802
20250815_165910,0.9763461351394653,1.2972034215927124,1.6766575574874878
20250815_165910,0.9743704795837402,1.2974200248718262,1.6696891784667969
20250815_165910,0.9717131853103638,1.2972614765167236,1.6631381511688232
20250815_165910,0.9697182774543762,1.2970982789993286,1.6565433740615845
20250815_165910,0.9680958986282349,1.297611117362976,1.6501100063323975
20250815_165910,0.9663825631141663,1.297716498374939,1.6436678171157837
20250815_165910,0.9647420048713684,1.2977476119995117,1.636980414390564
20250815_165910,0.9631027579307556,1.2979042530059814,1.6304757595062256
20250815_165910,0.9616441130638123,1.297996163368225,1.624050259590149
20250815_165911,0.9596078395843506,1.2974375486373901,1.6175508499145508
20250815_165911,0.9579114317893982,1.2978018522262573,1.611164927482605
20250815_165911,0.9559903144836426,1.2977465391159058,1.604480504989624
20250815_165911,0.9541630744934082,1.297752022743225,1.5979247093200684
20250815_165911,0.9523147940635681,1.2978116273880005,1.5914198160171509
20250815_165911,0.9503636360168457,1.297936201095581,1.5850446224212646
20250815_165911,0.9485222697257996,1.2980588674545288,1.5786259174346924
20250815_165911,0.946520209312439,1.2981650829315186,1.5722568035125732
20250815_165911,0.9446539878845215,1.2982280254364014,1.5659208297729492
20250815_165911,0.9428151845932007,1.2983489036560059,1.5596845149993896
20250815_165911,0.9412152767181396,1.2988194227218628,1.553237795829773
20250815_165911,0.93929523229599,1.2990771532058716,1.5467438697814941
20250815_165911,0.9373147487640381,1.2991821765899658,1.540078043937683
20250815_165911,0.9354837536811829,1.299354076385498,1.5334032773971558
20250815_165911,0.933540940284729,1.2995641231536865,1.526674509048462
20250815_165911,0.9317080974578857,1.2998358011245728,1.5199694633483887
20250815_165911,0.9297244548797607,1.300081491470337,1.5132349729537964
20250815_165911,0.92693030834198,1.2996660470962524,1.505898356437683
20250815_165911,0.9257039427757263,1.300812840461731,1.5000243186950684
20250815_165911,0.9233590960502625,1.3010880947113037,1.4936217069625854
20250815_165911,0.9208906888961792,1.3014687299728394,1.4871890544891357
20250815_165911,0.9186171293258667,1.3019359111785889,1.4807642698287964
20250815_165911,0.9165031313896179,1.3025271892547607,1.4742884635925293
20250815_165911,0.9134575724601746,1.3022385835647583,1.4669864177703857
20250815_165911,0.9127650260925293,1.3041149377822876,1.4613115787506104
20250815_165911,0.9104166626930237,1.3041547536849976,1.4543565511703491
20250815_165911,0.9087955951690674,1.305372714996338,1.4484052658081055
20250815_165911,0.9066869616508484,1.305869460105896,1.4420740604400635
20250815_165911,0.9045403599739075,1.306046724319458,1.4356247186660767
20250815_165911,0.9025270342826843,1.3071779012680054,1.4295257329940796
20250815_165911,0.9021967649459839,1.3093653917312622,1.4238475561141968
20250815_165911,0.8999608159065247,1.3101608753204346,1.417504072189331
20250815_165911,0.8979640603065491,1.3110158443450928,1.4114972352981567
20250815_165911,0.8957222104072571,1.311862826347351,1.4054107666015625
20250815_165911,0.8938197493553162,1.3131844997406006,1.399538516998291
20250815_165911,0.8929116129875183,1.3150993585586548,1.3938367366790771
20250815_165911,0.8905125260353088,1.3156754970550537,1.3881092071533203
20250815_165911,0.8893076181411743,1.3168690204620361,1.3824083805084229
20250815_165911,0.8890281319618225,1.319020390510559,1.3778448104858398
20250815_165911,0.8868982195854187,1.319199800491333,1.3720732927322388
20250815_165911,0.8854588866233826,1.3198647499084473,1.3665556907653809
20250815_165911,0.8846369981765747,1.3207930326461792,1.3615918159484863
20250815_165911,0.8821533918380737,1.3190486431121826,1.3554903268814087
20250815_165911,0.8810989856719971,1.3192905187606812,1.3498886823654175
20250815_165911,0.880567193031311,1.319944977760315,1.3443505764007568
20250815_165911,0.8800700306892395,1.3196766376495361,1.338805913925171
20250815_165911,0.878331184387207,1.3187893629074097,1.3326035737991333
20250815_165911,0.8781318068504333,1.3188389539718628,1.3269984722137451
20250815_165911,0.8767679929733276,1.3178130388259888,1.3210607767105103
20250815_165911,0.8765285611152649,1.3176610469818115,1.315710186958313
20250815_165911,0.8757411241531372,1.3170720338821411,1.3101290464401245
20250815_165911,0.8751593232154846,1.31643807888031,1.3044239282608032
20250815_165911,0.8746265769004822,1.3155807256698608,1.2985728979110718
20250815_165911,0.8743681311607361,1.3147406578063965,1.2928224802017212
20250815_165911,0.873910129070282,1.3137435913085938,1.2867622375488281
20250815_165911,0.8730255961418152,1.3121644258499146,1.2809566259384155
20250815_165911,0.8731663823127747,1.311487078666687,1.2753899097442627
20250815_165911,0.8728306889533997,1.3103752136230469,1.2696659564971924
20250815_165911,0.8725611567497253,1.3092714548110962,1.2640596628189087
20250815_165911,0.8723017573356628,1.3078769445419312,1.2584316730499268
20250815_165911,0.8721490502357483,1.306546926498413,1.2528986930847168
20250815_165911,0.8716186285018921,1.3046766519546509,1.2473535537719727
20250815_165911,0.8715962767601013,1.3031991720199585,1.2418653964996338
20250815_165911,0.8717957735061646,1.3017258644104004,1.2364099025726318
20250815_165911,0.8710806369781494,1.2996560335159302,1.2306510210037231
20250815_165911,0.8710726499557495,1.2981594800949097,1.2248748540878296
20250815_165911,0.8717717528343201,1.2971622943878174,1.2191814184188843
20250815_165911,0.8717072010040283,1.2956944704055786,1.2130354642868042
20250815_165911,0.8716217875480652,1.294064998626709,1.20699143409729
20250815_165911,0.8718087077140808,1.2925965785980225,1.2005705833435059
20250815_165911,0.8723585605621338,1.291305422782898,1.1942082643508911
20250815_165911,0.8717966675758362,1.2890684604644775,1.1871979236602783
20250815_165911,0.8731824159622192,1.2883968353271484,1.1806877851486206
20250815_165911,0.8738365769386292,1.287094235420227,1.1738216876983643
20250815_165911,0.8744613528251648,1.2857428789138794,1.1671574115753174
20250815_165911,0.8746008276939392,1.284389615058899,1.1600381135940552
20250815_165911,0.8751217126846313,1.283384919166565,1.153079867362976
20250815_165911,0.8755780458450317,1.2825775146484375,1.146249532699585
20250815_165911,0.8759633898735046,1.281903624534607,1.1391608715057373
20250815_165911,0.8764361143112183,1.2809925079345703,1.1321232318878174
20250815_165911,0.8770697116851807,1.2804042100906372,1.1251620054244995
20250815_165911,0.8775572180747986,1.2796014547348022,1.1176601648330688
20250815_165911,0.8784001469612122,1.2787796258926392,1.1107323169708252
20250815_165911,0.8794478178024292,1.2785974740982056,1.1034083366394043
20250815_165911,0.8808819055557251,1.278499960899353,1.0959625244140625
20250815_165911,0.8814982771873474,1.2779486179351807,1.0891046524047852
20250815_165911,0.8821857571601868,1.277624487876892,1.081603765487671
20250815_165911,0.8831714987754822,1.2778704166412354,1.0740599632263184
20250815_165911,0.8840873837471008,1.2783297300338745,1.0667240619659424
20250815_165911,0.8853755593299866,1.2785173654556274,1.0594078302383423
20250815_165911,0.8860985636711121,1.2788366079330444,1.0519884824752808
20250815_165911,0.8868614435195923,1.2792762517929077,1.0446466207504272
20250815_165911,0.887065589427948,1.2802952527999878,1.036454677581787
20250815_165911,0.887578547000885,1.2813817262649536,1.0294685363769531
20250815_165911,0.8878538012504578,1.2818684577941895,1.0216739177703857
20250815_165911,0.8878156542778015,1.2813786268234253,1.0149644613265991
20250815_165911,0.888417661190033,1.28355073928833,1.0077515840530396
20250815_165911,0.8887373208999634,1.285654902458191,0.9999350309371948
20250815_165911,0.8886847496032715,1.2884844541549683,0.9852755665779114
20250815_165912,0.8866737484931946,1.285607933998108,0.9772430658340454
20250815_165912,0.8893996477127075,1.2929326295852661,0.9712081551551819
20250815_165912,0.8923660516738892,1.2985862493515015,0.9649496674537659
20250815_165912,0.8887979984283447,1.2965688705444336,0.9575719237327576
20250815_165912,0.8848862648010254,1.2923036813735962,0.9498242735862732
20250815_165912,0.8842495083808899,1.2942005395889282,0.9436691999435425
20250815_165912,0.8837461471557617,1.296531319618225,0.9378957152366638
20250815_165912,0.8828465938568115,1.298056721687317,0.9318454265594482
20250815_165912,0.8827291131019592,1.3000236749649048,0.9254156351089478
20250815_165912,0.8817632794380188,1.3013107776641846,0.9197230339050293
20250815_165912,0.8810154795646667,1.3028640747070312,0.9138636589050293
20250815_165912,0.8782911896705627,1.3067179918289185,0.903883159160614
20250815_165912,0.8779469132423401,1.3101959228515625,0.892883837223053
20250815_165912,0.8832645416259766,1.3157833814620972,0.8869588375091553
20250815_165912,0.8798971772193909,1.3152780532836914,0.8757262825965881
20250815_165912,0.878868579864502,1.3152685165405273,0.8698591589927673
20250815_165912,0.8802115321159363,1.317065715789795,0.8651512861251831
20250815_165912,0.8841390013694763,1.3210020065307617,0.8599569797515869
20250815_165912,0.88390052318573,1.3209322690963745,0.8545894026756287
20250815_165912,0.8843693137168884,1.3213220834732056,0.8488457798957825
20250815_165912,0.8845890760421753,1.3214317560195923,0.8433147668838501
20250815_165912,0.8849146366119385,1.321512222290039,0.8379581570625305
20250815_165912,0.8854076266288757,1.3219661712646484,0.8329079151153564
20250815_165912,0.8851917386054993,1.3220925331115723,0.82907634973526
20250815_165912,0.8856428265571594,1.3229082822799683,0.8247262239456177
20250815_165912,0.8854561448097229,1.3223682641983032,0.8216031789779663
20250815_165912,0.8857022523880005,1.3235207796096802,0.8178575038909912
20250815_165912,0.8858436942100525,1.3241101503372192,0.8142905831336975
20250815_165912,0.8853957653045654,1.3241620063781738,0.8116598129272461
20250815_165912,0.8853424191474915,1.3247586488723755,0.8082401752471924
20250815_165912,0.8845378756523132,1.3247183561325073,0.8061334490776062
20250815_165912,0.8845904469490051,1.3255279064178467,0.8028714060783386
20250815_165912,0.8837299346923828,1.325520396232605,0.8008939027786255
20250815_165912,0.8839848041534424,1.326081395149231,0.797694981098175
20250815_165912,0.8834445476531982,1.3257049322128296,0.7956228256225586
20250815_165912,0.8832582235336304,1.3254806995391846,0.7931437492370605
20250815_165912,0.8829505443572998,1.32488214969635,0.7906927466392517
20250815_165912,0.8827150464057922,1.3243141174316406,0.7882198095321655
20250815_165912,0.8824018836021423,1.323823094367981,0.7856819033622742
20250815_165912,0.8822939395904541,1.3232463598251343,0.783218264579773
20250815_165912,0.8821860551834106,1.3226661682128906,0.780815064907074
20250815_165912,0.8819441199302673,1.3217012882232666,0.7785260081291199
20250815_165912,0.8817176222801208,1.3208407163619995,0.7763327360153198
20250815_165912,0.8815018534660339,1.319835901260376,0.7741460204124451
20250815_165912,0.8806316256523132,1.3186525106430054,0.7724301218986511
20250815_165912,0.8801314234733582,1.3180031776428223,0.770449161529541
20250815_165912,0.879473865032196,1.3166731595993042,0.7681501507759094
20250815_165912,0.8790919184684753,1.3163883686065674,0.765946626663208
20250815_165912,0.8783080577850342,1.3149898052215576,0.7640480995178223
20250815_165912,0.877826452255249,1.314499855041504,0.7620833516120911
20250815_165912,0.877234160900116,1.3131992816925049,0.7599799036979675
20250815_165912,0.8766806125640869,1.3130545616149902,0.7584189176559448
20250815_165912,0.8759509325027466,1.3120124340057373,0.7560460567474365
20250815_165912,0.8752142190933228,1.3108543157577515,0.7544928193092346
20250815_165912,0.8743741512298584,1.3102068901062012,0.7528698444366455
20250815_165912,0.8734607696533203,1.3095663785934448,0.7515608668327332
20250815_165912,0.8727719783782959,1.308725357055664,0.7499604225158691
20250815_165912,0.8723151087760925,1.308106780052185,0.7483243942260742
20250815_165912,0.8713821768760681,1.3078572750091553,0.7466325759887695
20250815_165912,0.8700054287910461,1.307332992553711,0.7454044222831726
20250815_165912,0.8690388202667236,1.307258129119873,0.7436789870262146
20250815_165912,0.867838978767395,1.307030439376831,0.7418980598449707
20250815_165912,0.8664475083351135,1.3068197965621948,0.7403351664543152
20250815_165912,0.8650239706039429,1.3066649436950684,0.7386383414268494
20250815_165912,0.8635852336883545,1.306273341178894,0.7371348738670349
20250815_165912,0.8625990748405457,1.3057341575622559,0.735235869884491
20250815_165912,0.8615496754646301,1.304683804512024,0.7335389852523804
20250815_165912,0.8604967594146729,1.3038709163665771,0.7317103147506714
20250815_165912,0.85939621925354,1.3032118082046509,0.7296070456504822
20250815_165912,0.8580307364463806,1.302482008934021,0.7275571823120117
20250815_165912,0.8569010496139526,1.301555871963501,0.7256571054458618
20250815_165912,0.8559117317199707,1.3023053407669067,0.7234155535697937
20250815_165912,0.8548136353492737,1.3002549409866333,0.7210872769355774
20250815_165912,0.8533273935317993,1.298954725265503,0.719441294670105
20250815_165912,0.852279007434845,1.298451542854309,0.7172608971595764
20250815_165912,0.8509484529495239,1.2975480556488037,0.7151392698287964
20250815_165912,0.8494651317596436,1.2967923879623413,0.713069498538971
20250815_165912,0.8480912446975708,1.296196699142456,0.7108992338180542
20250815_165912,0.8463590741157532,1.295306921005249,0.7089502215385437
20250815_165912,0.8448635339736938,1.2946738004684448,0.7069392204284668
20250815_165912,0.8433061838150024,1.293902039527893,0.7048982381820679
20250815_165912,0.8413700461387634,1.2931079864501953,0.7029940485954285
20250815_165912,0.8396610021591187,1.2923214435577393,0.7010542750358582
20250815_165912,0.8377443552017212,1.2915563583374023,0.6993023753166199
20250815_165912,0.8358905911445618,1.2907471656799316,0.697637677192688
20250815_165912,0.8340376019477844,1.289765477180481,0.6959470510482788
20250815_165912,0.832080602645874,1.2887812852859497,0.6945407390594482
20250815_165912,0.830058217048645,1.2880592346191406,0.6927791833877563
20250815_165912,0.828235387802124,1.2869881391525269,0.6914581656455994
20250815_165912,0.8262732028961182,1.2859785556793213,0.6898254752159119
20250815_165912,0.8245332837104797,1.2847522497177124,0.6886746287345886
20250815_165912,0.8223814964294434,1.2835484743118286,0.6871114373207092
20250815_165912,0.8202712535858154,1.282340407371521,0.6856529116630554
20250815_165912,0.817787766456604,1.2801541090011597,0.6847060918807983
20250815_165912,0.815864086151123,1.2788867950439453,0.6835828423500061
20250815_165912,0.8142880797386169,1.2778974771499634,0.6825962066650391
20250815_165912,0.8122601509094238,1.2767562866210938,0.6814577579498291
20250815_165913,0.810336172580719,1.2757132053375244,0.6803849935531616
20250815_165913,0.8083221912384033,1.274595856666565,0.6792572736740112
20250815_165913,0.8062945604324341,1.2734988927841187,0.6784268021583557
20250815_165913,0.8044191002845764,1.2725579738616943,0.6776170134544373
20250815_165913,0.8025057315826416,1.2717578411102295,0.6769335865974426
20250815_165913,0.8006760478019714,1.2711056470870972,0.6761599779129028
20250815_165913,0.8018291592597961,1.2742863893508911,0.6745543479919434
20250815_165913,0.7994986772537231,1.273195743560791,0.6746965646743774
20250815_165913,0.7975417375564575,1.2725123167037964,0.6741821765899658
20250815_165913,0.794990062713623,1.2716048955917358,0.6737995147705078
20250815_165913,0.7900642156600952,1.2679656744003296,0.6723349690437317
20250815_165913,0.7881402373313904,1.2676624059677124,0.6717813014984131
20250815_165913,0.7891157865524292,1.2702155113220215,0.6719357371330261
20250815_165913,0.7877042293548584,1.2700138092041016,0.6718112230300903
20250815_165913,0.7851870656013489,1.2696805000305176,0.6717385053634644
20250815_165913,0.7814263105392456,1.2687445878982544,0.6715882420539856
20250815_165913,0.7790446877479553,1.268013834953308,0.6720138192176819
20250815_165913,0.776719868183136,1.2679471969604492,0.6722486615180969
20250815_165913,0.7745324969291687,1.268230676651001,0.6720999479293823
20250815_165913,0.7720973491668701,1.267803430557251,0.6725762486457825
20250815_165913,0.7700612545013428,1.2684870958328247,0.672346293926239
20250815_165913,0.767447829246521,1.2677826881408691,0.6723535656929016
20250815_165913,0.7659805417060852,1.2691084146499634,0.6729614734649658
20250815_165913,0.7633994221687317,1.2687668800354004,0.6726521849632263
20250815_165913,0.7594665288925171,1.2705661058425903,0.6738939881324768
20250815_165913,0.7559136748313904,1.2732610702514648,0.6741752028465271
20250815_165913,0.7543257474899292,1.2743570804595947,0.6742787957191467
20250815_165913,0.7528780102729797,1.2755963802337646,0.6744422316551208
20250815_165913,0.7513992190361023,1.2766410112380981,0.6743348240852356
20250815_165913,0.7496603727340698,1.2777987718582153,0.6741031408309937
20250815_165913,0.7477735280990601,1.2788984775543213,0.6743723154067993
20250815_165913,0.7467775344848633,1.2804228067398071,0.6739155650138855
20250815_165913,0.7452602982521057,1.2815107107162476,0.673932671546936
20250815_165913,0.7431444525718689,1.2827849388122559,0.6748179793357849
20250815_165913,0.7421507239341736,1.2845730781555176,0.6742900013923645
20250815_165913,0.7404600381851196,1.286523699760437,0.6745755076408386
20250815_165913,0.738686203956604,1.288358211517334,0.6748091578483582
20250815_165913,0.736883819103241,1.290557622909546,0.675397515296936
20250815_165913,0.735018253326416,1.2925856113433838,0.6757023930549622
20250815_165913,0.7328238487243652,1.2951369285583496,0.6762542724609375
20250815_165913,0.7308493852615356,1.2968213558197021,0.6767610311508179
20250815_165913,0.7280237078666687,1.2984129190444946,0.677207887172699
20250815_165913,0.7260594964027405,1.3006986379623413,0.6778578758239746
20250815_165913,0.7240002751350403,1.3029567003250122,0.6787466406822205
20250815_165913,0.7220809459686279,1.3051223754882812,0.6795660853385925
20250815_165913,0.7203296422958374,1.3070390224456787,0.6803627014160156
20250815_165913,0.7197023034095764,1.3094022274017334,0.681564211845398
20250815_165913,0.717293918132782,1.3099318742752075,0.6822003722190857
20250815_165913,0.7172271013259888,1.3118876218795776,0.6836535334587097
20250815_165913,0.7154132127761841,1.3124897480010986,0.6840088963508606
20250815_165913,0.7148246169090271,1.313411831855774,0.6861489415168762
20250815_165913,0.7141587734222412,1.3147577047348022,0.6876894235610962
20250815_165913,0.7137070298194885,1.316197395324707,0.6899001598358154
20250815_165913,0.7132415175437927,1.3173872232437134,0.6923314929008484
20250815_165913,0.7133703231811523,1.3185769319534302,0.6947672963142395
20250815_165913,0.7124278545379639,1.3202036619186401,0.6969689130783081
20250815_165913,0.713021457195282,1.321602702140808,0.699364423751831
20250815_165913,0.713376522064209,1.3229312896728516,0.701742947101593
20250815_165913,0.7142065167427063,1.3237102031707764,0.7042959332466125
20250815_165913,0.7142532467842102,1.3250038623809814,0.7076318264007568
20250815_165913,0.7146017551422119,1.3262171745300293,0.7108580470085144
20250815_165913,0.7155098915100098,1.327433705329895,0.7138235569000244
20250815_165913,0.7157782316207886,1.328924298286438,0.7171652913093567
20250815_165913,0.716089129447937,1.3305033445358276,0.7204638123512268
20250815_165913,0.7150487899780273,1.3311737775802612,0.7235637307167053
20250815_165913,0.7167766094207764,1.3336758613586426,0.7272883653640747
20250815_165913,0.7173219919204712,1.3348658084869385,0.7308762669563293
20250815_165913,0.7174668908119202,1.336259365081787,0.7348805665969849
20250815_165913,0.718017578125,1.3384891748428345,0.7381317615509033
20250815_165913,0.7185541391372681,1.340031385421753,0.7418307065963745
20250815_165913,0.7195209264755249,1.3418474197387695,0.7446723580360413
20250815_165913,0.7201948165893555,1.3433232307434082,0.7482011914253235
20250815_165913,0.7209025621414185,1.3447374105453491,0.7517371773719788
20250815_165913,0.721807599067688,1.3461683988571167,0.7550700902938843
20250815_165913,0.722508430480957,1.347483515739441,0.7586410045623779
20250815_165913,0.7231907844543457,1.3486829996109009,0.7623120546340942
20250815_165913,0.7238837480545044,1.3498626947402954,0.7660117745399475
20250815_165913,0.7245581150054932,1.3508068323135376,0.7696411609649658
20250815_165913,0.7253080010414124,1.3516613245010376,0.773234486579895
20250815_165913,0.7246224880218506,1.3522871732711792,0.778905987739563
20250815_165913,0.7249373197555542,1.3526661396026611,0.7821347117424011
20250815_165913,0.7250575423240662,1.352694034576416,0.7852948307991028
20250815_165913,0.7269814014434814,1.3530076742172241,0.7890139222145081
20250815_165913,0.7278091311454773,1.353376030921936,0.7921873331069946
20250815_165913,0.7284188270568848,1.3537222146987915,0.7958225011825562
20250815_165913,0.7296699285507202,1.3538979291915894,0.7987216114997864
20250815_165913,0.7367633581161499,1.3552100658416748,0.8220224380493164
20250815_165914,0.7390649318695068,1.3498455286026,0.84022456407547
20250815_165914,0.739392876625061,1.3475936651229858,0.8439762592315674
20250815_165914,0.7394193410873413,1.3475590944290161,0.8446018695831299
20250815_165914,0.73969966173172,1.3475898504257202,0.8457834124565125
20250815_165914,0.7413594722747803,1.3477250337600708,0.8468801975250244
20250815_165914,0.7427499890327454,1.347050666809082,0.8500529527664185
20250815_165914,0.7433983087539673,1.3481775522232056,0.8501399755477905
20250815_165914,0.7433414459228516,1.348263144493103,0.8506277203559875
20250815_165914,0.7433092594146729,1.3477344512939453,0.8511115908622742
20250815_165914,0.7431786060333252,1.3475518226623535,0.8513907790184021
20250815_165914,0.7436604499816895,1.347030758857727,0.8520557880401611
20250815_165914,0.7444789409637451,1.347028374671936,0.8527951240539551
20250815_165914,0.7446536421775818,1.3465574979782104,0.8535988330841064
20250815_165914,0.7448146939277649,1.3460818529129028,0.8543907403945923
20250815_165914,0.7447096705436707,1.344949722290039,0.8548487424850464
20250815_165914,0.7447198033332825,1.3440486192703247,0.8554155826568604
20250815_165914,0.7451152801513672,1.3432148694992065,0.8564279675483704
20250815_165914,0.747069239616394,1.3432533740997314,0.8580203056335449
20250815_165914,0.7468156814575195,1.3421120643615723,0.8587096929550171
20250815_165914,0.7474913597106934,1.3407753705978394,0.8598135113716125
20250815_165914,0.7472390532493591,1.3392179012298584,0.8605074286460876
20250815_165914,0.7475688457489014,1.338748574256897,0.8612558841705322
20250815_165914,0.7477902173995972,1.3388395309448242,0.8620734810829163
20250815_165914,0.7487200498580933,1.338835597038269,0.8645883798599243
20250815_165914,0.7500426173210144,1.3409610986709595,0.8643442988395691
20250815_165914,0.7519779801368713,1.3399324417114258,0.8651102185249329
20250815_165914,0.7499225735664368,1.3385441303253174,0.8691826462745667
20250815_165914,0.7511664032936096,1.3408061265945435,0.8719913959503174
20250815_165914,0.7513514161109924,1.341503620147705,0.872963547706604
20250815_165914,0.7526363134384155,1.3435553312301636,0.8722177743911743
20250815_165914,0.7501608729362488,1.3410543203353882,0.8732534050941467
20250815_165914,0.7499973773956299,1.3413257598876953,0.8735571503639221
20250815_165914,0.7497573494911194,1.3415898084640503,0.8740828633308411
20250815_165914,0.749780535697937,1.3420522212982178,0.8740361928939819
20250815_165914,0.7497947216033936,1.3423802852630615,0.8741835355758667
20250815_165914,0.7496160864830017,1.342568278312683,0.8746046423912048
20250815_165914,0.7496356964111328,1.342955231666565,0.8748539090156555
20250815_165914,0.7496075630187988,1.3433260917663574,0.8751281499862671
20250815_165914,0.7496950626373291,1.3435677289962769,0.8753618597984314
