time_s,x,y,z
20250714_115613,2.0138771533966064,0.08352641761302948,1.0395474433898926
20250714_115613,2.013902425765991,0.08318166434764862,1.039448618888855
20250714_115613,2.0138750076293945,0.08324156701564789,1.0394433736801147
20250714_115613,2.0138943195343018,0.08326411992311478,1.039381504058838
20250714_115613,2.01387095451355,0.08322305977344513,1.0394350290298462
20250714_115613,2.013795852661133,0.08355402201414108,1.039014458656311
20250714_115613,2.0138111114501953,0.08379528671503067,1.039055347442627
20250714_115613,2.013939142227173,0.08362393081188202,1.0394841432571411
20250714_115613,2.0138282775878906,0.08317684382200241,1.0394343137741089
20250714_115613,2.0138731002807617,0.08303918689489365,1.0394154787063599
20250714_115613,2.0138349533081055,0.08312884718179703,1.0394424200057983
20250714_115613,2.0139198303222656,0.08361373841762543,1.0395228862762451
20250714_115613,2.013823986053467,0.08382148295640945,1.039084792137146
20250714_115613,2.0139853954315186,0.08337168395519257,1.0392427444458008
20250714_115613,2.013962745666504,0.08329950273036957,1.0392720699310303
20250714_115613,2.013883590698242,0.08321233838796616,1.0394502878189087
20250714_115613,2.0138394832611084,0.08313672244548798,1.0394470691680908
20250714_115613,2.0138120651245117,0.08309957385063171,1.0394539833068848
20250714_115613,2.0138986110687256,0.08357144147157669,1.0395005941390991
20250714_115613,2.0138423442840576,0.08359278738498688,1.038849949836731
20250714_115613,2.0137975215911865,0.08361963927745819,1.0396227836608887
20250714_115613,2.013679027557373,0.0831671729683876,1.0396603345870972
20250714_115613,2.013580322265625,0.08310960233211517,1.039795994758606
20250714_115613,2.0134332180023193,0.0832982212305069,1.0398989915847778
20250714_115613,2.013432025909424,0.08359107375144958,1.0400725603103638
20250714_115613,2.013363838195801,0.0835045725107193,1.040185570716858
20250714_115613,2.0132322311401367,0.0836537778377533,1.0402458906173706
20250714_115613,2.0131289958953857,0.08389995992183685,1.0405269861221313
20250714_115613,2.0129659175872803,0.08345271646976471,1.0405999422073364
20250714_115613,2.012585163116455,0.08347496390342712,1.0409419536590576
20250714_115613,2.0124034881591797,0.08359590917825699,1.041199803352356
20250714_115613,2.0122604370117188,0.08408201485872269,1.0410467386245728
20250714_115613,2.0121569633483887,0.08453723788261414,1.0412038564682007
20250714_115613,2.011866331100464,0.08473610132932663,1.0414550304412842
20250714_115613,2.0114879608154297,0.08481505513191223,1.0417518615722656
20250714_115613,2.0113155841827393,0.08478005975484848,1.0424845218658447
20250714_115613,2.01112699508667,0.08592173457145691,1.042553186416626
20250714_115613,2.011073112487793,0.08725490421056747,1.0424256324768066
20250714_115613,2.0110421180725098,0.08819705247879028,1.0428647994995117
20250714_115613,2.0106027126312256,0.08716384321451187,1.0435611009597778
20250714_115613,2.0108988285064697,0.0892341360449791,1.0439730882644653
20250714_115613,2.010683059692383,0.09097645431756973,1.0437726974487305
20250714_115613,2.0107152462005615,0.09222672879695892,1.0443452596664429
20250714_115613,2.0109031200408936,0.09429802000522614,1.0446503162384033
20250714_115613,2.0109851360321045,0.09662134945392609,1.0447747707366943
20250714_115613,2.0110902786254883,0.098137766122818,1.0455297231674194
20250714_115613,2.0116493701934814,0.10077476501464844,1.0455708503723145
20250714_115613,2.011343240737915,0.10267799347639084,1.0465158224105835
20250714_115613,2.011425256729126,0.10461892187595367,1.046905755996704
20250714_115613,2.0117030143737793,0.10730759054422379,1.047430396080017
20250714_115613,2.0121281147003174,0.11062824726104736,1.0479494333267212
20250714_115613,2.0123491287231445,0.11281269788742065,1.0485073328018188
20250714_115613,2.012775421142578,0.11639326065778732,1.0490862131118774
20250714_115613,2.0131137371063232,0.11991945654153824,1.0493643283843994
20250714_115613,2.0134570598602295,0.12283483147621155,1.0501220226287842
20250714_115613,2.0139684677124023,0.12621043622493744,1.0511265993118286
20250714_115613,2.0146028995513916,0.13046124577522278,1.0513771772384644
20250714_115613,2.015143394470215,0.1343095749616623,1.0522186756134033
20250714_115613,2.015759229660034,0.13825146853923798,1.05250084400177
20250714_115613,2.016277313232422,0.14174506068229675,1.0534906387329102
20250714_115613,2.0170860290527344,0.14520065486431122,1.054619312286377
20250714_115613,2.017782688140869,0.14914357662200928,1.055531620979309
20250714_115613,2.018650531768799,0.15367275476455688,1.0564680099487305
20250714_115613,2.019392490386963,0.15785478055477142,1.0564520359039307
20250714_115613,2.0202441215515137,0.16221457719802856,1.0578186511993408
20250714_115613,2.0212185382843018,0.1665828973054886,1.0586210489273071
20250714_115613,2.021972417831421,0.17087151110172272,1.059313178062439
20250714_115613,2.0228710174560547,0.1749635636806488,1.060652256011963
20250714_115613,2.023815155029297,0.17999182641506195,1.0607539415359497
20250714_115613,2.0248608589172363,0.18463174998760223,1.0620445013046265
20250714_115613,2.0258984565734863,0.1892690807580948,1.062827467918396
20250714_115613,2.026886224746704,0.19385218620300293,1.063916563987732
20250714_115613,2.0277862548828125,0.19880607724189758,1.064320683479309
20250714_115613,2.028831720352173,0.20337019860744476,1.0654637813568115
20250714_115613,2.02999210357666,0.208411306142807,1.0662156343460083
20250714_115613,2.0309338569641113,0.21324633061885834,1.0671387910842896
20250714_115613,2.031935214996338,0.21834444999694824,1.068038821220398
20250714_115613,2.0331077575683594,0.22336708009243011,1.0687363147735596
20250714_115613,2.0342042446136475,0.2284228801727295,1.0694630146026611
20250714_115613,2.035051107406616,0.2326517254114151,1.07070791721344
20250714_115613,2.0364086627960205,0.23884478211402893,1.0713599920272827
20250714_115613,2.03761887550354,0.24417486786842346,1.0722652673721313
20250714_115613,2.038774251937866,0.2493291050195694,1.0728987455368042
20250714_115613,2.040004014968872,0.2547827363014221,1.073561668395996
20250714_115613,2.0409796237945557,0.259514182806015,1.0749988555908203
20250714_115613,2.042299747467041,0.2654358148574829,1.0756064653396606
20250714_115613,2.0436136722564697,0.2709537744522095,1.076480746269226
20250714_115613,2.044767141342163,0.2764834761619568,1.077232003211975
20250714_115613,2.0461432933807373,0.28216564655303955,1.0774563550949097
20250714_115613,2.04744291305542,0.2879098653793335,1.0785181522369385
20250714_115613,2.048569917678833,0.29351821541786194,1.0790973901748657
20250714_115613,2.049790859222412,0.2990923821926117,1.0801873207092285
20250714_115613,2.051260471343994,0.3049134612083435,1.080841302871704
20250714_115613,2.052574872970581,0.3109731078147888,1.0816709995269775
20250714_115613,2.05399227142334,0.3167336881160736,1.082486867904663
20250714_115613,2.0553390979766846,0.32258957624435425,1.0832223892211914
20250714_115613,2.0567831993103027,0.32849234342575073,1.0839967727661133
20250714_115613,2.0582518577575684,0.3346872627735138,1.0840176343917847
20250714_115613,2.05964732170105,0.3407323956489563,1.0852947235107422
20250714_115613,2.0609982013702393,0.3464987277984619,1.085756778717041
20250714_115613,2.062206983566284,0.35222867131233215,1.0865559577941895
20250714_115613,2.063877582550049,0.3588794469833374,1.0867164134979248
20250714_115613,2.0651540756225586,0.3649298846721649,1.0878878831863403
20250714_115613,2.066690683364868,0.37152957916259766,1.0880768299102783
20250714_115613,2.0679938793182373,0.3773866295814514,1.089267611503601
20250714_115613,2.0694773197174072,0.3842008113861084,1.0894160270690918
20250714_115614,2.0708625316619873,0.39059820771217346,1.0900365114212036
20250714_115614,2.0722179412841797,0.3968106508255005,1.0905063152313232
20250714_115614,2.0733697414398193,0.40295499563217163,1.0915671586990356
20250714_115614,2.075068235397339,0.41014206409454346,1.0917785167694092
20250714_115614,2.076115608215332,0.41594573855400085,1.0927670001983643
20250714_115614,2.077815055847168,0.42328956723213196,1.0925735235214233
20250714_115614,2.078901529312134,0.4292255938053131,1.093859314918518
20250714_115614,2.0802688598632812,0.43600961565971375,1.0943866968154907
20250714_115614,2.08164381980896,0.4427325427532196,1.0950583219528198
20250714_115614,2.083163261413574,0.44993141293525696,1.0954307317733765
20250714_115614,2.0844955444335938,0.4565277397632599,1.0959964990615845
20250714_115614,2.085773229598999,0.4633706212043762,1.0963342189788818
20250714_115614,2.087298631668091,0.4705366790294647,1.096843957901001
20250714_115614,2.0885117053985596,0.47735291719436646,1.097324013710022
20250714_115614,2.089884042739868,0.48456910252571106,1.0977253913879395
20250714_115614,2.0910260677337646,0.4912271797657013,1.0982521772384644
20250714_115614,2.092407464981079,0.4987592399120331,1.098600149154663
20250714_115614,2.0937232971191406,0.5059188008308411,1.0989632606506348
20250714_115614,2.0953900814056396,0.5138929486274719,1.0990948677062988
20250714_115614,2.0962605476379395,0.5203197598457336,1.099528193473816
20250714_115614,2.09751033782959,0.5278697609901428,1.0998448133468628
20250714_115614,2.098816394805908,0.5353610515594482,1.100222110748291
20250714_115614,2.1000428199768066,0.5425659418106079,1.1004091501235962
20250714_115614,2.1011805534362793,0.5498902201652527,1.100587010383606
20250714_115614,2.1023988723754883,0.557340681552887,1.1007541418075562
20250714_115614,2.10356068611145,0.5646716952323914,1.1009886264801025
20250714_115614,2.104792833328247,0.5721170902252197,1.1010737419128418
20250714_115614,2.1059389114379883,0.5795373916625977,1.1011826992034912
20250714_115614,2.107020854949951,0.5868173241615295,1.1013569831848145
20250714_115614,2.10819411277771,0.5943943858146667,1.1014119386672974
20250714_115614,2.1092641353607178,0.6017705798149109,1.1014797687530518
20250714_115614,2.1102776527404785,0.6090530157089233,1.1015586853027344
20250714_115614,2.1113107204437256,0.6164993047714233,1.101503610610962
20250714_115614,2.1124722957611084,0.6241235733032227,1.1012682914733887
20250714_115614,2.1134397983551025,0.6315270662307739,1.1012449264526367
20250714_115614,2.114360809326172,0.6385779976844788,1.1012839078903198
20250714_115614,2.1155331134796143,0.6463145017623901,1.1009598970413208
20250714_115614,2.11676025390625,0.65387362241745,1.1010268926620483
20250714_115614,2.117016077041626,0.6599969267845154,1.101029872894287
20250714_115614,2.1183693408966064,0.6676969528198242,1.1005990505218506
20250714_115614,2.1196348667144775,0.6753460764884949,1.1002893447875977
20250714_115614,2.1205761432647705,0.6823185086250305,1.100145697593689
20250714_115614,2.121290683746338,0.6888880133628845,1.0999795198440552
20250714_115614,2.1219747066497803,0.6955170631408691,1.099745273590088
20250714_115614,2.1228692531585693,0.7023210525512695,1.099460244178772
20250714_115614,2.123514175415039,0.7087092995643616,1.099172592163086
20250714_115614,2.1243252754211426,0.7152827382087708,1.0989289283752441
20250714_115614,2.1251468658447266,0.7220771312713623,1.0986084938049316
20250714_115614,2.1259264945983887,0.7284729480743408,1.0981892347335815
20250714_115614,2.126483917236328,0.7346330285072327,1.0978301763534546
20250714_115614,2.1271843910217285,0.7410692572593689,1.097594141960144
20250714_115614,2.1278834342956543,0.747367799282074,1.0973504781723022
20250714_115614,2.128260374069214,0.7531556487083435,1.097005009651184
20250714_115614,2.128911256790161,0.7592753171920776,1.096466302871704
20250714_115614,2.1294541358947754,0.7650201916694641,1.0959417819976807
20250714_115614,2.12984037399292,0.7705433368682861,1.0954437255859375
20250714_115614,2.130507469177246,0.7764849066734314,1.094970464706421
20250714_115614,2.13088059425354,0.7818692922592163,1.0944515466690063
20250714_115614,2.131319284439087,0.787333607673645,1.0939841270446777
20250714_115614,2.1319148540496826,0.7930330634117126,1.0934690237045288
20250714_115614,2.132411479949951,0.7983492612838745,1.0929138660430908
20250714_115614,2.13263201713562,0.8032205700874329,1.092306137084961
20250714_115614,2.1329829692840576,0.8081850409507751,1.0917456150054932
20250714_115614,2.1333606243133545,0.8132078051567078,1.0911723375320435
20250714_115614,2.1338629722595215,0.818415641784668,1.090531826019287
20250714_115614,2.134335994720459,0.8233024477958679,1.089901328086853
20250714_115614,2.134439468383789,0.8275144100189209,1.0891376733779907
20250714_115614,2.134793519973755,0.8320487141609192,1.0884493589401245
20250714_115614,2.1351025104522705,0.8363324999809265,1.0877248048782349
20250714_115614,2.135450601577759,0.840640127658844,1.0870182514190674
20250714_115614,2.1357264518737793,0.8448199033737183,1.0862982273101807
20250714_115614,2.1359705924987793,0.8488312363624573,1.0855318307876587
20250714_115614,2.1363730430603027,0.852894127368927,1.0848345756530762
20250714_115614,2.1365184783935547,0.8564577102661133,1.084035873413086
20250714_115614,2.1367087364196777,0.860127329826355,1.0832620859146118
20250714_115614,2.1368486881256104,0.8636090755462646,1.0824663639068604
20250714_115614,2.137012481689453,0.8671032786369324,1.0816105604171753
20250714_115614,2.137131690979004,0.8704356551170349,1.0807424783706665
20250714_115614,2.137235641479492,0.8735835552215576,1.0798280239105225
20250714_115614,2.137425184249878,0.8768201470375061,1.079020619392395
20250714_115614,2.1373772621154785,0.8795586228370667,1.0780706405639648
20250714_115614,2.1374361515045166,0.8823389410972595,1.077165961265564
20250714_115614,2.137425184249878,0.8850449323654175,1.0762512683868408
20250714_115614,2.137418031692505,0.8876938819885254,1.0753170251846313
20250714_115614,2.137411117553711,0.890154242515564,1.074413537979126
20250714_115614,2.137422800064087,0.8925215601921082,1.0734624862670898
20250714_115614,2.137394666671753,0.8947548866271973,1.0725029706954956
20250714_115614,2.13736891746521,0.8968714475631714,1.071535587310791
20250714_115614,2.1373462677001953,0.8988407850265503,1.0705796480178833
20250714_115614,2.1373140811920166,0.9007552266120911,1.069611668586731
20250714_115614,2.137300491333008,0.9026287794113159,1.0686450004577637
20250714_115614,2.137258768081665,0.9043196439743042,1.0675983428955078
20250714_115614,2.137268304824829,0.9057511687278748,1.0665677785873413
20250714_115614,2.1372230052948,0.9071345925331116,1.065561056137085
20250714_115614,2.1371893882751465,0.9085453748703003,1.0645325183868408
20250714_115614,2.1371195316314697,0.9097766876220703,1.0634645223617554
20250714_115614,2.1370339393615723,0.9108922481536865,1.0623939037322998
20250714_115614,2.1369340419769287,0.9119557738304138,1.0612905025482178
20250714_115614,2.136814832687378,0.9128561615943909,1.0602271556854248
20250714_115614,2.136659622192383,0.9136796593666077,1.059091329574585
20250714_115615,2.136646032333374,0.9146274924278259,1.0580434799194336
20250714_115615,2.1363577842712402,0.915091872215271,1.0569117069244385
20250714_115615,2.136131763458252,0.9155584573745728,1.0557684898376465
20250714_115615,2.1359355449676514,0.9159560799598694,1.0546417236328125
20250714_115615,2.135803461074829,0.9164322018623352,1.0535364151000977
20250714_115615,2.135714292526245,0.9169893264770508,1.0524693727493286
20250714_115615,2.1354846954345703,0.9172073006629944,1.0513341426849365
20250714_115615,2.135282039642334,0.9173597097396851,1.0502560138702393
20250714_115615,2.1349403858184814,0.917216420173645,1.0490682125091553
20250714_115615,2.134694814682007,0.9171586632728577,1.0479449033737183
20250714_115615,2.1344594955444336,0.9170935750007629,1.0468496084213257
20250714_115615,2.134383201599121,0.9172307252883911,1.045771837234497
20250714_115615,2.1340203285217285,0.9167190790176392,1.044636607170105
20250714_115615,2.133946418762207,0.9165732264518738,1.0435539484024048
20250714_115615,2.1337647438049316,0.9162861108779907,1.042418360710144
20250714_115615,2.133533477783203,0.9159399271011353,1.0413216352462769
20250714_115615,2.1331939697265625,0.9152357578277588,1.0401103496551514
20250714_115615,2.133122444152832,0.914909839630127,1.0390015840530396
20250714_115615,2.132730484008789,0.9140693545341492,1.037793755531311
20250714_115615,2.132479429244995,0.91334468126297,1.0366547107696533
20250714_115615,2.132385015487671,0.9131017923355103,1.035522699356079
20250714_115615,2.132185220718384,0.9123573303222656,1.0344432592391968
20250714_115615,2.131892442703247,0.9115196466445923,1.0333284139633179
20250714_115615,2.131690502166748,0.9106802344322205,1.0322027206420898
20250714_115615,2.1313164234161377,0.9098339676856995,1.0311036109924316
20250714_115615,2.1309642791748047,0.9085751175880432,1.0299594402313232
20250714_115615,2.130930185317993,0.9081087708473206,1.0289539098739624
20250714_115615,2.130561113357544,0.9068347811698914,1.027872920036316
20250714_115615,2.1303179264068604,0.9058688879013062,1.0267703533172607
20250714_115615,2.130032777786255,0.9048471450805664,1.0256597995758057
20250714_115615,2.129756450653076,0.9035263061523438,1.0246459245681763
20250714_115615,2.129523277282715,0.902527391910553,1.0235097408294678
20250714_115615,2.1292366981506348,0.9010699987411499,1.022492527961731
20250714_115615,2.129082441329956,0.9000166654586792,1.0215156078338623
20250714_115615,2.1290040016174316,0.8990389108657837,1.0204874277114868
20250714_115615,2.128659725189209,0.8974679708480835,1.019467830657959
20250714_115615,2.128369092941284,0.896252453327179,1.0184074640274048
20250714_115615,2.128145694732666,0.8947118520736694,1.0174150466918945
20250714_115615,2.1277976036071777,0.8931757807731628,1.0163542032241821
20250714_115615,2.127800464630127,0.8923124074935913,1.015414834022522
20250714_115615,2.127382516860962,0.8903919458389282,1.0143567323684692
20250714_115615,2.1273114681243896,0.8892382383346558,1.0134164094924927
20250714_115615,2.1272902488708496,0.8880420923233032,1.012559175491333
20250714_115615,2.1269302368164062,0.886354386806488,1.0115476846694946
20250714_115615,2.1266281604766846,0.8849313855171204,1.0106041431427002
20250714_115615,2.126476764678955,0.8834927082061768,1.0096747875213623
20250714_115615,2.126232147216797,0.8817185163497925,1.0087354183197021
20250714_115615,2.1262614727020264,0.8805676698684692,1.0079766511917114
20250714_115615,2.126042366027832,0.8791959881782532,1.0071022510528564
20250714_115615,2.12577223777771,0.8774721026420593,1.0061897039413452
20250714_115615,2.1257128715515137,0.8761785626411438,1.0053613185882568
20250714_115615,2.1252996921539307,0.8741152882575989,1.0044450759887695
20250714_115615,2.1253178119659424,0.8728336095809937,1.0036866664886475
20250714_115615,2.1251657009124756,0.8713013529777527,1.0028862953186035
20250714_115615,2.125023365020752,0.8698120713233948,1.0020976066589355
20250714_115615,2.124926805496216,0.8683067560195923,1.0013352632522583
20250714_115615,2.1249027252197266,0.8671146631240845,1.0006670951843262
20250714_115615,2.1246588230133057,0.8652925491333008,0.9998700022697449
20250714_115615,2.1246497631073,0.8639796376228333,0.9992210865020752
20250714_115615,2.124385356903076,0.8621845245361328,0.9984545707702637
20250714_115615,2.1242129802703857,0.8607605695724487,0.9977447390556335
20250714_115615,2.124185800552368,0.8592566847801208,0.9970812201499939
20250714_115615,2.1241202354431152,0.8578779101371765,0.9964059591293335
20250714_115615,2.124005079269409,0.856433093547821,0.9957584738731384
20250714_115615,2.123748302459717,0.8547214269638062,0.9950816035270691
20250714_115615,2.123659610748291,0.8534402251243591,0.994529128074646
20250714_115615,2.123662233352661,0.8520935773849487,0.9938880205154419
20250714_115615,2.1236391067504883,0.8507071733474731,0.993329644203186
20250714_115615,2.1237332820892334,0.8494291305541992,0.9928967356681824
20250714_115615,2.1236732006073,0.8481812477111816,0.9923754334449768
20250714_115615,2.1234798431396484,0.8465981483459473,0.9918246865272522
20250714_115615,2.1232001781463623,0.8448885679244995,0.9912037253379822
20250714_115615,2.123232126235962,0.8438557386398315,0.9907591342926025
20250714_115615,2.123251438140869,0.8428128361701965,0.9903362989425659
20250714_115615,2.123138189315796,0.8412084579467773,0.9898207783699036
20250714_115615,2.1231954097747803,0.8402307629585266,0.9893848896026611
20250714_115615,2.1231255531311035,0.8390035629272461,0.9889118671417236
20250714_115615,2.12288236618042,0.8376400470733643,0.9883818626403809
20250714_115615,2.1227221488952637,0.8363508582115173,0.9879818558692932
20250714_115615,2.1228485107421875,0.8353182077407837,0.9876245856285095
20250714_115615,2.122655153274536,0.8339698314666748,0.9871246218681335
20250714_115615,2.122584819793701,0.8328102231025696,0.9866626262664795
20250714_115615,2.1226346492767334,0.8319733738899231,0.9863496422767639
20250714_115615,2.122499942779541,0.8307414054870605,0.9859524965286255
20250714_115615,2.12245774269104,0.829688310623169,0.9855907559394836
20250714_115615,2.122462272644043,0.8289107084274292,0.9853195548057556
20250714_115615,2.122342586517334,0.8276863098144531,0.9849763512611389
20250714_115615,2.1223015785217285,0.8267785906791687,0.9846889972686768
20250714_115615,2.1222808361053467,0.8258727192878723,0.9844300746917725
20250714_115615,2.1222074031829834,0.8250187635421753,0.9841885566711426
20250714_115615,2.12216854095459,0.8242204189300537,0.9839843511581421
20250714_115615,2.1220715045928955,0.8233379125595093,0.9838489294052124
20250714_115615,2.1220993995666504,0.8227142095565796,0.9836964011192322
20250714_115615,2.1220433712005615,0.8219770193099976,0.9835445284843445
20250714_115616,2.12052845954895,0.8121609687805176,0.9827694892883301
20250714_115616,2.120443344116211,0.8115457892417908,0.9829148054122925
20250714_115616,2.120436429977417,0.8111631274223328,0.9831111431121826
20250714_115616,2.1203794479370117,0.8106104731559753,0.9832871556282043
20250714_115616,2.1202447414398193,0.8099592328071594,0.983523428440094
20250714_115616,2.120075225830078,0.8093323707580566,0.983700692653656
20250714_115616,2.1199207305908203,0.8087273836135864,0.9839441180229187
20250714_115616,2.119769334793091,0.808264970779419,0.9841921329498291
20250714_115616,2.1195645332336426,0.8074922561645508,0.984447717666626
20250714_115616,2.119356870651245,0.807014524936676,0.9847241044044495
20250714_115616,2.1191534996032715,0.8065155744552612,0.9850463271141052
20250714_115616,2.1190857887268066,0.806265652179718,0.9853926301002502
20250714_115616,2.118906259536743,0.805760383605957,0.9857494235038757
20250714_115616,2.11875319480896,0.8053299188613892,0.9861440658569336
20250714_115616,2.1185059547424316,0.8045842051506042,0.9865432381629944
20250714_115616,2.118403673171997,0.8043729662895203,0.9870374202728271
20250714_115616,2.1182126998901367,0.8038760423660278,0.9874799847602844
20250714_115616,2.118035078048706,0.8034825921058655,0.9879572987556458
20250714_115616,2.1178321838378906,0.8031174540519714,0.9884154796600342
20250714_115616,2.1176345348358154,0.802814781665802,0.988889217376709
20250714_115616,2.1172540187835693,0.8022406697273254,0.9893625974655151
20250714_115616,2.117144823074341,0.8022844195365906,0.9898736476898193
20250714_115616,2.1168413162231445,0.8020094037055969,0.9904074668884277
20250714_115616,2.1164934635162354,0.8015741109848022,0.9908998608589172
20250714_115616,2.1163840293884277,0.8017374873161316,0.9914846420288086
20250714_115616,2.1160690784454346,0.8015569448471069,0.9920099973678589
20250714_115616,2.11578369140625,0.8014142513275146,0.9925752282142639
20250714_115616,2.1153147220611572,0.8012769818305969,0.9931034445762634
20250714_115616,2.1150190830230713,0.8011714220046997,0.9937219619750977
20250714_115616,2.114940881729126,0.8011360764503479,0.9944821000099182
20250714_115616,2.1146912574768066,0.8013719320297241,0.9951649904251099
20250714_115616,2.1142497062683105,0.8008058071136475,0.9957734942436218
20250714_115616,2.113978624343872,0.8009781241416931,0.9965255260467529
20250714_115616,2.1137635707855225,0.8010674118995667,0.9972697496414185
20250714_115616,2.1133854389190674,0.8007712960243225,0.9979536533355713
20250714_115616,2.1130166053771973,0.8007724285125732,0.9986553192138672
20250714_115616,2.1127068996429443,0.8007861971855164,0.9993839859962463
20250714_115616,2.11228346824646,0.8007810115814209,1.0001344680786133
20250714_115616,2.1120214462280273,0.8011173009872437,1.0008517503738403
20250714_115616,2.1115288734436035,0.8009456396102905,1.0014899969100952
20250714_115616,2.111081600189209,0.8010470867156982,1.0022386312484741
20250714_115616,2.1107330322265625,0.8010279536247253,1.003075361251831
20250714_115616,2.1103169918060303,0.801048219203949,1.003847599029541
20250714_115616,2.109901189804077,0.8010417222976685,1.0045673847198486
20250714_115616,2.109628677368164,0.8014264106750488,1.0053683519363403
20250714_115616,2.1091697216033936,0.8014159202575684,1.006166934967041
20250714_115616,2.10862135887146,0.8011324405670166,1.0069307088851929
20250714_115616,2.1081604957580566,0.8012478351593018,1.0077496767044067
20250714_115616,2.1077396869659424,0.8013294339179993,1.008592963218689
20250714_115616,2.107262372970581,0.8014171719551086,1.0094658136367798
20250714_115616,2.106729030609131,0.8014267683029175,1.0103263854980469
20250714_115616,2.106290340423584,0.8017682433128357,1.0111894607543945
20250714_115616,2.105722665786743,0.801662802696228,1.0119835138320923
20250714_115616,2.105348825454712,0.8019875884056091,1.0128964185714722
20250714_115616,2.104799270629883,0.8017945289611816,1.0137299299240112
20250714_115616,2.1042706966400146,0.8019441962242126,1.0145505666732788
20250714_115616,2.1037940979003906,0.8022838830947876,1.0154730081558228
20250714_115616,2.1031277179718018,0.8021955490112305,1.01628839969635
20250714_115616,2.1027469635009766,0.802600622177124,1.0171822309494019
20250714_115616,2.10215425491333,0.8024396300315857,1.018038034439087
20250714_115616,2.101553440093994,0.8025879859924316,1.0189943313598633
20250714_115616,2.100998878479004,0.8027876019477844,1.0198776721954346
20250714_115616,2.1005513668060303,0.8031617999076843,1.0208384990692139
20250714_115616,2.09995436668396,0.803233802318573,1.021763563156128
20250714_115616,2.0992770195007324,0.8032061457633972,1.0226062536239624
20250714_115616,2.0988376140594482,0.8036897778511047,1.0236246585845947
20250714_115616,2.098148822784424,0.8035017848014832,1.0245546102523804
20250714_115616,2.0975515842437744,0.8036257028579712,1.0254583358764648
20250714_115616,2.097019672393799,0.804186999797821,1.0263983011245728
20250714_115616,2.096362590789795,0.8043809533119202,1.0274025201797485
20250714_115616,2.0957300662994385,0.8045663833618164,1.028369665145874
20250714_115616,2.0949788093566895,0.8044533133506775,1.0292562246322632
20250714_115616,2.0943477153778076,0.8046283721923828,1.0302499532699585
20250714_115616,2.093763828277588,0.8050727248191833,1.0312498807907104
20250714_115616,2.093189239501953,0.8052618503570557,1.032126545906067
20250714_115616,2.0925934314727783,0.8055139780044556,1.0330615043640137
20250714_115616,2.0918807983398438,0.8056864738464355,1.033968448638916
20250714_115616,2.091212749481201,0.805865466594696,1.034898042678833
20250714_115616,2.090564489364624,0.8061329126358032,1.0357921123504639
20250714_115616,2.0899300575256348,0.8063123226165771,1.036708116531372
20250714_115616,2.089217185974121,0.8065251111984253,1.0376414060592651
20250714_115616,2.088466167449951,0.8067863583564758,1.0385855436325073
20250714_115616,2.0877251625061035,0.8068654537200928,1.0395164489746094
20250714_115616,2.087007522583008,0.8070734739303589,1.0404877662658691
20250714_115616,2.0862152576446533,0.8072196841239929,1.0414059162139893
20250714_115616,2.0854334831237793,0.8075724244117737,1.0423136949539185
20250714_115616,2.084836959838867,0.8080801963806152,1.043285608291626
20250714_115616,2.0840907096862793,0.8082824349403381,1.0442335605621338
20250714_115616,2.0833730697631836,0.8086609244346619,1.0451724529266357
20250714_115616,2.082566738128662,0.8089776635169983,1.0461212396621704
20250714_115616,2.081796407699585,0.809285581111908,1.0469788312911987
20250714_115616,2.080981969833374,0.8095512986183167,1.0479503870010376
20250714_115616,2.080160617828369,0.8098284006118774,1.0488604307174683
20250714_115617,2.079380750656128,0.8102198839187622,1.0497643947601318
20250714_115617,2.0785748958587646,0.8105958700180054,1.0506391525268555
20250714_115617,2.0778350830078125,0.8109906911849976,1.0515612363815308
20250714_115617,2.0769081115722656,0.8110697269439697,1.0524396896362305
20250714_115617,2.0762200355529785,0.8117284178733826,1.053282380104065
20250714_115617,2.0753726959228516,0.812105119228363,1.0541459321975708
20250714_115617,2.0745649337768555,0.8125485181808472,1.0550508499145508
20250714_115617,2.07379150390625,0.8130897283554077,1.0558617115020752
20250714_115617,2.0729997158050537,0.8135783076286316,1.0567328929901123
20250714_115617,2.07216739654541,0.8141474723815918,1.0575860738754272
20250714_115617,2.071340799331665,0.8146291971206665,1.058443307876587
20250714_115617,2.070524215698242,0.8151240944862366,1.0592855215072632
20250714_115617,2.0697624683380127,0.8160845637321472,1.0602177381515503
20250714_115617,2.068887233734131,0.8163547515869141,1.0610026121139526
20250714_115617,2.068084239959717,0.816971480846405,1.0618724822998047
20250714_115617,2.0672690868377686,0.8175147771835327,1.0627018213272095
20250714_115617,2.0664961338043213,0.818149209022522,1.0634944438934326
20250714_115617,2.0657472610473633,0.8191126585006714,1.0643577575683594
20250714_115617,2.064784049987793,0.8193246126174927,1.0651026964187622
20250714_115617,2.0640013217926025,0.8200319409370422,1.0659247636795044
20250714_115617,2.0631628036499023,0.820648729801178,1.0666905641555786
20250714_115617,2.0623347759246826,0.8213129639625549,1.067431926727295
20250714_115617,2.0614571571350098,0.821914792060852,1.0682141780853271
20250714_115617,2.060694932937622,0.8226074576377869,1.0689762830734253
20250714_115617,2.059882640838623,0.8232880234718323,1.0697228908538818
20250714_115617,2.059119462966919,0.8239124417304993,1.0705304145812988
20250714_115617,2.0582540035247803,0.8246290683746338,1.071311116218567
20250714_115617,2.057487726211548,0.8253449201583862,1.072068214416504
20250714_115617,2.05684232711792,0.8263896107673645,1.0728750228881836
20250714_115617,2.056084394454956,0.8270901441574097,1.073612093925476
20250714_115617,2.055307388305664,0.8275410532951355,1.0742945671081543
20250714_115617,2.0544888973236084,0.8282102942466736,1.0750972032546997
20250714_115617,2.0537095069885254,0.8288490772247314,1.0758655071258545
20250714_115617,2.0529651641845703,0.8295419216156006,1.076590895652771
20250714_115617,2.0521938800811768,0.8297547101974487,1.0773550271987915
20250714_115617,2.051567316055298,0.8306494355201721,1.07819664478302
20250714_115617,2.05078387260437,0.8311179876327515,1.0788724422454834
20250714_115617,2.0500717163085938,0.8319092988967896,1.0796151161193848
20250714_115617,2.0493788719177246,0.8325841426849365,1.080342173576355
20250714_115617,2.0487382411956787,0.8333956599235535,1.0811175107955933
20250714_115617,2.0480244159698486,0.8340497016906738,1.0818740129470825
20250714_115617,2.0473382472991943,0.8347203731536865,1.0825587511062622
20250714_115617,2.0465810298919678,0.835374116897583,1.0832654237747192
20250714_115617,2.0458788871765137,0.8360557556152344,1.0840044021606445
20250714_115617,2.045290231704712,0.8367475867271423,1.0847046375274658
20250714_115617,2.044586181640625,0.8373309969902039,1.0854508876800537
20250714_115617,2.0440149307250977,0.8381941318511963,1.086222767829895
20250714_115617,2.043316125869751,0.8387881517410278,1.0869778394699097
20250714_115617,2.0425925254821777,0.8391318917274475,1.087652564048767
20250714_115617,2.041924476623535,0.8397597670555115,1.0884476900100708
20250714_115617,2.0413460731506348,0.8403446078300476,1.089234709739685
20250714_115617,2.0407538414001465,0.8409651517868042,1.0899759531021118
20250714_115617,2.040038585662842,0.8414678573608398,1.0907591581344604
20250714_115617,2.039447546005249,0.8420308232307434,1.0915344953536987
20250714_115617,2.038896322250366,0.8429956436157227,1.0924559831619263
20250714_115617,2.0382437705993652,0.8432031869888306,1.0931236743927002
20250714_115617,2.0376474857330322,0.843683660030365,1.0938514471054077
20250714_115617,2.0370731353759766,0.8441340923309326,1.0946860313415527
20250714_115617,2.0365447998046875,0.8447144627571106,1.0954680442810059
20250714_115617,2.036054849624634,0.845491349697113,1.0962532758712769
20250714_115617,2.0354743003845215,0.8459316492080688,1.0970038175582886
20250714_115617,2.0347371101379395,0.8460612297058105,1.0977909564971924
20250714_115617,2.034193992614746,0.8465681076049805,1.098499059677124
20250714_115617,2.033639907836914,0.8470331430435181,1.0992310047149658
20250714_115617,2.0332043170928955,0.8478487133979797,1.1000182628631592
20250714_115617,2.0326385498046875,0.8482348322868347,1.100824236869812
20250714_115617,2.0320181846618652,0.8485928773880005,1.101600170135498
20250714_115617,2.0314223766326904,0.8486360907554626,1.1023015975952148
20250714_115617,2.030876636505127,0.849058985710144,1.1030770540237427
20250714_115617,2.030461549758911,0.8497324585914612,1.1038810014724731
20250714_115617,2.029954671859741,0.8501409888267517,1.1046769618988037
20250714_115617,2.029444456100464,0.8504924774169922,1.1055165529251099
20250714_115617,2.0288748741149902,0.8505395650863647,1.1062324047088623
20250714_115617,2.028337001800537,0.8508403897285461,1.1070361137390137
20250714_115617,2.0279364585876465,0.8515103459358215,1.1079075336456299
20250714_115617,2.027348756790161,0.8515293598175049,1.1087173223495483
20250714_115617,2.026848077774048,0.8517503142356873,1.1094952821731567
20250714_115617,2.0263864994049072,0.8520562648773193,1.11030113697052
20250714_115617,2.0259828567504883,0.8527102470397949,1.1111687421798706
20250714_115617,2.0254547595977783,0.8529602885246277,1.1119569540023804
20250714_115617,2.024970293045044,0.8532363772392273,1.1127279996871948
20250714_115617,2.0245041847229004,0.8534653186798096,1.113542914390564
20250714_115617,2.023972272872925,0.8534021377563477,1.11427903175354
20250714_115617,2.0235559940338135,0.8536524772644043,1.114998698234558
20250714_115617,2.023153305053711,0.8541901707649231,1.1158466339111328
20250714_115617,2.02272367477417,0.8543446660041809,1.1166014671325684
20250714_115617,2.022251605987549,0.8545342683792114,1.1173691749572754
20250714_115617,2.0217227935791016,0.8546978831291199,1.1181964874267578
20250714_115617,2.0211915969848633,0.8545868396759033,1.11893630027771
20250714_115617,2.0207324028015137,0.8548133373260498,1.1196955442428589
20250714_115617,2.0203027725219727,0.8549589514732361,1.1204794645309448
20250714_115617,2.020003080368042,0.8554767370223999,1.1213356256484985
20250714_115617,2.0195512771606445,0.8555582165718079,1.1221798658370972
20250714_115617,2.0191702842712402,0.8556565046310425,1.1229143142700195
20250714_115617,2.0187172889709473,0.8557173609733582,1.1237565279006958
20250714_115617,2.0182406902313232,0.855573296546936,1.124542236328125
20250714_115617,2.017843008041382,0.8557335138320923,1.125330924987793
20250714_115617,2.0174307823181152,0.8557180762290955,1.1261166334152222
20250714_115617,2.0171053409576416,0.8561169505119324,1.1269818544387817
20250714_115617,2.0166735649108887,0.8562695384025574,1.1278139352798462
20250714_115618,2.0163586139678955,0.8564231395721436,1.128582239151001
20250714_115618,2.015962839126587,0.8565042018890381,1.1294010877609253
20250714_115618,2.015470266342163,0.8561608195304871,1.1301567554473877
20250714_115618,2.015068531036377,0.8562293648719788,1.1309746503829956
20250714_115618,2.0147016048431396,0.8565487861633301,1.1318473815917969
20250714_115618,2.014356851577759,0.8566654324531555,1.1325669288635254
20250714_115618,2.013993501663208,0.8567480444908142,1.1333481073379517
20250714_115618,2.0135114192962646,0.8566610217094421,1.134171724319458
20250714_115618,2.013155460357666,0.8567429184913635,1.1349103450775146
20250714_115618,2.012766122817993,0.8567802906036377,1.1356687545776367
20250714_115618,2.0122334957122803,0.8565846681594849,1.136573076248169
20250714_115618,2.0118370056152344,0.8566337823867798,1.1373227834701538
20250714_115618,2.0115978717803955,0.8568478226661682,1.1380332708358765
20250714_115618,2.0112030506134033,0.8567723035812378,1.1388946771621704
20250714_115618,2.010871410369873,0.8566814064979553,1.1396515369415283
20250714_115618,2.0105247497558594,0.8566696643829346,1.140474557876587
20250714_115618,2.010188341140747,0.8566470146179199,1.1413018703460693
20250714_115618,2.009714365005493,0.8560308814048767,1.142156720161438
20250714_115618,2.0094263553619385,0.85606849193573,1.1428844928741455
20250714_115618,2.009166717529297,0.8561543822288513,1.1436312198638916
20250714_115618,2.008822441101074,0.8562107682228088,1.144445538520813
20250714_115618,2.008510112762451,0.8561962842941284,1.1452391147613525
20250714_115618,2.0082292556762695,0.8561483025550842,1.1460226774215698
20250714_115618,2.0078723430633545,0.85612553358078,1.146826148033142
20250714_115618,2.0075457096099854,0.8558897972106934,1.1477038860321045
20250714_115618,2.007267475128174,0.8559363484382629,1.1484590768814087
20250714_115618,2.0069580078125,0.8559081554412842,1.1492160558700562
20250714_115618,2.006619453430176,0.8558449745178223,1.1499866247177124
20250714_115618,2.00628662109375,0.8558512330055237,1.1507411003112793
20250714_115618,2.0059654712677,0.8558496236801147,1.1514718532562256
20250714_115618,2.0056395530700684,0.8557896614074707,1.1522077322006226
20250714_115618,2.0053486824035645,0.8559003472328186,1.1530474424362183
20250714_115618,2.004976511001587,0.8558577299118042,1.1537872552871704
20250714_115618,2.004650592803955,0.8558465242385864,1.1545623540878296
20250714_115618,2.0042777061462402,0.8555739521980286,1.155186653137207
20250714_115618,2.003955364227295,0.8555351495742798,1.155920147895813
20250714_115618,2.0036725997924805,0.8553735017776489,1.1567224264144897
20250714_115618,2.0035042762756348,0.8555483818054199,1.1576097011566162
20250714_115618,2.003225088119507,0.8553699254989624,1.1583324670791626
20250714_115618,2.0028815269470215,0.8549374341964722,1.1590136289596558
20250714_115618,2.002605438232422,0.8548220992088318,1.159787893295288
20250714_115618,2.00236177444458,0.8546779155731201,1.1605664491653442
20250714_115618,2.002077102661133,0.8544992208480835,1.1613692045211792
20250714_115618,2.001865863800049,0.8543896675109863,1.1621195077896118
20250714_115618,2.001718521118164,0.8545925617218018,1.1629362106323242
20250714_115618,2.0014212131500244,0.8544273376464844,1.1637433767318726
20250714_115618,2.0011284351348877,0.8542859554290771,1.164551019668579
20250714_115618,2.0007357597351074,0.8538813591003418,1.1652899980545044
20250714_115618,2.000476837158203,0.8537721037864685,1.166019320487976
20250714_115618,2.0002288818359375,0.8536900877952576,1.166826844215393
20250714_115618,1.9999215602874756,0.8535106182098389,1.167611002922058
20250714_115618,1.9997503757476807,0.8536524772644043,1.1684908866882324
20250714_115618,1.999385952949524,0.8534599542617798,1.1693167686462402
20250714_115618,1.9987390041351318,0.8528153300285339,1.170162320137024
20250714_115618,1.9984549283981323,0.8527423739433289,1.1709434986114502
20250714_115618,1.998144268989563,0.8525888323783875,1.1716983318328857
20250714_115618,1.9978077411651611,0.8523914813995361,1.172489881515503
20250714_115618,1.9973994493484497,0.8517528176307678,1.1730235815048218
20250714_115618,1.997209906578064,0.8520739674568176,1.1740171909332275
20250714_115618,1.996934413909912,0.851932942867279,1.174753189086914
20250714_115618,1.9966307878494263,0.8517571687698364,1.1755731105804443
20250714_115618,1.9963635206222534,0.8515605330467224,1.1763705015182495
20250714_115618,1.9962021112442017,0.8516253232955933,1.17717444896698
20250714_115618,1.9959073066711426,0.8511054515838623,1.1778892278671265
20250714_115618,1.9956787824630737,0.8509478569030762,1.1786320209503174
20250714_115618,1.9954760074615479,0.8507347106933594,1.1793837547302246
20250714_115618,1.9952219724655151,0.8504554629325867,1.1802366971969604
20250714_115618,1.9950083494186401,0.8502144813537598,1.1810117959976196
20250714_115618,1.9949091672897339,0.8500059843063354,1.1817107200622559
20250714_115618,1.994586706161499,0.8498036861419678,1.182557463645935
20250714_115618,1.9943829774856567,0.8495820164680481,1.1833553314208984
20250714_115618,1.9941328763961792,0.8493512868881226,1.1841444969177246
20250714_115618,1.9939044713974,0.8491416573524475,1.1849029064178467
20250714_115618,1.9936299324035645,0.8489227890968323,1.1857457160949707
20250714_115618,1.9933812618255615,0.8487532138824463,1.186543583869934
20250714_115618,1.9931490421295166,0.848538339138031,1.1873635053634644
20250714_115618,1.9928258657455444,0.848278820514679,1.1882013082504272
20250714_115618,1.9926294088363647,0.8480982780456543,1.1889351606369019
20250714_115618,1.9923553466796875,0.8478896617889404,1.1897813081741333
20250714_115618,1.9918943643569946,0.8469130396842957,1.190303921699524
20250714_115618,1.9917662143707275,0.8474618196487427,1.1914465427398682
20250714_115618,1.9914971590042114,0.8473183512687683,1.1922392845153809
20250714_115618,1.9912525415420532,0.8471487760543823,1.1929882764816284
20250714_115618,1.9909818172454834,0.8468989729881287,1.1938526630401611
20250714_115618,1.9906935691833496,0.8466185331344604,1.194697380065918
20250714_115618,1.990422248840332,0.846412181854248,1.1955116987228394
20250714_115618,1.9902665615081787,0.8464698195457458,1.1964130401611328
20250714_115618,1.9899811744689941,0.8460061550140381,1.1970902681350708
20250714_115618,1.9897667169570923,0.8458586931228638,1.197922945022583
20250714_115618,1.9895050525665283,0.8456398248672485,1.1988247632980347
20250714_115618,1.9891122579574585,0.8446958661079407,1.1993613243103027
20250714_115618,1.988950490951538,0.8445236682891846,1.2001616954803467
20250714_115618,1.988816261291504,0.8443526029586792,1.201001763343811
20250714_115618,1.9887621402740479,0.8448635339736938,1.2021033763885498
20250714_115618,1.9885838031768799,0.8446677923202515,1.2029613256454468
20250714_115618,1.9883222579956055,0.8444048166275024,1.203811764717102
20250714_115618,1.9879741668701172,0.843479335308075,1.2042572498321533
20250714_115618,1.9879273176193237,0.8440322875976562,1.2053776979446411
20250714_115618,1.9876720905303955,0.8438735008239746,1.2061771154403687
20250714_115618,1.9874104261398315,0.8437507152557373,1.206960678100586
20250714_115619,1.9870822429656982,0.8435347676277161,1.2078320980072021
20250714_115619,1.9866210222244263,0.8426552414894104,1.2083690166473389
20250714_115619,1.9863684177398682,0.84257572889328,1.209167718887329
20250714_115619,1.9859873056411743,0.8423588871955872,1.2100107669830322
20250714_115619,1.9856624603271484,0.8425690531730652,1.210930585861206
20250714_115619,1.9856343269348145,0.8429131507873535,1.2118988037109375
20250714_115619,1.9853745698928833,0.8430911302566528,1.2128318548202515
20250714_115619,1.9849916696548462,0.8427771329879761,1.2135852575302124
20250714_115619,1.9845731258392334,0.8419585227966309,1.2141063213348389
20250714_115619,1.984265685081482,0.8418952226638794,1.2149226665496826
20250714_115619,1.9840120077133179,0.8420360088348389,1.2158678770065308
20250714_115619,1.9839471578598022,0.8426230549812317,1.2169010639190674
20250714_115619,1.9836771488189697,0.8425745368003845,1.2177573442459106
20250714_115619,1.9835047721862793,0.8428710103034973,1.2186506986618042
20250714_115619,1.9830148220062256,0.8421534895896912,1.2192407846450806
20250714_115619,1.98273766040802,0.8422286510467529,1.2200406789779663
20250714_115619,1.9825737476348877,0.8427061438560486,1.2210766077041626
20250714_115619,1.9822481870651245,0.842667818069458,1.2218865156173706
20250714_115619,1.9819036722183228,0.8427290320396423,1.2227133512496948
20250714_115619,1.9813237190246582,0.8425772190093994,1.223425030708313
20250714_115619,1.9809991121292114,0.8424875140190125,1.2240469455718994
20250714_115619,1.980686068534851,0.8425814509391785,1.224813461303711
20250714_115619,1.980608582496643,0.8434336185455322,1.2258472442626953
20250714_115619,1.9802531003952026,0.843164324760437,1.2265093326568604
20250714_115619,1.9800900220870972,0.8435240387916565,1.2273579835891724
20250714_115619,1.9795769453048706,0.8427997827529907,1.2278722524642944
20250714_115619,1.9793351888656616,0.8428727388381958,1.228590965270996
20250714_115619,1.9790406227111816,0.843012809753418,1.2293899059295654
20250714_115619,1.9788551330566406,0.8436558842658997,1.2303649187088013
20250714_115619,1.9785528182983398,0.8438268303871155,1.2311766147613525
20250714_115619,1.9781031608581543,0.8434932827949524,1.2317911386489868
20250714_115619,1.9777642488479614,0.8436239361763,1.232567310333252
20250714_115619,1.9773601293563843,0.8439435958862305,1.2333815097808838
20250714_115619,1.977147102355957,0.8442404866218567,1.2342430353164673
20250714_115619,1.9768776893615723,0.8450182676315308,1.235239863395691
20250714_115619,1.976577639579773,0.8452696204185486,1.236019492149353
20250714_115619,1.9761353731155396,0.8448317646980286,1.2365015745162964
20250714_115619,1.9757949113845825,0.8441501259803772,1.236950159072876
20250714_115619,1.975680947303772,0.8451212048530579,1.2379347085952759
20250714_115619,1.9752380847930908,0.8456635475158691,1.2388660907745361
20250714_115619,1.9752780199050903,0.8464511632919312,1.2396979331970215
20250714_115619,1.9747933149337769,0.8459426760673523,1.240154504776001
20250714_115619,1.9744752645492554,0.8461053371429443,1.240891695022583
20250714_115619,1.9741640090942383,0.8463593125343323,1.241606593132019
20250714_115619,1.9737167358398438,0.8458428382873535,1.2420960664749146
20250714_115619,1.973398208618164,0.8469595909118652,1.2430691719055176
20250714_115619,1.9733037948608398,0.8479416966438293,1.2440440654754639
20250714_115619,1.972813367843628,0.8473513722419739,1.2444792985916138
20250714_115619,1.9724994897842407,0.8475677371025085,1.2452166080474854
20250714_115619,1.9721935987472534,0.8480773568153381,1.2460196018218994
20250714_115619,1.972058653831482,0.8480101823806763,1.2465574741363525
20250714_115619,1.9717590808868408,0.8481983542442322,1.247249722480774
20250714_115619,1.9715640544891357,0.848466694355011,1.2479106187820435
20250714_115619,1.9714577198028564,0.8495440483093262,1.2488884925842285
20250714_115619,1.9711856842041016,0.8496297597885132,1.2495133876800537
20250714_115619,1.9707443714141846,0.8483032584190369,1.2496799230575562
20250714_115619,1.970471739768982,0.8486830592155457,1.2505197525024414
20250714_115619,1.9702709913253784,0.8496786952018738,1.2513399124145508
20250714_115619,1.9700113534927368,0.8494851589202881,1.2519326210021973
20250714_115619,1.969770908355713,0.8494921922683716,1.2524393796920776
20250714_115619,1.9694563150405884,0.8492223024368286,1.2528406381607056
20250714_115619,1.9690709114074707,0.8496387600898743,1.253524899482727
20250714_115619,1.9688544273376465,0.8497644662857056,1.254069209098816
20250714_115619,1.9686782360076904,0.8509823679924011,1.2551316022872925
20250714_115619,1.9683096408843994,0.8506914377212524,1.2555919885635376
20250714_115619,1.9679553508758545,0.8503996133804321,1.256002426147461
20250714_115619,1.9676889181137085,0.850619375705719,1.2565431594848633
20250714_115619,1.9674363136291504,0.8508756756782532,1.257119059562683
20250714_115619,1.9672110080718994,0.8511945009231567,1.2577558755874634
20250714_115619,1.9670746326446533,0.8520321249961853,1.2585463523864746
20250714_115619,1.966881513595581,0.8528136610984802,1.2593560218811035
20250714_115619,1.9668676853179932,0.8536569476127625,1.2600070238113403
20250714_115619,1.9662419557571411,0.8523520231246948,1.2600693702697754
20250714_115619,1.9660181999206543,0.8534795641899109,1.2609056234359741
20250714_115619,1.9657130241394043,0.8529544472694397,1.2612922191619873
20250714_115619,1.965462565422058,0.8532686829566956,1.261904001235962
20250714_115619,1.965262532234192,0.8535733222961426,1.262496829032898
20250714_115619,1.9650505781173706,0.8538632988929749,1.2630598545074463
20250714_115619,1.964801549911499,0.8541172742843628,1.2635284662246704
20250714_115619,1.964577078819275,0.8543288111686707,1.2640814781188965
20250714_115619,1.9643861055374146,0.8554275035858154,1.264919400215149
20250714_115619,1.9641025066375732,0.8548040390014648,1.265126347541809
20250714_115619,1.963901400566101,0.855073094367981,1.2656344175338745
20250714_115619,1.9637298583984375,0.8553531765937805,1.2661211490631104
20250714_115619,1.963453769683838,0.8555812239646912,1.2666757106781006
20250714_115619,1.9632236957550049,0.8558043837547302,1.2671540975570679
20250714_115619,1.962939977645874,0.8560968637466431,1.2676867246627808
20250714_115619,1.9627177715301514,0.8563636541366577,1.2681559324264526
20250714_115619,1.9624568223953247,0.8566024899482727,1.2686717510223389
20250714_115619,1.9622167348861694,0.8568885922431946,1.269200325012207
20250714_115619,1.961958646774292,0.8580995202064514,1.2699171304702759
20250714_115619,1.9617352485656738,0.8583186268806458,1.2704373598098755
20250714_115619,1.9614818096160889,0.858544647693634,1.270963191986084
20250714_115619,1.9612056016921997,0.8578426837921143,1.2711681127548218
20250714_115619,1.960947036743164,0.8580639362335205,1.271705150604248
20250714_115619,1.9607629776000977,0.8591507077217102,1.2724546194076538
20250714_115619,1.9605170488357544,0.8593757748603821,1.272915244102478
20250714_115619,1.9603075981140137,0.8596063852310181,1.2734099626541138
20250714_115619,1.9600329399108887,0.858869194984436,1.2736891508102417
20250714_115619,1.9597265720367432,0.8589867949485779,1.2741725444793701
20250714_115620,1.9594526290893555,0.8591932654380798,1.2746877670288086
20250714_115620,1.9592090845108032,0.8604980111122131,1.2754408121109009
20250714_115620,1.9589381217956543,0.8597922921180725,1.2756855487823486
20250714_115620,1.9587212800979614,0.860952615737915,1.2764372825622559
20250714_115620,1.9584932327270508,0.8612026572227478,1.2769476175308228
20250714_115620,1.9582422971725464,0.8613588809967041,1.2773863077163696
20250714_115620,1.9579427242279053,0.8604047894477844,1.2777082920074463
20250714_115620,1.9577209949493408,0.8615491986274719,1.2783797979354858
20250714_115620,1.9573689699172974,0.860657811164856,1.2786425352096558
20250714_115620,1.9570893049240112,0.8607968688011169,1.2791416645050049
20250714_115620,1.9567961692810059,0.8609415292739868,1.2795897722244263
20250714_115620,1.9565584659576416,0.8611024618148804,1.2800103425979614
20250714_115620,1.9562489986419678,0.8610938787460327,1.280470609664917
20250714_115620,1.955903172492981,0.8611444234848022,1.2809176445007324
20250714_115620,1.9555894136428833,0.8612976670265198,1.2814189195632935
20250714_115620,1.9553014039993286,0.8623360395431519,1.2820848226547241
20250714_115620,1.9548619985580444,0.8625069260597229,1.2826099395751953
20250714_115620,1.9545599222183228,0.8626389503479004,1.2830885648727417
20250714_115620,1.9542546272277832,0.862779438495636,1.283543348312378
20250714_115620,1.9537992477416992,0.8618083596229553,1.2838377952575684
20250714_115620,1.9534683227539062,0.8619495630264282,1.284382939338684
20250714_115620,1.953173041343689,0.8622108101844788,1.2848966121673584
20250714_115620,1.952879786491394,0.8633098006248474,1.2855554819107056
20250714_115620,1.9525439739227295,0.8623808026313782,1.2857879400253296
20250714_115620,1.952247977256775,0.8636131882667542,1.2865285873413086
20250714_115620,1.9519470930099487,0.8637514710426331,1.2869160175323486
20250714_115620,1.9516363143920898,0.8636988401412964,1.287274718284607
20250714_115620,1.9512964487075806,0.8636548519134521,1.2877781391143799
20250714_115620,1.9509563446044922,0.8636694550514221,1.2881346940994263
20250714_115620,1.9505873918533325,0.8637472987174988,1.288590431213379
20250714_115620,1.9501352310180664,0.8639028072357178,1.2890485525131226
20250714_115620,1.9498151540756226,0.8638814687728882,1.2894052267074585
20250714_115620,1.9494866132736206,0.8639639616012573,1.2898108959197998
20250714_115620,1.9490349292755127,0.8639510869979858,1.2902213335037231
20250714_115620,1.948616862297058,0.8639629483222961,1.2906098365783691
20250714_115620,1.948190689086914,0.8641318082809448,1.2910701036453247
20250714_115620,1.947739839553833,0.8640615344047546,1.2914443016052246
20250714_115620,1.9473742246627808,0.8639035224914551,1.2918049097061157
20250714_115620,1.9469579458236694,0.8638821244239807,1.2923740148544312
20250714_115620,1.9465755224227905,0.8640235662460327,1.2928364276885986
20250714_115620,1.9461759328842163,0.8637069463729858,1.29312264919281
20250714_115620,1.9457486867904663,0.8635316491127014,1.2935333251953125
20250714_115620,1.9452154636383057,0.8624740242958069,1.2936960458755493
20250714_115620,1.9446080923080444,0.8626024127006531,1.2941614389419556
20250714_115620,1.9445176124572754,0.8633283972740173,1.2946770191192627
20250714_115620,1.9441542625427246,0.8632583618164062,1.2950743436813354
20250714_115620,1.9437103271484375,0.8630936145782471,1.2954829931259155
20250714_115620,1.9432542324066162,0.8630269169807434,1.2958953380584717
20250714_115620,1.9428598880767822,0.8628724217414856,1.296264410018921
20250714_115620,1.9424428939819336,0.8625615835189819,1.2965686321258545
20250714_115620,1.942055583000183,0.8624023199081421,1.2969307899475098
20250714_115620,1.941594123840332,0.862162172794342,1.2972359657287598
20250714_115620,1.9412212371826172,0.8622059226036072,1.2975177764892578
20250714_115620,1.9407364130020142,0.8621620535850525,1.2978832721710205
20250714_115620,1.9402151107788086,0.8621314167976379,1.2982665300369263
20250714_115620,1.9397776126861572,0.8621676564216614,1.298609733581543
20250714_115620,1.9393444061279297,0.8619784712791443,1.2989176511764526
20250714_115620,1.9391711950302124,0.8627321124076843,1.2994613647460938
20250714_115620,1.9385013580322266,0.8618069291114807,1.299534797668457
20250714_115620,1.9380366802215576,0.8617282509803772,1.2998634576797485
20250714_115620,1.9375331401824951,0.8618330955505371,1.3002222776412964
20250714_115620,1.9370813369750977,0.8616557121276855,1.3005291223526
20250714_115620,1.9366333484649658,0.8616018891334534,1.30093252658844
20250714_115620,1.9362068176269531,0.8616927862167358,1.3012396097183228
20250714_115620,1.9357457160949707,0.8616169691085815,1.3015670776367188
20250714_115620,1.935255765914917,0.8614287972450256,1.3017916679382324
20250714_115620,1.9344346523284912,0.8606469631195068,1.3022608757019043
20250714_115620,1.9339853525161743,0.8607248067855835,1.302544116973877
20250714_115620,1.9335484504699707,0.860858678817749,1.3028711080551147
20250714_115620,1.9331355094909668,0.8609454035758972,1.30318284034729
20250714_115620,1.9326924085617065,0.8612335324287415,1.3034502267837524
20250714_115620,1.9321707487106323,0.8612532615661621,1.3037540912628174
20250714_115620,1.9317291975021362,0.8612181544303894,1.303951621055603
20250714_115620,1.931290626525879,0.8614478707313538,1.304187536239624
20250714_115620,1.930869221687317,0.8617158532142639,1.3044862747192383
20250714_115620,1.9304126501083374,0.861781895160675,1.3047000169754028
20250714_115620,1.9299862384796143,0.8618354201316833,1.3049108982086182
20250714_115620,1.9295763969421387,0.8619033098220825,1.3050493001937866
20250714_115620,1.9291632175445557,0.8620362877845764,1.3052469491958618
20250714_115620,1.9288264513015747,0.8622432947158813,1.3054436445236206
20250714_115620,1.9284194707870483,0.8623692393302917,1.3057286739349365
20250714_115620,1.9280788898468018,0.8624482750892639,1.305855631828308
20250714_115620,1.9276857376098633,0.8625062704086304,1.3060224056243896
20250714_115620,1.9272875785827637,0.8626803159713745,1.3061473369598389
20250714_115620,1.9268792867660522,0.8629559278488159,1.3063613176345825
20250714_115620,1.9265302419662476,0.8629429936408997,1.3064895868301392
20250714_115620,1.9262187480926514,0.8631686568260193,1.3066481351852417
20250714_115620,1.9258872270584106,0.8632228374481201,1.3067655563354492
20250714_115620,1.9255032539367676,0.8632822036743164,1.306879997253418
20250714_115620,1.9252233505249023,0.8633061647415161,1.3070076704025269
20250714_115620,1.9248921871185303,0.8633818030357361,1.3071452379226685
20250714_115620,1.924573540687561,0.8633818626403809,1.3072503805160522
20250714_115620,1.9243199825286865,0.8634481430053711,1.3073903322219849
20250714_115620,1.9240697622299194,0.8633623719215393,1.3075056076049805
20250714_115620,1.923884630203247,0.8635095953941345,1.3076413869857788
20250714_115620,1.9236454963684082,0.86344313621521,1.3077510595321655
20250714_115620,1.92339289188385,0.8632485270500183,1.3078402280807495
20250714_115620,1.9231953620910645,0.8631864190101624,1.3079091310501099
20250714_115620,1.9230366945266724,0.8630595207214355,1.307996392250061
20250714_115620,1.9230782985687256,0.8637431859970093,1.3083856105804443
20250714_115621,1.922746181488037,0.8629199862480164,1.308135986328125
20250714_115621,1.9225486516952515,0.8625955581665039,1.308120608329773
20250714_115621,1.9223533868789673,0.8625060319900513,1.3081932067871094
20250714_115621,1.9222180843353271,0.8621799945831299,1.3081432580947876
20250714_115621,1.9221062660217285,0.8621203899383545,1.3082119226455688
20250714_115621,1.9219269752502441,0.8616888523101807,1.3081943988800049
20250714_115621,1.9218499660491943,0.8615937232971191,1.308308720588684
20250714_115621,1.9219359159469604,0.8619495630264282,1.3086382150650024
20250714_115621,1.9218486547470093,0.8616801500320435,1.3087142705917358
20250714_115621,1.9216519594192505,0.8608943223953247,1.3085012435913086
20250714_115621,1.9217971563339233,0.8612005114555359,1.3089025020599365
20250714_115621,1.921618103981018,0.8602651953697205,1.3086650371551514
20250714_115621,1.9215928316116333,0.8601057529449463,1.3087921142578125
20250714_115621,1.9216364622116089,0.8594279289245605,1.3087146282196045
20250714_115621,1.921741247177124,0.859315812587738,1.308794617652893
20250714_115621,1.9217529296875,0.8589422702789307,1.308866262435913
20250714_115621,1.921830654144287,0.8585768938064575,1.3088830709457397
20250714_115621,1.9218525886535645,0.8584385514259338,1.3090053796768188
20250714_115621,1.9218212366104126,0.8576748967170715,1.309412956237793
20250714_115621,1.922012448310852,0.857519268989563,1.3092013597488403
20250714_115621,1.9222464561462402,0.85772305727005,1.309590458869934
20250714_115621,1.9223829507827759,0.8574066162109375,1.3096749782562256
20250714_115621,1.9224917888641357,0.857002317905426,1.3097143173217773
20250714_115621,1.922560453414917,0.8566110730171204,1.3098403215408325
20250714_115621,1.9226609468460083,0.8563108444213867,1.3098738193511963
20250714_115621,1.9227389097213745,0.8559786677360535,1.3099421262741089
20250714_115621,1.922865629196167,0.8556517362594604,1.3100066184997559
20250714_115621,1.9229838848114014,0.8553923964500427,1.3100275993347168
20250714_115621,1.9230891466140747,0.8550912141799927,1.3101168870925903
20250714_115621,1.9232020378112793,0.8549373149871826,1.3101693391799927
20250714_115621,1.9233061075210571,0.8545197248458862,1.3102165460586548
20250714_115621,1.9234312772750854,0.8540700674057007,1.310412883758545
20250714_115621,1.9235622882843018,0.8538252115249634,1.3104944229125977
20250714_115621,1.9237133264541626,0.8536068201065063,1.310608148574829
20250714_115621,1.923910140991211,0.8534184098243713,1.3106720447540283
20250714_115621,1.9240785837173462,0.8531708717346191,1.3107749223709106
20250714_115621,1.9242883920669556,0.853033185005188,1.3107496500015259
20250714_115621,1.9241784811019897,0.8521358966827393,1.3109607696533203
20250714_115621,1.9246047735214233,0.8525876998901367,1.3109822273254395
20250714_115621,1.924832820892334,0.8523175120353699,1.3110649585723877
20250714_115621,1.9250080585479736,0.85212242603302,1.3112324476242065
20250714_115621,1.9252514839172363,0.8520616292953491,1.3113921880722046
20250714_115621,1.9254969358444214,0.8519201874732971,1.3115290403366089
20250714_115621,1.9257228374481201,0.8517143130302429,1.3116958141326904
20250714_115621,1.9259228706359863,0.8515509366989136,1.311814785003662
20250714_115621,1.9260833263397217,0.8511813282966614,1.312107801437378
20250714_115621,1.9262760877609253,0.8508890867233276,1.312242865562439
20250714_115621,1.926519751548767,0.8505269885063171,1.3123068809509277
20250714_115621,1.926748275756836,0.8502660393714905,1.3124167919158936
20250714_115621,1.9269801378250122,0.8499884605407715,1.3124802112579346
20250714_115621,1.9272327423095703,0.8496694564819336,1.3125182390213013
20250714_115621,1.927448034286499,0.8492966294288635,1.3126227855682373
20250714_115621,1.9276896715164185,0.8489611744880676,1.3127036094665527
20250714_115621,1.9278993606567383,0.8485690951347351,1.312824010848999
20250714_115621,1.928139567375183,0.8482187986373901,1.3129326105117798
20250714_115621,1.9284348487854004,0.8478086590766907,1.3130099773406982
20250714_115621,1.9286805391311646,0.8473752737045288,1.3131612539291382
20250714_115621,1.9289361238479614,0.8470550179481506,1.3133089542388916
20250714_115621,1.9292739629745483,0.8466867208480835,1.3134350776672363
20250714_115621,1.929613709449768,0.8463818430900574,1.3134989738464355
20250714_115621,1.9298853874206543,0.8459318280220032,1.3137778043746948
20250714_115621,1.9302818775177002,0.8456354141235352,1.3138601779937744
20250714_115621,1.9306299686431885,0.8453578352928162,1.3140428066253662
20250714_115621,1.9309927225112915,0.8449381589889526,1.3142035007476807
20250714_115621,1.931343913078308,0.844609797000885,1.314427137374878
20250714_115621,1.9315502643585205,0.8437619805335999,1.3142695426940918
20250714_115621,1.931947112083435,0.8434576392173767,1.3144261837005615
20250714_115621,1.9325001239776611,0.8435335159301758,1.314967155456543
20250714_115621,1.9329155683517456,0.8430567383766174,1.3151386976242065
20250714_115621,1.933375597000122,0.8427606821060181,1.3152780532836914
20250714_115621,1.9337059259414673,0.842462420463562,1.3154658079147339
20250714_115621,1.9341495037078857,0.8420130610466003,1.3155206441879272
20250714_115621,1.9346046447753906,0.841637909412384,1.3156483173370361
20250714_115621,1.9350248575210571,0.841310441493988,1.3157178163528442
20250714_115621,1.9353615045547485,0.8409203290939331,1.315885066986084
20250714_115621,1.9357802867889404,0.8405774831771851,1.3160144090652466
20250714_115621,1.936116099357605,0.8396457433700562,1.3158459663391113
20250714_115621,1.9366211891174316,0.8398271203041077,1.3163341283798218
20250714_115621,1.9370616674423218,0.8396046757698059,1.316511631011963
20250714_115621,1.9375762939453125,0.8392698168754578,1.316686987876892
20250714_115621,1.9380102157592773,0.8389793038368225,1.3168838024139404
20250714_115621,1.9385102987289429,0.8387452363967896,1.3170527219772339
20250714_115621,1.9389653205871582,0.8384663462638855,1.3172858953475952
20250714_115621,1.93948233127594,0.8382090330123901,1.317445158958435
20250714_115621,1.9399758577346802,0.837843656539917,1.317840576171875
20250714_115621,1.9402164220809937,0.8372781872749329,1.317859172821045
20250714_115621,1.9410994052886963,0.8374555110931396,1.3181520700454712
20250714_115621,1.9415897130966187,0.8372321724891663,1.3183953762054443
20250714_115621,1.9421600103378296,0.8370223045349121,1.3186415433883667
20250714_115621,1.9427199363708496,0.8368574976921082,1.3188667297363281
20250714_115621,1.943276286125183,0.8367273807525635,1.319095492362976
20250714_115621,1.9438761472702026,0.83625727891922,1.3194538354873657
20250714_115621,1.944430947303772,0.83615642786026,1.3195710182189941
20250714_115621,1.9449909925460815,0.8359913229942322,1.3198033571243286
20250714_115621,1.9454516172409058,0.8357461094856262,1.3200764656066895
20250714_115621,1.9456253051757812,0.8352895975112915,1.3203403949737549
20250714_115621,1.946498990058899,0.8355804085731506,1.3206408023834229
20250714_115621,1.9471293687820435,0.8354251384735107,1.3208807706832886
20250714_115621,1.947595238685608,0.8351340293884277,1.3213931322097778
20250714_115621,1.9481096267700195,0.8351768851280212,1.3216763734817505
20250714_115622,1.9485856294631958,0.8351774215698242,1.3220577239990234
20250714_115622,1.9491146802902222,0.8352028727531433,1.3223556280136108
20250714_115622,1.9492499828338623,0.8349870443344116,1.322602391242981
20250714_115622,1.950080156326294,0.8354061841964722,1.3230431079864502
20250714_115622,1.9504605531692505,0.8350369930267334,1.3229984045028687
20250714_115622,1.9508724212646484,0.8349005579948425,1.3238872289657593
20250714_115622,1.951368808746338,0.8350565433502197,1.3243030309677124
20250714_115622,1.9518977403640747,0.8351545333862305,1.3247400522232056
20250714_115622,1.9522416591644287,0.8357039093971252,1.3251676559448242
20250714_115622,1.9531445503234863,0.8364012837409973,1.3256043195724487
20250714_115622,1.9535475969314575,0.8362705707550049,1.3262296915054321
20250714_115622,1.9539718627929688,0.8364636898040771,1.3267022371292114
20250714_115622,1.954440951347351,0.8367546796798706,1.3272327184677124
20250714_115622,1.95491361618042,0.836840033531189,1.3277201652526855
20250714_115622,1.9552323818206787,0.8365013599395752,1.3281883001327515
20250714_115622,1.9556474685668945,0.8369386792182922,1.3288811445236206
20250714_115622,1.9560487270355225,0.8373265862464905,1.3294250965118408
20250714_115622,1.9564611911773682,0.8377639055252075,1.330005168914795
20250714_115622,1.9567455053329468,0.8378961682319641,1.3304933309555054
20250714_115622,1.956899881362915,0.838304877281189,1.3311114311218262
20250714_115622,1.9576067924499512,0.8391659259796143,1.3319100141525269
20250714_115622,1.9577192068099976,0.8386778235435486,1.3327610492706299
20250714_115622,1.9584094285964966,0.8402806520462036,1.3331164121627808
20250714_115622,1.9585100412368774,0.8401833772659302,1.333814263343811
20250714_115622,1.9588844776153564,0.840738832950592,1.3345619440078735
20250714_115622,1.9591258764266968,0.8412429094314575,1.3353465795516968
20250714_115622,1.9594236612319946,0.8417462110519409,1.3360978364944458
20250714_115622,1.9596595764160156,0.8421015739440918,1.3367489576339722
20250714_115622,1.9598735570907593,0.842646062374115,1.3375822305679321
20250714_115622,1.9601737260818481,0.8433094620704651,1.3383301496505737
20250714_115622,1.9604724645614624,0.844007134437561,1.339154839515686
20250714_115622,1.9607000350952148,0.8444811105728149,1.3399218320846558
20250714_115622,1.9613926410675049,0.8459139466285706,1.3406343460083008
20250714_115622,1.9615544080734253,0.8461793065071106,1.3415018320083618
20250714_115622,1.9618053436279297,0.8468499779701233,1.34231436252594
20250714_115622,1.9620554447174072,0.8475003242492676,1.3431742191314697
20250714_115622,1.96223783493042,0.848073422908783,1.34413480758667
20250714_115622,1.9625887870788574,0.8503464460372925,1.3448693752288818
20250714_115622,1.962925672531128,0.8510673642158508,1.3456945419311523
20250714_115622,1.9628307819366455,0.8502569794654846,1.3469821214675903
20250714_115622,1.962831974029541,0.8504562973976135,1.3478175401687622
20250714_115622,1.9630173444747925,0.8512499332427979,1.3488935232162476
20250714_115622,1.9632890224456787,0.8522453308105469,1.3499044179916382
20250714_115622,1.9632813930511475,0.8525342345237732,1.3509024381637573
20250714_115622,1.9633896350860596,0.8530516624450684,1.3519177436828613
20250714_115622,1.9636813402175903,0.8539749979972839,1.3529504537582397
20250714_115622,1.963817834854126,0.8545747399330139,1.3540326356887817
20250714_115622,1.9639091491699219,0.8551219701766968,1.354665756225586
20250714_115622,1.9640581607818604,0.8557458519935608,1.3556922674179077
20250714_115622,1.9643174409866333,0.856716513633728,1.3567243814468384
20250714_115622,1.964246392250061,0.8566497564315796,1.3583970069885254
20250714_115622,1.9643522500991821,0.8572912812232971,1.359474539756775
20250714_115622,1.9646368026733398,0.8583043217658997,1.3607076406478882
20250714_115622,1.9647502899169922,0.8587487936019897,1.3614634275436401
20250714_115622,1.9647513628005981,0.8592036366462708,1.3630187511444092
20250714_115622,1.9650111198425293,0.8600152730941772,1.3642643690109253
20250714_115622,1.965043544769287,0.8605079650878906,1.365519404411316
20250714_115622,1.9649900197982788,0.8607045412063599,1.3667566776275635
20250714_115622,1.9651455879211426,0.8613815307617188,1.367967128753662
20250714_115622,1.9651392698287964,0.8618903756141663,1.3691598176956177
20250714_115622,1.9656388759613037,0.8633025288581848,1.3709731101989746
20250714_115622,1.9656236171722412,0.8638339042663574,1.372282862663269
20250714_115622,1.9657832384109497,0.8647080659866333,1.3736618757247925
20250714_115622,1.9648821353912354,0.8645972609519958,1.3749264478683472
20250714_115622,1.9655729532241821,0.8655275702476501,1.3763822317123413
20250714_115622,1.96554434299469,0.8659517168998718,1.377705693244934
20250714_115622,1.9655486345291138,0.8665242195129395,1.3791910409927368
20250714_115622,1.9654958248138428,0.8668893575668335,1.3805434703826904
20250714_115622,1.9649600982666016,0.8676941990852356,1.381507158279419
20250714_115622,1.9649333953857422,0.8681930899620056,1.3829548358917236
20250714_115622,1.965543508529663,0.8684970736503601,1.3849201202392578
20250714_115622,1.9655392169952393,0.8690173625946045,1.3864014148712158
20250714_115622,1.965604543685913,0.8696218132972717,1.387940764427185
20250714_115622,1.965598464012146,0.870131254196167,1.3895384073257446
20250714_115622,1.9656509160995483,0.8707886934280396,1.3911068439483643
20250714_115622,1.965567708015442,0.8709016442298889,1.3926316499710083
20250714_115622,1.965482234954834,0.8713469505310059,1.3942612409591675
20250714_115622,1.9656000137329102,0.8721485137939453,1.3958464860916138
20250714_115622,1.965326189994812,0.8721034526824951,1.3974637985229492
20250714_115622,1.9655416011810303,0.8727508187294006,1.398934245109558
20250714_115622,1.9652694463729858,0.8736005425453186,1.4007328748703003
20250714_115622,1.9643887281417847,0.8736358880996704,1.401963710784912
20250714_115622,1.964731216430664,0.8750743865966797,1.4035345315933228
20250714_115622,1.9646406173706055,0.875455915927887,1.4052393436431885
20250714_115622,1.9648205041885376,0.8752908706665039,1.4067775011062622
20250714_115622,1.9644495248794556,0.8761610388755798,1.4083898067474365
20250714_115622,1.966058611869812,0.8775476217269897,1.4105291366577148
20250714_115622,1.9637991189956665,0.8753198385238647,1.4118255376815796
20250714_115622,1.9640041589736938,0.8762082457542419,1.413625955581665
20250714_115622,1.9656263589859009,0.877748966217041,1.4154316186904907
20250714_115622,1.9638561010360718,0.8770936727523804,1.4169272184371948
20250714_115622,1.9634804725646973,0.8762498497962952,1.4183697700500488
20250714_115622,1.9636348485946655,0.8776997923851013,1.4202837944030762
20250714_115622,1.963243842124939,0.8774774074554443,1.4220242500305176
20250714_115622,1.9632294178009033,0.8779348731040955,1.4235758781433105
20250714_115622,1.9628838300704956,0.8780574798583984,1.4254906177520752
20250714_115622,1.963008999824524,0.8788589835166931,1.4271565675735474
20250714_115622,1.9625595808029175,0.8785411715507507,1.4288703203201294
20250714_115622,1.963452935218811,0.8808679580688477,1.4304468631744385
20250714_115623,1.9634549617767334,0.8811587691307068,1.4321483373641968
20250714_115623,1.9631606340408325,0.8812599778175354,1.4338749647140503
20250714_115623,1.9621796607971191,0.8804494738578796,1.4356448650360107
