Timestamp,Cur_CF1_X,Cur_CF1_Y,Cur_CF1_Z,Cur_CF2_X,Cur_CF2_Y,Cur_CF2_Z,Cur_Cluster_X,Cur_Cluster_Y,Cur_Cluster_Z,Des_Cluster_X,Des_Cluster_Y,Des_Cluster_Z,Des_CF1_X,Des_CF1_Y,Des_CF1_Z,Des_CF2_X,Des_CF2_Y,Des_CF2_Z
2025-05-01 13:33:40.423021,1.850683331489563,0.8929702639579773,0.908976137638092,0.7955307364463806,0.7316936254501343,0.8672946691513062,1.3231070339679718,0.8123319447040558,0.8881354033946991,1.5,1.0,1.0,1.907796468346112,0.968037486076355,0.9537219762802124,0.8799319724154542,0.806760847568512,0.9120405077934265
2025-05-01 13:33:40.528598,1.8507157564163208,0.893083393573761,0.9089921712875366,0.7956212759017944,0.7318117618560791,0.8673683404922485,1.3231685161590576,0.81244757771492,0.8881802558898926,1.5,1.0,1.0,1.9078163818113003,0.968104362487793,0.9537200689315796,0.8799858375795688,0.8068327307701111,0.9120962381362915
2025-05-01 13:33:40.629685,1.8506898880004883,0.8929904103279114,0.9089692234992981,0.7956291437149048,0.73175448179245,0.8674704432487488,1.3231595158576965,0.8123724460601807,0.8882198333740234,1.5,1.0,1.0,1.9078028294075269,0.9680414319038391,0.9536812901496887,0.8799885896217089,0.8068055033683776,0.9121825098991394
2025-05-01 13:33:40.739252,1.8506951332092285,0.8929763436317444,0.9089695811271667,0.7954468727111816,0.7315924763679504,0.8673102855682373,1.323071002960205,0.8122844099998474,0.888139933347702,1.5,1.0,1.0,1.9078007178063534,0.9680625796318054,0.9537136077880859,0.8798844857458927,0.8066787123680115,0.9120543122291564
2025-05-01 13:33:40.839471,1.8506990671157837,0.8929977416992188,0.908978283405304,0.7957026958465576,0.7319048643112183,0.8675408959388733,1.3232008814811707,0.8124513030052185,0.8882595896720886,1.5,1.0,1.0,1.9078129734378826,0.9680172204971313,0.9536744475364685,0.8800280843395221,0.8069243431091309,0.9122370600700378
2025-05-01 13:33:40.949595,1.850709319114685,0.8930507302284241,0.9089910387992859,0.7956210374832153,0.7317866683006287,0.8673615455627441,1.3231651782989502,0.8124186992645264,0.888176292181015,1.5,1.0,1.0,1.907812688706511,0.9680832505226136,0.9537205219268798,0.8799855252522292,0.8068191885948182,0.9120910286903381
2025-05-01 13:33:41.050603,1.850710391998291,0.8930776715278625,0.9089823961257935,0.7956355810165405,0.7318029999732971,0.8673706650733948,1.3231729865074158,0.8124403357505798,0.8881765305995941,1.5,1.0,1.0,1.9078131175355473,0.9681015372276306,0.9537117838859558,0.8799944662733516,0.8068268656730652,0.9121000528335571
2025-05-01 13:33:41.153576,1.8506838083267212,0.8929678201675415,0.9089720249176025,0.7956958413124084,0.7318820953369141,0.8675393462181091,1.3231898248195648,0.8124249577522278,0.8882556855678558,1.5,1.0,1.0,1.9078040499544204,0.9679978370666504,0.9536697506904602,0.8800237398290575,0.806912112236023,0.9122370719909668
2025-05-01 13:33:41.257382,1.8506838083267212,0.8929678201675415,0.9089720249176025,0.7956958413124084,0.7318820953369141,0.8675393462181091,1.3231898248195648,0.8124249577522278,0.8882556855678558,1.5,1.0,1.0,1.9078040499544204,0.9679978370666504,0.9536697506904602,0.8800237398290575,0.806912112236023,0.9122370719909668
2025-05-01 13:33:41.365625,1.8506838083267212,0.8929678201675415,0.9089720249176025,0.7956958413124084,0.7318820953369141,0.8675393462181091,1.3231898248195648,0.8124249577522278,0.8882556855678558,1.5,1.0,1.0,1.9078040499544204,0.9679978370666504,0.9536697506904602,0.8800237398290575,0.806912112236023,0.9122370719909668
2025-05-01 13:33:41.466095,1.8506838083267212,0.8929678201675415,0.9089720249176025,0.7956958413124084,0.7318820953369141,0.8675393462181091,1.3231898248195648,0.8124249577522278,0.8882556855678558,1.5,1.0,1.0,1.9078040499544204,0.9679978370666504,0.9536697506904602,0.8800237398290575,0.806912112236023,0.9122370719909668
2025-05-01 13:33:41.574476,1.8506838083267212,0.8929678201675415,0.9089720249176025,0.7956958413124084,0.7318820953369141,0.8675393462181091,1.3231898248195648,0.8124249577522278,0.8882556855678558,1.5,1.0,1.0,1.9078040499544204,0.9679978370666504,0.9536697506904602,0.8800237398290575,0.806912112236023,0.9122370719909668
2025-05-01 13:33:41.682995,1.8506838083267212,0.8929678201675415,0.9089720249176025,0.7956958413124084,0.7318820953369141,0.8675393462181091,1.3231898248195648,0.8124249577522278,0.8882556855678558,1.5,1.0,1.0,1.9078040499544204,0.9679978370666504,0.9536697506904602,0.8800237398290575,0.806912112236023,0.9122370719909668
2025-05-01 13:33:41.790813,1.8506838083267212,0.8929678201675415,0.9089720249176025,0.7956958413124084,0.7318820953369141,0.8675393462181091,1.3231898248195648,0.8124249577522278,0.8882556855678558,1.5,1.0,1.0,1.9078040499544204,0.9679978370666504,0.9536697506904602,0.8800237398290575,0.806912112236023,0.9122370719909668
2025-05-01 13:33:41.893173,1.8506838083267212,0.8929678201675415,0.9089720249176025,0.7956958413124084,0.7318820953369141,0.8675393462181091,1.3231898248195648,0.8124249577522278,0.8882556855678558,1.5,1.0,1.0,1.9078040499544204,0.9679978370666504,0.9536697506904602,0.8800237398290575,0.806912112236023,0.9122370719909668
2025-05-01 13:33:41.995093,1.8506838083267212,0.8929678201675415,0.9089720249176025,0.7956958413124084,0.7318820953369141,0.8675393462181091,1.3231898248195648,0.8124249577522278,0.8882556855678558,1.5,1.0,1.0,1.9078040499544204,0.9679978370666504,0.9536697506904602,0.8800237398290575,0.806912112236023,0.9122370719909668
2025-05-01 13:33:42.097348,1.8506838083267212,0.8929678201675415,0.9089720249176025,0.7956958413124084,0.7318820953369141,0.8675393462181091,1.3231898248195648,0.8124249577522278,0.8882556855678558,1.5,1.0,1.0,1.9078040499544204,0.9679978370666504,0.9536697506904602,0.8800237398290575,0.806912112236023,0.9122370719909668
2025-05-01 13:33:42.204016,1.8506838083267212,0.8929678201675415,0.9089720249176025,0.7956958413124084,0.7318820953369141,0.8675393462181091,1.3231898248195648,0.8124249577522278,0.8882556855678558,1.5,1.0,1.0,1.9078040499544204,0.9679978370666504,0.9536697506904602,0.8800237398290575,0.806912112236023,0.9122370719909668
2025-05-01 13:33:42.309812,1.8506838083267212,0.8929678201675415,0.9089720249176025,0.7956958413124084,0.7318820953369141,0.8675393462181091,1.3231898248195648,0.8124249577522278,0.8882556855678558,1.5,1.0,1.0,1.9078040499544204,0.9679978370666504,0.9536697506904602,0.8800237398290575,0.806912112236023,0.9122370719909668
2025-05-01 13:33:42.413274,1.8506838083267212,0.8929678201675415,0.9089720249176025,0.7956958413124084,0.7318820953369141,0.8675393462181091,1.3231898248195648,0.8124249577522278,0.8882556855678558,1.5,1.0,1.0,1.9078040499544204,0.9679978370666504,0.9536697506904602,0.8800237398290575,0.806912112236023,0.9122370719909668
2025-05-01 13:33:42.543623,1.8507026433944702,0.8930419683456421,0.9089877605438232,0.79561847448349,0.7317760586738586,0.8674892783164978,1.32316055893898,0.8124090135097504,0.8882385194301605,1.5,1.0,1.0,1.9078096370075712,0.968078362941742,0.953692352771759,0.8799830337192048,0.8068124532699585,0.9121938705444336
2025-05-01 13:33:42.648342,1.8507118225097656,0.8930463790893555,0.908978283405304,0.7957326769828796,0.7319076061248779,0.8674468994140625,1.3232222497463226,0.8124769926071167,0.8882125914096832,1.5,1.0,1.0,1.9078184697077107,0.9680555820465088,0.9536932468414306,0.8800482299878764,0.8069168090820312,0.9121618628501892
2025-05-01 13:33:42.748553,1.850701928138733,0.8930283188819885,0.9089709520339966,0.7954331040382385,0.7316049337387085,0.8673237562179565,1.3230675160884857,0.8123166263103485,0.8881473541259766,1.5,1.0,1.0,1.9078037454245624,0.9681016683578492,0.953712010383606,0.8798772738816203,0.8066782832145691,0.9120648145675659
2025-05-01 13:33:42.849736,1.8507072925567627,0.8930075168609619,0.9089670777320862,0.7954918742179871,0.7316623330116272,0.8672958612442017,1.3230995833873749,0.8123349249362946,0.8881314694881439,1.5,1.0,1.0,1.9078090086097679,0.9680735468864441,0.9537144899368286,0.879910491455082,0.8067283630371094,0.9120432734489441
2025-05-01 13:33:42.950566,1.8507006168365479,0.8930103778839111,0.9089948534965515,0.7956538796424866,0.7317782640457153,0.8674849271774292,1.3231772482395172,0.8123943209648132,0.8882398903369904,1.5,1.0,1.0,1.9078092610128525,0.9680526494979859,0.9536988973617554,0.8800034368745681,0.8068205356597901,0.9121889710426331
2025-05-01 13:33:43.053305,1.8507006168365479,0.8930103778839111,0.9089948534965515,0.7956538796424866,0.7317782640457153,0.8674849271774292,1.3231772482395172,0.8123943209648132,0.8882398903369904,1.5,1.0,1.0,1.9078092610128525,0.9680526494979859,0.9536988973617554,0.8800034368745681,0.8068205356597901,0.9121889710426331
2025-05-01 13:33:43.155868,1.8507006168365479,0.8930103778839111,0.9089948534965515,0.7956538796424866,0.7317782640457153,0.8674849271774292,1.3231772482395172,0.8123943209648132,0.8882398903369904,1.5,1.0,1.0,1.9078092610128525,0.9680526494979859,0.9536988973617554,0.8800034368745681,0.8068205356597901,0.9121889710426331
2025-05-01 13:33:43.258617,1.8507006168365479,0.8930103778839111,0.9089948534965515,0.7956538796424866,0.7317782640457153,0.8674849271774292,1.3231772482395172,0.8123943209648132,0.8882398903369904,1.5,1.0,1.0,1.9078092610128525,0.9680526494979859,0.9536988973617554,0.8800034368745681,0.8068205356597901,0.9121889710426331
2025-05-01 13:33:43.361907,1.8507006168365479,0.8930103778839111,0.9089948534965515,0.7956538796424866,0.7317782640457153,0.8674849271774292,1.3231772482395172,0.8123943209648132,0.8882398903369904,1.5,1.0,1.0,1.9078092610128525,0.9680526494979859,0.9536988973617554,0.8800034368745681,0.8068205356597901,0.9121889710426331
2025-05-01 13:33:43.468178,1.8507006168365479,0.8930103778839111,0.9089948534965515,0.7956538796424866,0.7317782640457153,0.8674849271774292,1.3231772482395172,0.8123943209648132,0.8882398903369904,1.5,1.0,1.0,1.9078092610128525,0.9680526494979859,0.9536988973617554,0.8800034368745681,0.8068205356597901,0.9121889710426331
2025-05-01 13:33:43.575346,1.8507006168365479,0.8930103778839111,0.9089948534965515,0.7956538796424866,0.7317782640457153,0.8674849271774292,1.3231772482395172,0.8123943209648132,0.8882398903369904,1.5,1.0,1.0,1.9078092610128525,0.9680526494979859,0.9536988973617554,0.8800034368745681,0.8068205356597901,0.9121889710426331
2025-05-01 13:33:43.680022,1.8507006168365479,0.8930103778839111,0.9089948534965515,0.7956538796424866,0.7317782640457153,0.8674849271774292,1.3231772482395172,0.8123943209648132,0.8882398903369904,1.5,1.0,1.0,1.9078092610128525,0.9680526494979859,0.9536988973617554,0.8800034368745681,0.8068205356597901,0.9121889710426331
2025-05-01 13:33:43.781472,1.8507006168365479,0.8930103778839111,0.9089948534965515,0.7956538796424866,0.7317782640457153,0.8674849271774292,1.3231772482395172,0.8123943209648132,0.8882398903369904,1.5,1.0,1.0,1.9078092610128525,0.9680526494979859,0.9536988973617554,0.8800034368745681,0.8068205356597901,0.9121889710426331
2025-05-01 13:33:43.888478,1.8507102727890015,0.893048107624054,0.9089826345443726,0.7956278920173645,0.7317866683006287,0.8674774169921875,1.323169082403183,0.8124173879623413,0.88823002576828,1.5,1.0,1.0,1.9078142929154833,0.9680811524391174,0.9536906242370605,0.8799886059683363,0.8068197131156921,0.9121854066848755
2025-05-01 13:33:43.988769,1.8506991863250732,0.8930118083953857,0.9089695811271667,0.7954361438751221,0.7315650582313538,0.867342472076416,1.3230676651000977,0.8122884333133698,0.8881560266017914,1.5,1.0,1.0,1.907801536618758,0.9680964350700378,0.9537071704864502,0.8798796615013591,0.8066496849060059,0.9120800614356994
2025-05-01 13:33:44.089715,1.8506975173950195,0.8929979205131531,0.9089727401733398,0.7955234050750732,0.7316937446594238,0.8673181533813477,1.3231104612350464,0.8123458325862885,0.8881454467773438,1.5,1.0,1.0,1.90780441068899,0.9680595874786377,0.9537145614624023,0.8799281427930657,0.8067554116249085,0.9120599746704101
2025-05-01 13:33:44.190402,1.8507121801376343,0.893049418926239,0.9089865684509277,0.7956157922744751,0.7317439317703247,0.8673772215843201,1.3231639862060547,0.8123966753482819,0.8881818950176239,1.5,1.0,1.0,1.9078133311637677,0.9680907487869262,0.9537138104438782,0.8799834522834978,0.8067852616310119,0.9121044635772705
2025-05-01 13:33:44.290511,1.850703239440918,0.8930183053016663,0.9089745283126831,0.7954637408256531,0.7316025495529175,0.8673183917999268,1.3230834901332855,0.8123104274272919,0.8881464600563049,1.5,1.0,1.0,1.907804621196354,0.9680941343307495,0.9537159442901612,0.8798955669635887,0.8066783785820008,0.9120598077774048
2025-05-01 13:33:44.390654,1.8506873846054077,0.8929613828659058,0.9089656472206116,0.7955322265625,0.7316226363182068,0.8672853708267212,1.3231098055839539,0.8122920095920563,0.8881255090236664,1.5,1.0,1.0,1.9077970400640882,0.9680445790290833,0.953715443611145,0.8799347266366564,0.8067058324813843,0.9120351672172546
2025-05-01 13:33:44.491607,1.8507208824157715,0.8930364847183228,0.9089741110801697,0.7956116199493408,0.7317021489143372,0.867356538772583,1.3231662511825562,0.81236931681633,0.8881653249263763,1.5,1.0,1.0,1.9078176485866574,0.9680887579917907,0.9537079811096192,0.87998185283241,0.8067544221878051,0.9120904088020325
2025-05-01 13:33:44.598632,1.8507091999053955,0.8930232524871826,0.9089955687522888,0.7957198023796082,0.7318916320800781,0.8674653172492981,1.3232145011425018,0.8124574422836304,0.8882304430007935,1.5,1.0,1.0,1.9078171458155253,0.9680402755737305,0.9537033915519715,0.8800402555554769,0.806908655166626,0.9121731400489808
2025-05-01 13:33:44.699379,1.8507039546966553,0.8930099606513977,0.9089683294296265,0.7956163287162781,0.7317620515823364,0.8673413395881653,1.3231601417064667,0.8123860061168671,0.8881548345088959,1.5,1.0,1.0,1.907809975675524,0.9680555582046508,0.9537063956260681,0.8799821943722359,0.8068076491355896,0.9120794057846069
2025-05-01 13:33:44.800548,1.8506907224655151,0.8929531574249268,0.9089823365211487,0.7953924536705017,0.7315358519554138,0.8673422932624817,1.3230415880680084,0.8122445046901703,0.8881623148918152,1.5,1.0,1.0,1.9077973336286247,0.9680553555488587,0.9537174105644226,0.8798525720529855,0.8066380500793457,0.9120773673057556
2025-05-01 13:33:44.908642,1.8507018089294434,0.8929893970489502,0.9089836478233337,0.7956305742263794,0.7317372560501099,0.8673521876335144,1.3231661915779114,0.81236332654953,0.8881679177284241,1.5,1.0,1.0,1.9078084855067676,0.9680440664291382,0.9537164807319641,0.879990944386726,0.8067919254302979,0.9120850205421448
2025-05-01 13:33:45.009207,1.8507137298583984,0.8930330276489258,0.9089821577072144,0.7956085801124573,0.7317471504211426,0.8673638105392456,1.3231611549854279,0.8123900890350342,0.88817298412323,1.5,1.0,1.0,1.9078148045363705,0.9680769920349122,0.9537129640579224,0.8799785814461428,0.806791114807129,0.9120946168899536
2025-05-01 13:33:45.109719,1.850696325302124,0.8929927349090576,0.9089711308479309,0.7954303622245789,0.7315375804901123,0.8673288822174072,1.3230633437633514,0.812265157699585,0.8881500065326691,1.5,1.0,1.0,1.9077994551501127,0.9680866718292236,0.9537111282348633,0.8798765573659089,0.8066315174102783,0.9120688796043396
2025-05-01 13:33:45.210199,1.8506925106048584,0.8929614424705505,0.9089834690093994,0.7955812811851501,0.7316628098487854,0.8673547506332397,1.3231368958950043,0.812312126159668,0.8881691098213196,1.5,1.0,1.0,1.9078016218262874,0.9680365920066833,0.9537158250808716,0.8799626532477176,0.8067379593849182,0.9120871067047119
2025-05-01 13:33:45.310833,1.8507041931152344,0.8930075168609619,0.908985435962677,0.7956495881080627,0.7317437529563904,0.8674741387367249,1.3231768906116486,0.8123756349086761,0.8882297873497009,1.5,1.0,1.0,1.9078104597456516,0.9680572628974915,0.9536935210227966,0.8800018089883268,0.80679349899292,0.9121822237968444
2025-05-01 13:33:45.411338,1.850713849067688,0.8930289149284363,0.908969521522522,0.7956550121307373,0.7317761778831482,0.8674643635749817,1.3231844305992126,0.8124025464057922,0.8882169425487518,1.5,1.0,1.0,1.9078166443361906,0.9680678963661193,0.9536827445030213,0.8800046723828646,0.8068151593208313,0.912177586555481
2025-05-01 13:33:45.512262,1.850690484046936,0.8929523825645447,0.9089675545692444,0.7954676747322083,0.7316024899482727,0.8673108816146851,1.3230790793895721,0.8122774362564087,0.8881392180919647,1.5,1.0,1.0,1.9077989128034258,0.9680414080619812,0.9537118673324585,0.8798959824640608,0.8066915154457093,0.9120551943778992
2025-05-01 13:33:45.612303,1.8507130146026611,0.8930169939994812,0.9089775681495667,0.7955301403999329,0.7316597700119019,0.8673019409179688,1.323121577501297,0.8123383820056915,0.8881397545337677,1.5,1.0,1.0,1.9078119640371998,0.9680816411972046,0.9537216663360596,0.8799339289643566,0.8067244172096253,0.9120460391044617
2025-05-01 13:33:45.718835,1.850709319114685,0.8930261731147766,0.9089879989624023,0.7956920862197876,0.7318732738494873,0.8673601150512695,1.3232007026672363,0.812449723482132,0.8881740570068359,1.5,1.0,1.0,1.9078158830815541,0.9680462837219238,0.9537183761596679,0.8800249601191295,0.8068933844566345,0.9120904922485351
2025-05-01 13:33:45.819443,1.8506972789764404,0.8930150866508484,0.9089733362197876,0.795590877532959,0.7317088842391968,0.8673692345619202,1.3231440782546997,0.8123619854450226,0.8881712853908539,1.5,1.0,1.0,1.9078044342308738,0.9680702924728394,0.9537048220634461,0.8799684596747659,0.8067640900611878,0.9121007204055787
2025-05-01 13:33:45.919691,1.8506965637207031,0.8929932713508606,0.9089829921722412,0.7955594062805176,0.7316640019416809,0.8674210906028748,1.3231279850006104,0.8123286366462708,0.888202041387558,1.5,1.0,1.0,1.907803712186998,0.9680618166923523,0.953702175617218,0.8799498698137345,0.8067325472831726,0.9121402740478516
2025-05-01 13:33:46.022367,1.8507076501846313,0.8930227160453796,0.9089869856834412,0.7956418991088867,0.7317566275596619,0.8674854636192322,1.323174774646759,0.8123896718025208,0.8882362246513367,1.5,1.0,1.0,1.907812567022578,0.9680668473243713,0.9536924958229065,0.8799971625535328,0.8068007588386535,0.9121909737586975
2025-05-01 13:33:46.129571,1.8507053852081299,0.8930060863494873,0.9089802503585815,0.7955564260482788,0.7316810488700867,0.8673046231269836,1.3231309056282043,0.812343567609787,0.8881424367427826,1.5,1.0,1.0,1.9078082756178139,0.9680686593055725,0.9537232756614685,0.8799488111360313,0.8067436218261719,0.9120476484298706
2025-05-01 13:33:46.231246,1.8506944179534912,0.8929969072341919,0.9089648723602295,0.7956019043922424,0.7316920161247253,0.8673553466796875,1.3231481611728668,0.8123444616794586,0.8881601095199585,1.5,1.0,1.0,1.9078026809811044,0.9680591225624084,0.9537008285522461,0.8799751124263357,0.8067542314529419,0.9120913028717041
2025-05-01 13:33:46.331581,1.8507055044174194,0.8930121660232544,0.9089758396148682,0.7955020666122437,0.7316426038742065,0.8673034906387329,1.3231037855148315,0.8123273849487305,0.8881396651268005,1.5,1.0,1.0,1.9078071611221057,0.9680812120437622,0.953719973564148,0.8799173814956922,0.8067116498947143,0.9120476245880127
2025-05-01 13:33:46.432614,1.8507074117660522,0.8929986953735352,0.9089785814285278,0.795654296875,0.7317407727241516,0.8674482107162476,1.3231808543205261,0.8123697340488434,0.8882133960723877,1.5,1.0,1.0,1.9078124153824887,0.9680508017539978,0.9536932229995727,0.8800046098021426,0.8067928791046143,0.9121628522872924
2025-05-01 13:33:46.539428,1.8507035970687866,0.8930018544197083,0.9089714884757996,0.7956019639968872,0.7317030429840088,0.8673534393310547,1.323152780532837,0.8123524487018585,0.8881624639034271,1.5,1.0,1.0,1.9078083279709277,0.9680608749389649,0.9537065029144287,0.8799750086684766,0.8067620635032654,0.9120884537696838
2025-05-01 13:33:46.639771,1.8506948947906494,0.892981767654419,0.9089722037315369,0.7954534292221069,0.7315627336502075,0.86732017993927,1.3230741620063782,0.8122722506523132,0.8881461918354034,1.5,1.0,1.0,1.90779955223146,0.9680728673934936,0.9537137269973754,0.8798894421761939,0.8066538333892822,0.9120617032051086
2025-05-01 13:33:46.741332,1.8506972789764404,0.8929897546768188,0.9089785814285278,0.795612096786499,0.7317290902137756,0.8673593401908875,1.3231546878814697,0.8123594224452972,0.8881689608097076,1.5,1.0,1.0,1.9078056395286083,0.9680459856986999,0.9537109971046448,0.8799799859291555,0.8067853212356567,0.9120917558670044
2025-05-01 13:33:46.841619,1.850712537765503,0.893047034740448,0.9089841246604919,0.7955932021141052,0.7317287921905518,0.8673741817474365,1.323152869939804,0.8123879134654999,0.8881791532039642,1.5,1.0,1.0,1.9078132120034879,0.9680918693542481,0.9537124633789062,0.879970231924277,0.8067736268043518,0.9121025204658508
2025-05-01 13:33:46.941715,1.8506978750228882,0.8929900527000427,0.9089612364768982,0.795578122138977,0.7316799163818359,0.8673503994941711,1.3231379985809326,0.8123349845409393,0.8881558179855347,1.5,1.0,1.0,1.9078046532481234,0.968056058883667,0.9536989092826843,0.8799609450489958,0.8067459225654602,0.9120880722999573
2025-05-01 13:33:47.049451,1.8506919145584106,0.8929699659347534,0.9089714288711548,0.7955982685089111,0.7316558957099915,0.8673458099365234,1.3231450915336609,0.8123129308223724,0.8881586194038391,1.5,1.0,1.0,1.9078007790732407,0.9680447936058044,0.9537079811096192,0.8799733307671522,0.8067307233810425,0.9120823621749878
2025-05-01 13:33:47.149464,1.8507143259048462,0.8930302262306213,0.9089768528938293,0.795603334903717,0.7317100167274475,0.8673760294914246,1.3231588304042816,0.8123701214790344,0.888176441192627,1.5,1.0,1.0,1.9078142760938055,0.9680821776390076,0.9537062764167785,0.8799763203913324,0.8067619681358338,0.9121054530143737
2025-05-01 13:33:47.251115,1.850698471069336,0.8930229544639587,0.9089899659156799,0.7956020832061768,0.7317443490028381,0.8673763871192932,1.3231502771377563,0.8123836517333984,0.8881831765174866,1.5,1.0,1.0,1.9078058845742585,0.9680694937705994,0.9537166953086853,0.8799744479910492,0.8067908883094788,0.9121031165122986
2025-05-01 13:33:47.359449,1.850696086883545,0.8930139541625977,0.9089747667312622,0.7955912351608276,0.731731653213501,0.8673698306083679,1.3231436610221863,0.8123728036880493,0.8881722986698151,1.5,1.0,1.0,1.9078044305073691,0.968064832687378,0.9537058472633362,0.8799679627192543,0.8067825317382813,0.9121009111404419
2025-05-01 13:33:47.459713,1.850691556930542,0.8929824233055115,0.9089689254760742,0.7954078316688538,0.7315296530723572,0.8673384785652161,1.3230496942996979,0.8122560381889343,0.8881537020206451,1.5,1.0,1.0,1.9077968017048461,0.9680800080299378,0.9537074446678162,0.8798628314547913,0.8066272377967835,0.912076997756958
2025-05-01 13:33:47.560959,1.8507112264633179,0.8930482864379883,0.9089863300323486,0.7955568432807922,0.731702983379364,0.8672911524772644,1.323134034872055,0.8123756349086761,0.8881387412548065,1.5,1.0,1.0,1.90781102892377,0.9680980324745179,0.953730833530426,0.8799498129226961,0.8067527294158936,0.9120356559753418
2025-05-01 13:33:47.661822,1.8507074117660522,0.8930442929267883,0.9089804887771606,0.7956058979034424,0.7317684888839722,0.8673658967018127,1.3231566548347473,0.8124063909053802,0.8881731927394867,1.5,1.0,1.0,1.9078113382319615,0.9680817365646363,0.953711211681366,0.8799766475697354,0.8068059325218201,0.9120966196060181
2025-05-01 13:33:47.762446,1.8506947755813599,0.8929954171180725,0.9089682102203369,0.7954458594322205,0.7315636277198792,0.8673192262649536,1.3230703175067902,0.8122795224189758,0.8881437182426453,1.5,1.0,1.0,1.9077991371945542,0.9680836081504822,0.9537107229232789,0.879885243813594,0.8066518187522889,0.9120617389678956
2025-05-01 13:33:47.869492,1.850687861442566,0.8929665088653564,0.9089746475219727,0.7956106066703796,0.7317092418670654,0.8673595786094666,1.3231492340564728,0.8123378753662109,0.8881671130657196,1.5,1.0,1.0,1.9078001047142168,0.968031358718872,0.9537078022956849,0.8799789761535505,0.806774091720581,0.9120927333831788
2025-05-01 13:33:47.971774,1.8507083654403687,0.8930129408836365,0.908983051776886,0.7956158518791199,0.7318180799484253,0.8674959540367126,1.3231621086597443,0.8124155104160309,0.8882395029067993,1.5,1.0,1.0,1.9078153239647087,0.9680467367172241,0.9536872506141663,0.8799792064269846,0.8068518757820129,0.9122001528739929
2025-05-01 13:33:48.078797,1.850710153579712,0.8930346965789795,0.9089874625205994,0.7956201434135437,0.7317510843276978,0.8673720359802246,1.3231651484966278,0.8123928904533386,0.888179749250412,1.5,1.0,1.0,1.907812712885203,0.968077540397644,0.9537155628204346,0.8799854653107504,0.8067939281463623,0.9121001362800598
2025-05-01 13:33:48.179036,1.850700855255127,0.8930168151855469,0.9089694023132324,0.7954536080360413,0.731592059135437,0.8673275709152222,1.323077231645584,0.8123044371604919,0.8881484866142273,1.5,1.0,1.0,1.9078030492245628,0.9680950403213501,0.9537100076675415,0.8798896287501382,0.8066702842712402,0.9120681762695313
2025-05-01 13:33:48.279346,1.8506911993026733,0.892970860004425,0.9089733362197876,0.7956022620201111,0.7317883968353271,0.8674812912940979,1.3231467306613922,0.8123796284198761,0.8882273137569427,1.5,1.0,1.0,1.907805351292278,0.9680190086364746,0.9536824107170105,0.8799707255013928,0.8068365454673767,0.9121903657913208
2025-05-01 13:33:48.381253,1.850714921951294,0.8930487632751465,0.9089763164520264,0.7957336902618408,0.7318997979164124,0.8674449324607849,1.3232243061065674,0.8124742805957794,0.8882106244564056,1.5,1.0,1.0,1.907820026901877,0.9680590510368348,0.9536920666694642,0.8800491404260039,0.8069100856781006,0.9121606826782227
2025-05-01 13:33:48.481490,1.8507143259048462,0.8930146098136902,0.9089733362197876,0.7954395413398743,0.7315592169761658,0.8673320412635803,1.3230769336223602,0.812286913394928,0.888152688741684,1.5,1.0,1.0,1.9078102773594974,0.968099844455719,0.953712260723114,0.879882042987335,0.8066444516181945,0.9120709657669067
2025-05-01 13:33:48.589213,1.850697636604309,0.8929880857467651,0.9089658856391907,0.7955008745193481,0.7316272258758545,0.8672780990600586,1.3230992555618286,0.8123076558113098,0.8881219923496246,1.5,1.0,1.0,1.9078025665216432,0.9680650234222412,0.9537170886993408,0.8799165401525512,0.8067041635513306,0.9120293021202087
2025-05-01 13:33:48.689524,1.8506981134414673,0.8929778337478638,0.9089770317077637,0.7955639958381653,0.7316633462905884,0.8673648238182068,1.3231310546398163,0.8123205900192261,0.8881709277629852,1.5,1.0,1.0,1.9078046893561422,0.9680495977401733,0.9537086606025695,0.8799525762116372,0.8067351102828979,0.9120964527130127
2025-05-01 13:33:48.789660,1.8507121801376343,0.8930304646492004,0.9089854955673218,0.795680582523346,0.7318798899650574,0.867362380027771,1.3231963813304901,0.8124551773071289,0.8881739377975464,1.5,1.0,1.0,1.907817742106929,0.9680483937263489,0.9537159204483032,0.8800179154896592,0.8068978190422058,0.9120928049087524
2025-05-01 13:33:48.891938,1.8507053852081299,0.8930087089538574,0.908964991569519,0.7954652905464172,0.7316001057624817,0.8673058748245239,1.3230853378772736,0.8123044073581696,0.8881354331970215,1.5,1.0,1.0,1.9078061030094322,0.9680869460105896,0.9537108182907105,0.8798963024432961,0.8066783428192139,0.9120517015457154
2025-05-01 13:33:48.999575,1.850708246231079,0.8930131196975708,0.9089721441268921,0.7954683899879456,0.7315912842750549,0.8673239350318909,1.3230883181095123,0.8123022019863129,0.8881480395793915,1.5,1.0,1.0,1.9078075042401959,0.9680922389030456,0.9537129282951355,0.8798984774912189,0.8066704034805298,0.9120647192001343
2025-05-01 13:33:49.101204,1.8506895303726196,0.8929851055145264,0.9089854955673218,0.7954593896865845,0.7315787672996521,0.8673173785209656,1.323074460029602,0.8122819364070892,0.8881514370441437,1.5,1.0,1.0,1.9077965639632124,0.9680723309516907,0.9537249207496643,0.87989278807231,0.8066659927368164,0.9120568037033081
2025-05-01 13:33:49.201592,1.8507050275802612,0.8930221796035767,0.908985435962677,0.7956625819206238,0.7317732572555542,0.8674659729003906,1.3231838047504425,0.8123977184295654,0.8882257044315338,1.5,1.0,1.0,1.907811315350158,0.9680630922317505,0.9536951541900635,0.880009250350373,0.806814169883728,0.9121756911277771
2025-05-01 13:33:49.309919,1.8507102727890015,0.8930040597915649,0.9089731574058533,0.795516312122345,0.7316613793373108,0.8673163652420044,1.3231132924556732,0.8123327195644379,0.8881447613239288,1.5,1.0,1.0,1.9078109323485317,0.9680709719657898,0.9537152528762818,0.8799250185982761,0.8067282915115357,0.9120584607124329
2025-05-01 13:33:49.411905,1.850698471069336,0.8929992318153381,0.9089751243591309,0.7955244183540344,0.731628954410553,0.8672940731048584,1.3231114447116852,0.8123140931129456,0.8881345987319946,1.5,1.0,1.0,1.9078027796385826,0.96807359457016,0.953721284866333,0.8799309540154397,0.8067033171653748,0.9120402336120605
2025-05-01 13:33:49.513274,1.8507051467895508,0.8930100798606873,0.9089905023574829,0.7955771088600159,0.7316733598709106,0.8674144744873047,1.3231411278247833,0.812341719865799,0.8882024884223938,1.5,1.0,1.0,1.9078085047090065,0.9680733919143677,0.9537095069885254,0.8799608486807335,0.8067366719245911,0.9121334791183472
2025-05-01 13:33:49.619134,1.8507049083709717,0.8929917812347412,0.9089981913566589,0.7956045866012573,0.7317115068435669,0.8673621416091919,1.3231547474861145,0.812351644039154,0.8881801664829254,1.5,1.0,1.0,1.9078095310502279,0.9680511236190796,0.9537261247634887,0.8799761659331096,0.8067708492279053,0.9120900750160217
2025-05-01 13:33:49.719228,1.8506896495819092,0.8929696083068848,0.9089699387550354,0.7955353856086731,0.7316563725471497,0.8672822117805481,1.3231125175952911,0.8123129904270172,0.8881260752677917,1.5,1.0,1.0,1.9077991092516149,0.9680444121360778,0.9537195086479187,0.8799359118627345,0.8067311763763427,0.9120317816734314
2025-05-01 13:33:49.819500,1.8506922721862793,0.8929639458656311,0.908977746963501,0.7955031991004944,0.7316170334815979,0.8673093914985657,1.3230977356433868,0.8122904896736145,0.8881435692310333,1.5,1.0,1.0,1.9077999019940444,0.9680477499961853,0.9537203192710877,0.8799173807780198,0.806700837612152,0.9120519638061524
2025-05-01 13:33:49.919574,1.8507190942764282,0.8930578827857971,0.908980667591095,0.7956228852272034,0.7317492961883545,0.8673596382141113,1.3231709897518158,0.8124035894870758,0.8881701529026031,1.5,1.0,1.0,1.907817294569414,0.9680964469909668,0.9537126064300537,0.8799878931327648,0.8067878603935241,0.9120915770530701
2025-05-01 13:33:50.019624,1.8507033586502075,0.8930226564407349,0.9089731574058533,0.7955177426338196,0.7316707372665405,0.8673037886619568,1.3231105506420135,0.8123466968536377,0.888138473033905,1.5,1.0,1.0,1.9078063862594223,0.9680839776992798,0.9537177681922913,0.8799262745109939,0.8067320585250854,0.9120483994483948
2025-05-01 13:33:50.120923,1.850684642791748,0.8929509520530701,0.9089672565460205,0.795461893081665,0.7315463423728943,0.8673024773597717,1.3230732679367065,0.8122486472129822,0.8881348669528961,1.5,1.0,1.0,1.9077936915761795,0.9680514931678772,0.953713309764862,0.8798942299478685,0.8066468834877014,0.9120485305786132
2025-05-01 13:33:50.221070,1.8507148027420044,0.8930118680000305,0.9089813232421875,0.7955361604690552,0.7316452860832214,0.8672919869422913,1.3231254816055298,0.812328577041626,0.8881366550922394,1.5,1.0,1.0,1.9078126368695296,0.9680804371833801,0.9537266612052917,0.8799379410571062,0.806713855266571,0.9120373249053955
2025-05-01 13:33:50.322295,1.850716471672058,0.8930484652519226,0.908994734287262,0.7956609725952148,0.7317600846290588,0.8674694895744324,1.3231887221336365,0.8124042749404907,0.8882321119308472,1.5,1.0,1.0,1.9078169772569913,0.9680867552757263,0.9537018895149231,0.8800094893033724,0.8067983746528625,0.9121766448020935
2025-05-01 13:33:50.429364,1.8507044315338135,0.893020749092102,0.9089661836624146,0.7955710291862488,0.7316875457763672,0.8673632144927979,1.3231377303600311,0.8123541474342346,0.8881646990776062,1.5,1.0,1.0,1.9078079851265974,0.9680790901184082,0.9537003040313721,0.87995729130544,0.8067458868026733,0.9120973348617554
2025-05-01 13:33:50.530908,1.8506804704666138,0.8929254412651062,0.9089717864990234,0.7954427599906921,0.7315462231636047,0.8673148155212402,1.323061615228653,0.8122358322143555,0.8881433010101318,1.5,1.0,1.0,1.9077920529138623,0.968031108379364,0.9537144660949707,0.8798818853605211,0.8066518902778625,0.9120574951171875
2025-05-01 13:33:50.631439,1.8507227897644043,0.8930419087409973,0.9089764356613159,0.7956134676933289,0.7317200303077698,0.8673610091209412,1.3231681287288666,0.8123809695243835,0.8881687223911285,1.5,1.0,1.0,1.9078191861500369,0.9680895209312439,0.9537089467048645,0.879982568324603,0.8067676424980164,0.9120935201644897
2025-05-01 13:33:50.739533,1.85071861743927,0.8930665850639343,0.9089983701705933,0.7956442832946777,0.7317870855331421,0.8674815893173218,1.3231814503669739,0.8124268352985382,0.8882399797439575,1.5,1.0,1.0,1.9078186447949848,0.968095850944519,0.9537023782730103,0.8799990956453838,0.8068163514137268,0.9121855974197388
2025-05-01 13:33:50.839942,1.8507096767425537,0.8930259943008423,0.9089676141738892,0.7955136895179749,0.7316575646400452,0.8672923445701599,1.3231116831302643,0.8123417794704437,0.8881299793720245,1.5,1.0,1.0,1.9078096576979695,0.9680892825126648,0.9537156224250793,0.8799243620583477,0.8067208528518677,0.9120403528213501
2025-05-01 13:33:50.940097,1.8506776094436646,0.892947793006897,0.9089732766151428,0.7954332828521729,0.7315565943717957,0.8673429489135742,1.3230554461479187,0.8122521936893463,0.8881581127643585,1.5,1.0,1.0,1.9077901982502081,0.9680469155311584,0.9537100315093994,0.8798763371272942,0.8066557168960571,0.9120797038078308
2025-05-01 13:33:51.041522,1.8506988286972046,0.8929885625839233,0.9089824557304382,0.795533299446106,0.7316386699676514,0.8672993183135986,1.3231160640716553,0.8123136162757874,0.8881408870220184,1.5,1.0,1.0,1.9078035728904257,0.9680631160736084,0.9537261009216309,0.8799357039955606,0.8067132234573364,0.9120429635047913
2025-05-01 13:33:51.141667,1.8507157564163208,0.8930531740188599,0.9089870452880859,0.7955731749534607,0.7317255139350891,0.8673905730247498,1.3231444656848907,0.8123893439769745,0.8881888091564178,1.5,1.0,1.0,1.9078150205625604,0.9680974364280701,0.9537115216255188,0.8799583382593085,0.8067697763442994,0.9121150493621826
2025-05-01 13:33:51.249252,1.8507152795791626,0.8930416107177734,0.9089721441268921,0.7955188751220703,0.7316449284553528,0.867278516292572,1.3231170773506165,0.8123432695865631,0.8881253302097321,1.5,1.0,1.0,1.9078120235423157,0.9681043028831482,0.9537220120429992,0.8799284692784239,0.8067076206207275,0.9120283842086792
2025-05-01 13:33:51.349488,1.850680947303772,0.8929125666618347,0.9089745283126831,0.7954944968223572,0.7316142916679382,0.8673024773597717,1.3230877220630646,0.8122634291648865,0.8881385028362274,1.5,1.0,1.0,1.9077945408017112,0.9680071949958802,0.9537191271781922,0.8799107256739662,0.8067089200019837,0.9120470762252808
2025-05-01 13:33:51.451820,1.8507072925567627,0.8929776549339294,0.9089818596839905,0.795699417591095,0.7319008111953735,0.8675435781478882,1.3232033550739288,0.8124392330646515,0.8882627189159393,1.5,1.0,1.0,1.907818413487412,0.9680019617080688,0.9536767721176147,0.8800256126013025,0.8069251179695129,0.9122384905815124
2025-05-01 13:33:51.552188,1.850722312927246,0.8930462598800659,0.9089778661727905,0.79559725522995,0.7317448854446411,0.8673818111419678,1.323159784078598,0.8123955726623535,0.8881798386573792,1.5,1.0,1.0,1.9078197087391002,0.9680880308151245,0.9537059307098389,0.8799720321552175,0.8067866563796997,0.9121098756790161
2025-05-01 13:33:51.659122,1.8507014513015747,0.8930090069770813,0.9089736342430115,0.7954407930374146,0.7315671443939209,0.867322564125061,1.3230711221694946,0.8122880756855011,0.8881480991840363,1.5,1.0,1.0,1.9078028507029936,0.9680937767028809,0.953714394569397,0.8798824959004,0.8066519141197205,0.9120633244514466
2025-05-01 13:33:51.759424,1.850683331489563,0.8929627537727356,0.9089803695678711,0.7955251932144165,0.7316336631774902,0.8672925233840942,1.3231042623519897,0.8122982084751129,0.8881364464759827,1.5,1.0,1.0,1.9077948480792564,0.9680434703826905,0.953725790977478,0.8799302667431312,0.8067143797874451,0.9120379447937011
2025-05-01 13:33:51.860930,1.8507072925567627,0.8930171132087708,0.9089807868003845,0.7956187129020691,0.731747567653656,0.8673586249351501,1.323163002729416,0.8123823404312134,0.8881697058677673,1.5,1.0,1.0,1.9078113650607968,0.9680641770362854,0.9537129044532776,0.8799842382145022,0.8067946314811707,0.9120907425880432
2025-05-01 13:33:51.961249,1.850718379020691,0.893042266368866,0.9089707732200623,0.7956271171569824,0.731706440448761,0.8674749135971069,1.3231727480888367,0.8123743534088135,0.8882228434085846,1.5,1.0,1.0,1.907817004512685,0.9680925250053406,0.9536816358566285,0.879990293193919,0.8067566990852356,0.9121857762336731
2025-05-01 13:33:52.062885,1.8507013320922852,0.8930054306983948,0.9089654088020325,0.7955812811851501,0.7316529750823975,0.8673533797264099,1.3231413066387177,0.8123292028903961,0.8881593942642212,1.5,1.0,1.0,1.907805440618841,0.9680737495422364,0.953701651096344,0.8799641273476202,0.806721293926239,0.9120896220207214
2025-05-01 13:33:52.169877,1.850705623626709,0.8929988741874695,0.9089738726615906,0.7955889105796814,0.7316727042198181,0.8673557043075562,1.3231472671031952,0.8123357892036438,0.8881647884845734,1.5,1.0,1.0,1.9078087535668362,0.9680645585060119,0.9537079572677613,0.879967966956998,0.8067383885383606,0.9120897889137268
2025-05-01 13:33:52.271891,1.850710391998291,0.8929911851882935,0.908974826335907,0.7956050038337708,0.7317014932632446,0.8673685789108276,1.3231576979160309,0.812346339225769,0.8881717026233673,1.5,1.0,1.0,1.9078127814770551,0.9680526494979859,0.9537061452865601,0.8799764560221819,0.806762957572937,0.9120998978614807
2025-05-01 13:33:52.380049,1.8507041931152344,0.8929945826530457,0.9089667797088623,0.7956124544143677,0.7317116260528564,0.8673582673072815,1.323158323764801,0.812353104352951,0.8881625235080719,1.5,1.0,1.0,1.9078092145056487,0.9680533409118652,0.9537017703056335,0.8799807740121125,0.806770384311676,0.9120932579040527
2025-05-01 13:33:52.481039,1.8507076501846313,0.8930178284645081,0.9089637994766235,0.7955095171928406,0.7316489815711975,0.8673010468482971,1.323108583688736,0.8123334050178528,0.8881324231624603,1.5,1.0,1.0,1.9078085320598763,0.9680844664573669,0.9537108302116394,0.8799217683666067,0.8067156195640564,0.912048077583313
2025-05-01 13:33:52.583090,1.850692868232727,0.8929808735847473,0.9089735150337219,0.7955451011657715,0.731619656085968,0.8673689961433411,1.3231189846992493,0.8123002648353577,0.8881712555885315,1.5,1.0,1.0,1.9078002239679392,0.9680607676506042,0.9537050127983093,0.8799425576711599,0.8066995501518249,0.9121004939079285
2025-05-01 13:33:52.689574,1.8507122993469238,0.8930100202560425,0.9089815616607666,0.7956071496009827,0.7317376732826233,0.8673562407493591,1.3231597244739532,0.8123738467693329,0.8881689012050629,1.5,1.0,1.0,1.9078143004586599,0.9680604815483094,0.9537140011787415,0.8799773689100842,0.8067881345748902,0.912088680267334
2025-05-01 13:33:52.791716,1.850711703300476,0.8930265307426453,0.9089682698249817,0.7955480217933655,0.7316256165504456,0.8673785924911499,1.3231298625469208,0.8123260736465454,0.8881734311580658,1.5,1.0,1.0,1.9078104801519233,0.9680961012840271,0.9536988973617554,0.8799453549043815,0.8066951870918274,0.9121092200279236
2025-05-01 13:33:52.892351,1.850695252418518,0.892977237701416,0.908967137336731,0.7954636216163635,0.7315728068351746,0.8672995567321777,1.3230794370174408,0.8122750222682953,0.8881333470344543,1.5,1.0,1.0,1.9078000626597005,0.9680672287940979,0.9537137985229492,0.8798952617612283,0.8066627979278564,0.912046217918396
2025-05-01 13:33:52.999487,1.8507035970687866,0.8930030465126038,0.9089680314064026,0.7955601215362549,0.7316951751708984,0.8672916293144226,1.3231318593025208,0.8123491108417511,0.8881298303604126,1.5,1.0,1.0,1.9078077017320998,0.9680634021759034,0.9537160992622375,0.8799505294309251,0.806755530834198,0.9120396971702576
2025-05-01 13:33:53.100892,1.8507158756256104,0.8930351734161377,0.9089851975440979,0.7955679893493652,0.7316960692405701,0.8673735857009888,1.3231419324874878,0.8123656213283539,0.8881793916225433,1.5,1.0,1.0,1.9078146414630404,0.9680889248847961,0.9537134408950806,0.8799556775219449,0.8067498207092285,0.9121018290519715
2025-05-01 13:33:53.201163,1.8506938219070435,0.8929840326309204,0.9089772701263428,0.795595645904541,0.7317014932632446,0.8673623204231262,1.3231447339057922,0.8123427629470825,0.8881697952747345,1.5,1.0,1.0,1.9078029699747696,0.9680469274520874,0.953709352016449,0.8799707107121811,0.8067643880844116,0.9120944023132325
2025-05-01 13:33:53.301331,1.8506909608840942,0.8929746747016907,0.908972978591919,0.7954862713813782,0.7316223382949829,0.8672941327095032,1.3230886161327362,0.8122985064983368,0.8881335556507111,1.5,1.0,1.0,1.9077989077550987,0.968055272102356,0.9537195563316345,0.8799074316041847,0.8067029356956482,0.9120407104492188
2025-05-01 13:33:53.409628,1.8506953716278076,0.892979085445404,0.9089844822883606,0.7956411838531494,0.7317008376121521,0.8674655556678772,1.3231682777404785,0.8123399615287781,0.8882250189781189,1.5,1.0,1.0,1.9078046691501735,0.9680431008338928,0.953694474697113,0.8799972641384006,0.8067648530006408,0.9121755480766296
2025-05-01 13:33:53.509679,1.850707769393921,0.8930269479751587,0.9089848399162292,0.7956641912460327,0.7317571043968201,0.8674677610397339,1.3231859803199768,0.8123920261859894,0.8882263004779816,1.5,1.0,1.0,1.9078123500165212,0.968070137500763,0.9536943197250366,0.880010826367451,0.8068002939224244,0.9121772408485412
2025-05-01 13:33:53.611151,1.8506947755813599,0.8929757475852966,0.9089701771736145,0.7954075336456299,0.7315179705619812,0.8673399090766907,1.3230511546134949,0.8122468590736389,0.8881550431251526,1.5,1.0,1.0,1.9077985915796578,0.9680770039558411,0.9537081599235535,0.8798627939565361,0.8066192269325256,0.9120778918266297
2025-05-01 13:33:53.712649,1.8506972789764404,0.8929570317268372,0.9089663028717041,0.7955445647239685,0.731672465801239,0.8672909140586853,1.3231209218502045,0.8123147487640381,0.8881286084651947,1.5,1.0,1.0,1.9078046451944077,0.968031132221222,0.9537148594856262,0.8799404610258376,0.8067465662956238,0.9120394706726074
2025-05-01 13:33:53.819921,1.8507035970687866,0.8929759860038757,0.9089755415916443,0.795659065246582,0.7317110896110535,0.8674460649490356,1.3231813311576843,0.8123435378074646,0.88821080327034,1.5,1.0,1.0,1.9078099019493195,0.9680385708808898,0.9536912202835083,0.8800076954399016,0.8067736744880676,0.9121617436408996
2025-05-01 13:33:53.922172,1.8507221937179565,0.8930543065071106,0.9089884161949158,0.795663595199585,0.7317525744438171,0.8674743175506592,1.3231928944587708,0.8124034404754639,0.8882313668727875,1.5,1.0,1.0,1.907820101485268,0.968092930316925,0.9536958694458008,0.8800113718652569,0.8067911982536315,0.9121817708015442
2025-05-01 13:33:54.028988,1.8507171869277954,0.8930460214614868,0.9089664220809937,0.7956275939941406,0.7317241430282593,0.8674694895744324,1.323172390460968,0.812385082244873,0.888217955827713,1.5,1.0,1.0,1.9078166981471565,0.9680919885635376,0.9536792397499084,0.8799901704060051,0.8067701101303101,0.9121823072433471
2025-05-01 13:33:54.129257,1.8506803512573242,0.8929298520088196,0.9089769721031189,0.7954438924789429,0.7315821051597595,0.8673234581947327,1.3230621218681335,0.8122559785842896,0.8881502151489258,1.5,1.0,1.0,1.9077929559962448,0.9680274605751038,0.9537168860435485,0.8798815902455156,0.8066797137260437,0.9120633721351623
2025-05-01 13:33:54.229486,1.850704550743103,0.8930054306983948,0.9089819192886353,0.7956191301345825,0.7317427396774292,0.8673617839813232,1.3231618404388428,0.812374085187912,0.8881718516349792,1.5,1.0,1.0,1.9078099350133255,0.9680557966232299,0.9537131786346436,0.8799842735132858,0.8067931056022644,0.9120930433273315
2025-05-01 13:33:54.331630,1.8507217168807983,0.8930220603942871,0.9089823961257935,0.7956038117408752,0.7317076325416565,0.8673720359802246,1.3231627643108368,0.8123648464679718,0.888177216053009,1.5,1.0,1.0,1.907818827939007,0.9680761218070983,0.9537115097045898,0.8799764892339972,0.8067616939544677,0.912101149559021
